{"map_file_path": "grid_maps/Wiconisco/occ_grid_small.txt", "start_pos": [6, 93], "goal_pos": [61, 9], "robot_rows": [6, 6, 7, 9, 12, 14, 16, 17, 17, 17, 17, 17, 17, 17, 17, 17, 17, 17, 17, 17, 17, 17, 17, 17, 17, 17, 17, 17, 17, 17, 17, 17, 17, 17, 17, 17, 17, 17, 17, 17, 17, 17, 18, 20, 23, 26, 29, 32, 35, 38, 41, 44, 47, 50, 53, 56, 58, 60, 61, 61, 61, 61, 61, 61, 61, 61], "robot_cols": [93, 93, 93, 93, 93, 93, 93, 93, 93, 93, 92, 90, 87, 85, 82, 79, 76, 74, 71, 68, 65, 62, 59, 56, 53, 50, 47, 44, 41, 39, 36, 33, 30, 27, 24, 21, 18, 16, 14, 13, 13, 13, 13, 13, 13, 13, 13, 13, 13, 13, 13, 13, 13, 13, 13, 13, 13, 13, 13, 13, 13, 13, 12, 10, 9, 9], "robot_speeds": [0, 0, 1, 2, 3, 2, 2, 1, 0, 0, 1, 2, 3, 2, 3, 3, 3, 2, 3, 3, 3, 3, 3, 3, 3, 3, 3, 3, 3, 2, 3, 3, 3, 3, 3, 3, 3, 2, 2, 1, 0, 0, 1, 2, 3, 3, 3, 3, 3, 3, 3, 3, 3, 3, 3, 3, 2, 2, 1, 0, 0, 0, 1, 2, 1, 0], "robot_directions": [0, 3, 3, 3, 3, 3, 3, 3, 3, 0, 0, 0, 0, 0, 0, 0, 0, 0, 0, 0, 0, 0, 0, 0, 0, 0, 0, 0, 0, 0, 0, 0, 0, 0, 0, 0, 0, 0, 0, 0, 0, 3, 3, 3, 3, 3, 3, 3, 3, 3, 3, 3, 3, 3, 3, 3, 3, 3, 3, 3, 0, 0, 0, 0, 0, 0], "action_accs": [0, 1, 1, 1, -1, 0, -1, -1, 0, 1, 1, 1, -1, 1, 0, 0, -1, 1, 0, 0, 0, 0, 0, 0, 1, 0, 0, 0, -1, 1, 0, 0, 0, 0, 0, 0, -1, 0, -1, -1, 0, 1, 1, 1, 0, 0, 1, 0, 0, 0, 0, 0, 0, 0, 0, -1, 0, -1, -1, 0, 0, 1, 1, -1, -1], "action_rots": [-1, 0, 0, 0, 0, 0, 0, 0, 1, 0, 0, 0, 0, 0, 0, 0, 0, 0, 0, 0, 0, 0, 0, 0, 0, 0, 0, 0, 0, 0, 0, 0, 0, 0, 0, 0, 0, 0, 0, 0, -1, 0, 0, 0, 0, 0, 0, 0, 0, 0, 0, 0, 0, 0, 0, 0, 0, 0, 0, 1, 0, 0, 0, 0, 0], "steps": 65, "is_goal": true}