{"map_file_path": "grid_maps/Ihlen/occ_grid_small.txt", "start_pos": [26, 60], "goal_pos": [83, 65], "robot_rows": [26, 26, 26, 26, 25, 25, 25, 25, 25, 25, 25, 25, 25, 26, 28, 31, 34, 37, 40, 43, 46, 49, 52, 55, 58, 61, 64, 67, 70, 73, 75, 78, 80, 82, 83, 84, 84, 84, 84, 83, 82, 82, 82, 82, 82, 82, 82, 82, 82, 82, 82, 82, 82, 83, 83, 83, 83, 83], "robot_cols": [60, 60, 60, 60, 60, 60, 60, 59, 57, 55, 54, 54, 54, 54, 54, 54, 54, 54, 54, 54, 54, 54, 54, 54, 54, 54, 54, 54, 54, 54, 54, 54, 54, 54, 54, 54, 54, 54, 54, 54, 54, 54, 54, 55, 57, 60, 62, 64, 65, 66, 66, 66, 66, 66, 66, 66, 65, 65], "robot_speeds": [0, 0, 0, 0, 1, 0, 0, 1, 2, 2, 1, 0, 0, 1, 2, 3, 3, 3, 3, 3, 3, 3, 3, 3, 3, 3, 3, 3, 3, 3, 2, 3, 2, 2, 1, 1, 0, 0, 0, 1, 1, 0, 0, 1, 2, 3, 2, 2, 1, 1, 0, 0, 0, 1, 0, 0, 1, 0], "robot_directions": [0, 0, 1, 1, 1, 1, 0, 0, 0, 0, 0, 0, 3, 3, 3, 3, 3, 3, 3, 3, 3, 3, 3, 3, 3, 3, 3, 3, 3, 3, 3, 3, 3, 3, 3, 3, 3, 0, 1, 1, 1, 1, 2, 2, 2, 2, 2, 2, 2, 2, 2, 3, 3, 3, 3, 0, 0, 0], "action_accs": [-1, 0, 0, 1, -1, 0, 1, 1, 0, -1, -1, 0, 1, 1, 1, 0, 0, 0, 0, 0, 0, 0, 0, 0, 0, 0, 0, 0, 0, -1, 1, -1, 0, -1, 0, -1, 0, 0, 1, 0, -1, 0, 1, 1, 1, -1, 0, -1, 0, -1, 0, 0, 1, -1, 0, 1, -1], "action_rots": [0, 1, 0, 0, 0, -1, 0, 0, 0, 0, 0, -1, 0, 0, 0, 0, 0, 0, 0, 0, 0, 0, 0, 0, 0, 0, 0, 0, 0, 0, 0, 0, 0, 0, 0, 0, 1, 1, 0, 0, 0, 1, 0, 0, 0, 0, 0, 0, 0, 0, 1, 0, 0, 0, 1, 0, 0], "steps": 57, "is_goal": true}