{"map_file_path": "grid_maps/Wiconisco/occ_grid_small.txt", "start_pos": [39, 65], "goal_pos": [52, 1], "robot_rows": [39, 39, 39, 39, 39, 39, 39, 39, 39, 39, 39, 39, 40, 42, 45, 48, 50, 51, 52, 54, 55, 55, 55, 55, 54, 53, 53, 53, 53, 53, 53, 53, 53, 53, 53, 53, 53, 53, 53, 53, 53, 53, 52, 50, 48, 47, 46, 46, 46, 46, 46, 46, 46, 46, 46, 46, 46, 46, 46, 46, 46, 46, 46, 46, 46, 46, 46, 46, 46, 46, 47, 49, 51, 52, 52], "robot_cols": [65, 65, 65, 65, 66, 68, 71, 73, 74, 75, 75, 75, 75, 75, 75, 75, 75, 75, 75, 75, 75, 75, 75, 75, 75, 75, 75, 75, 74, 72, 69, 66, 63, 60, 57, 54, 51, 49, 48, 48, 48, 48, 48, 48, 48, 48, 48, 48, 48, 47, 45, 42, 39, 36, 33, 31, 29, 26, 23, 20, 17, 14, 11, 8, 5, 3, 2, 1, 1, 1, 1, 1, 1, 1, 1], "robot_speeds": [0, 0, 0, 0, 1, 2, 3, 2, 1, 1, 0, 0, 1, 2, 3, 3, 2, 1, 1, 2, 1, 0, 0, 0, 1, 1, 0, 0, 1, 2, 3, 3, 3, 3, 3, 3, 3, 2, 1, 0, 0, 0, 1, 2, 2, 1, 1, 0, 0, 1, 2, 3, 3, 3, 3, 2, 2, 3, 3, 3, 3, 3, 3, 3, 3, 2, 1, 1, 0, 0, 1, 2, 2, 1, 0], "robot_directions": [0, 0, 3, 2, 2, 2, 2, 2, 2, 2, 2, 3, 3, 3, 3, 3, 3, 3, 3, 3, 3, 3, 0, 1, 1, 1, 1, 0, 0, 0, 0, 0, 0, 0, 0, 0, 0, 0, 0, 0, 0, 1, 1, 1, 1, 1, 1, 1, 0, 0, 0, 0, 0, 0, 0, 0, 0, 0, 0, 0, 0, 0, 0, 0, 0, 0, 0, 0, 0, 3, 3, 3, 3, 3, 3], "action_accs": [-1, 0, 0, 1, 1, 1, -1, -1, 0, -1, 0, 1, 1, 1, 0, -1, -1, 0, 1, -1, -1, 0, 0, 1, 0, -1, 0, 1, 1, 1, 0, 0, 0, 0, 0, 0, -1, -1, -1, 0, 0, 1, 1, 0, -1, 0, -1, 0, 1, 1, 1, 0, 0, 0, -1, 0, 1, 0, 0, 0, 1, 0, 0, 0, -1, -1, 0, -1, 0, 1, 1, 0, -1, -1], "action_rots": [0, -1, -1, 0, 0, 0, 0, 0, 0, 0, 1, 0, 0, 0, 0, 0, 0, 0, 0, 0, 0, 1, 1, 0, 0, 0, -1, 0, 0, 0, 0, 0, 0, 0, 0, 0, 0, 0, 0, 0, 1, 0, 0, 0, 0, 0, 0, -1, 0, 0, 0, 0, 0, 0, 0, 0, 0, 0, 0, 0, 0, 0, 0, 0, 0, 0, 0, 0, -1, 0, 0, 0, 0, 0], "steps": 74, "is_goal": true}