{"map_file_path": "grid_maps/Wiconisco/occ_grid_small.txt", "start_pos": [55, 66], "goal_pos": [79, 29], "robot_rows": [55, 55, 54, 53, 53, 53, 53, 53, 53, 53, 53, 53, 53, 53, 53, 53, 53, 52, 51, 50, 50, 50, 50, 50, 50, 50, 50, 50, 50, 51, 53, 56, 59, 62, 65, 67, 70, 73, 76, 78, 79, 79, 79, 79, 79, 79, 79, 79, 79, 79, 79, 79, 79, 79, 79, 79, 79, 79, 79], "robot_cols": [66, 66, 66, 66, 66, 66, 65, 63, 60, 57, 54, 51, 49, 48, 47, 47, 47, 47, 47, 47, 47, 47, 46, 44, 41, 39, 39, 39, 39, 39, 39, 39, 39, 39, 39, 39, 39, 39, 39, 39, 39, 39, 39, 38, 36, 33, 31, 29, 28, 28, 28, 28, 29, 30, 30, 30, 30, 29, 29], "robot_speeds": [0, 0, 1, 1, 0, 0, 1, 2, 3, 3, 3, 3, 2, 1, 1, 0, 0, 1, 1, 1, 0, 0, 1, 2, 3, 2, 0, 0, 0, 1, 2, 3, 3, 3, 3, 2, 3, 3, 3, 2, 1, 0, 0, 1, 2, 3, 2, 2, 1, 0, 0, 0, 1, 1, 0, 0, 0, 1, 0], "robot_directions": [0, 1, 1, 1, 1, 0, 0, 0, 0, 0, 0, 0, 0, 0, 0, 0, 1, 1, 1, 1, 1, 0, 0, 0, 0, 0, 0, 3, 3, 3, 3, 3, 3, 3, 3, 3, 3, 3, 3, 3, 3, 3, 0, 0, 0, 0, 0, 0, 0, 0, 3, 2, 2, 2, 2, 3, 0, 0, 0], "action_accs": [0, 1, 0, -1, 0, 1, 1, 1, 0, 0, 0, -1, -1, 0, -1, 0, 1, 0, 0, -1, 0, 1, 1, 1, -1, -1, 0, 0, 1, 1, 1, 0, 0, 0, -1, 1, 0, 0, -1, -1, -1, 0, 1, 1, 1, -1, 0, -1, -1, 0, 0, 1, 0, -1, 0, 0, 1, -1], "action_rots": [1, 0, 0, 0, -1, 0, 0, 0, 0, 0, 0, 0, 0, 0, 0, 1, 0, 0, 0, 0, -1, 0, 0, 0, 0, 0, -1, 0, 0, 0, 0, 0, 0, 0, 0, 0, 0, 0, 0, 0, 0, 1, 0, 0, 0, 0, 0, 0, 0, -1, -1, 0, 0, 0, 1, 1, 0, 0], "steps": 58, "is_goal": true}