{"map_file_path": "grid_maps/Ihlen/occ_grid_small.txt", "start_pos": [78, 64], "goal_pos": [31, 55], "robot_rows": [78, 78, 78, 79, 79, 79, 79, 79, 79, 79, 79, 79, 79, 78, 76, 73, 70, 67, 64, 61, 59, 56, 53, 50, 47, 44, 41, 38, 35, 33, 32, 31, 31], "robot_cols": [64, 64, 64, 64, 64, 64, 63, 61, 58, 56, 55, 55, 55, 55, 55, 55, 55, 55, 55, 55, 55, 55, 55, 55, 55, 55, 55, 55, 55, 55, 55, 55, 55], "robot_speeds": [0, 0, 0, 1, 0, 0, 1, 2, 3, 2, 1, 0, 0, 1, 2, 3, 3, 3, 3, 3, 2, 3, 3, 3, 3, 3, 3, 3, 3, 2, 1, 1, 0], "robot_directions": [0, 0, 3, 3, 3, 0, 0, 0, 0, 0, 0, 0, 1, 1, 1, 1, 1, 1, 1, 1, 1, 1, 1, 1, 1, 1, 1, 1, 1, 1, 1, 1, 1], "action_accs": [-1, 0, 1, -1, 0, 1, 1, 1, -1, -1, -1, 0, 1, 1, 1, 0, 0, 0, 0, -1, 1, 1, 0, 1, 0, 0, 0, 0, -1, -1, 0, -1], "action_rots": [0, -1, 0, 0, 1, 0, 0, 0, 0, 0, 0, 1, 0, 0, 0, 0, 0, 0, 0, 0, 0, 0, 0, 0, 0, 0, 0, 0, 0, 0, 0, 0], "steps": 32, "is_goal": true}