{"map_file_path": "grid_maps/Wiconisco/occ_grid_small.txt", "start_pos": [67, 12], "goal_pos": [27, 47], "robot_rows": [67, 67, 67, 67, 67, 67, 67, 66, 64, 61, 58, 56, 53, 50, 47, 44, 42, 39, 36, 33, 30, 28, 27, 27, 27, 27, 27, 27, 27, 27, 27, 27, 27, 27, 27, 27, 27, 27, 27], "robot_cols": [12, 12, 12, 13, 14, 14, 14, 14, 14, 14, 14, 14, 14, 14, 14, 14, 14, 14, 14, 14, 14, 14, 14, 14, 14, 15, 17, 20, 23, 26, 29, 32, 35, 38, 41, 44, 46, 47, 47], "robot_speeds": [0, 0, 0, 1, 1, 0, 0, 1, 2, 3, 3, 2, 3, 3, 3, 3, 2, 3, 3, 3, 3, 2, 1, 0, 0, 1, 2, 3, 3, 3, 3, 3, 3, 3, 3, 3, 2, 1, 0], "robot_directions": [0, 3, 2, 2, 2, 2, 1, 1, 1, 1, 1, 1, 1, 1, 1, 1, 1, 1, 1, 1, 1, 1, 1, 1, 2, 2, 2, 2, 2, 2, 2, 2, 2, 2, 2, 2, 2, 2, 2], "action_accs": [0, 0, 1, 0, -1, 0, 1, 1, 1, 0, -1, 1, 0, 0, 0, -1, 1, 1, 0, 0, -1, -1, -1, 0, 1, 1, 1, 0, 0, 0, 0, 0, 0, 0, 0, -1, -1, -1], "action_rots": [-1, -1, 0, 0, 0, -1, 0, 0, 0, 0, 0, 0, 0, 0, 0, 0, 0, 0, 0, 0, 0, 0, 0, 1, 0, 0, 0, 0, 0, 0, 0, 0, 0, 0, 0, 0, 0, 0], "steps": 38, "is_goal": true}