{"map_file_path": "grid_maps/Ihlen/occ_grid_small.txt", "start_pos": [16, 51], "goal_pos": [96, 95], "robot_rows": [16, 16, 16, 17, 19, 22, 25, 28, 31, 34, 37, 39, 42, 45, 48, 51, 54, 57, 60, 63, 65, 68, 70, 73, 76, 79, 81, 82, 83, 83, 83, 83, 83, 83, 83, 83, 83, 83, 83, 83, 83, 83, 83, 83, 83, 83, 83, 83, 83, 83, 83, 84, 86, 89, 91, 92, 92, 92, 92, 92, 92, 92, 92, 92, 93, 95, 96, 96], "robot_cols": [51, 51, 51, 51, 51, 51, 51, 51, 51, 51, 51, 51, 51, 51, 51, 51, 51, 51, 51, 51, 51, 51, 51, 51, 51, 51, 51, 51, 51, 51, 51, 52, 54, 57, 60, 63, 66, 69, 72, 75, 78, 81, 84, 87, 89, 90, 90, 91, 91, 91, 91, 91, 91, 91, 91, 91, 91, 91, 91, 92, 94, 95, 95, 95, 95, 95, 95, 95], "robot_speeds": [0, 0, 0, 1, 2, 3, 3, 3, 3, 3, 3, 2, 3, 3, 3, 3, 3, 3, 3, 3, 2, 3, 2, 3, 3, 3, 2, 1, 1, 0, 0, 1, 2, 3, 3, 3, 3, 3, 3, 3, 3, 3, 3, 3, 2, 1, 0, 1, 0, 0, 0, 1, 2, 3, 2, 1, 0, 0, 0, 1, 2, 1, 0, 0, 1, 2, 1, 0], "robot_directions": [0, 0, 3, 3, 3, 3, 3, 3, 3, 3, 3, 3, 3, 3, 3, 3, 3, 3, 3, 3, 3, 3, 3, 3, 3, 3, 3, 3, 3, 3, 2, 2, 2, 2, 2, 2, 2, 2, 2, 2, 2, 2, 2, 2, 2, 2, 2, 2, 2, 3, 3, 3, 3, 3, 3, 3, 3, 3, 2, 2, 2, 2, 2, 3, 3, 3, 3, 3], "action_accs": [-1, 0, 1, 1, 1, 0, 0, 0, 0, 0, -1, 1, 0, 0, 0, 0, 0, 0, 0, -1, 1, -1, 1, 0, 0, -1, -1, 0, -1, 0, 1, 1, 1, 0, 0, 0, 0, 0, 0, 0, 0, 0, 0, -1, -1, 1, 1, -1, 0, 0, 1, 1, 1, -1, -1, -1, 0, 0, 1, 1, -1, -1, 0, 1, 1, -1, -1], "action_rots": [0, -1, 0, 0, 0, 0, 0, 0, 0, 0, 0, 0, 0, 0, 0, 0, 0, 0, 0, 0, 0, 0, 0, 0, 0, 0, 0, 0, 0, -1, 0, 0, 0, 0, 0, 0, 0, 0, 0, 0, 0, 0, 0, 0, 0, 0, 0, 0, 1, 0, 0, 0, 0, 0, 0, 0, 0, -1, 0, 0, 0, 0, 1, 0, 0, 0, 0], "steps": 67, "is_goal": true}