{"map_file_path": "grid_maps/Wiconisco/occ_grid_small.txt", "start_pos": [45, 45], "goal_pos": [30, 8], "robot_rows": [45, 45, 45, 45, 45, 45, 45, 45, 45, 45, 45, 45, 45, 45, 45, 45, 45, 45, 45, 44, 42, 39, 36, 34, 32, 31, 30, 30], "robot_cols": [45, 45, 44, 42, 39, 36, 33, 30, 27, 24, 21, 18, 15, 12, 10, 9, 8, 8, 8, 8, 8, 8, 8, 8, 8, 8, 8, 8], "robot_speeds": [0, 0, 1, 2, 3, 3, 3, 3, 3, 3, 3, 3, 3, 3, 2, 1, 1, 0, 0, 1, 2, 3, 3, 2, 2, 1, 1, 0], "robot_directions": [0, 0, 0, 0, 0, 0, 0, 0, 0, 0, 0, 0, 0, 0, 0, 0, 0, 0, 1, 1, 1, 1, 1, 1, 1, 1, 1, 1], "action_accs": [-1, 1, 1, 1, 0, 0, 0, 0, 0, 0, 0, 0, 0, -1, -1, 0, -1, 0, 1, 1, 1, 0, -1, 0, -1, 0, -1], "action_rots": [0, 0, 0, 0, 0, 0, 0, 0, 0, 0, 0, 0, 0, 0, 0, 0, 0, 1, 0, 0, 0, 0, 0, 0, 0, 0, 0], "steps": 27, "is_goal": true}