{"map_file_path": "grid_maps/Wiconisco/occ_grid_small.txt", "start_pos": [93, 35], "goal_pos": [1, 57], "robot_rows": [93, 93, 93, 93, 93, 93, 93, 93, 93, 93, 92, 90, 87, 84, 81, 79, 76, 73, 70, 67, 64, 61, 58, 55, 52, 49, 46, 43, 40, 37, 34, 31, 28, 25, 23, 21, 19, 18, 18, 18, 18, 18, 18, 18, 18, 18, 18, 18, 18, 18, 18, 17, 15, 12, 9, 6, 4, 2, 1, 1], "robot_cols": [35, 35, 35, 35, 35, 36, 38, 39, 39, 39, 39, 39, 39, 39, 39, 39, 39, 39, 39, 39, 39, 39, 39, 39, 39, 39, 39, 39, 39, 39, 39, 39, 39, 39, 39, 39, 39, 39, 39, 39, 40, 42, 45, 48, 51, 54, 56, 57, 57, 57, 57, 57, 57, 57, 57, 57, 57, 57, 57, 57], "robot_speeds": [0, 0, 0, 0, 0, 1, 2, 1, 0, 0, 1, 2, 3, 3, 3, 2, 3, 3, 3, 3, 3, 3, 3, 3, 3, 3, 3, 3, 3, 3, 3, 3, 3, 3, 2, 2, 2, 1, 0, 0, 1, 2, 3, 3, 3, 3, 2, 1, 0, 0, 0, 1, 2, 3, 3, 3, 2, 2, 1, 0], "robot_directions": [0, 0, 0, 3, 2, 2, 2, 2, 2, 1, 1, 1, 1, 1, 1, 1, 1, 1, 1, 1, 1, 1, 1, 1, 1, 1, 1, 1, 1, 1, 1, 1, 1, 1, 1, 1, 1, 1, 1, 2, 2, 2, 2, 2, 2, 2, 2, 2, 2, 1, 1, 1, 1, 1, 1, 1, 1, 1, 1, 1], "action_accs": [-1, 0, 0, 0, 1, 1, -1, -1, 0, 1, 1, 1, 0, 0, -1, 1, 0, 0, 1, 0, 0, 0, 0, 0, 0, 0, 0, 0, 0, 0, 0, 1, 0, -1, 0, 0, -1, -1, 0, 1, 1, 1, 1, 0, 0, -1, -1, -1, 0, 0, 1, 1, 1, 0, 0, -1, 0, -1, -1], "action_rots": [0, 0, -1, -1, 0, 0, 0, 0, -1, 0, 0, 0, 0, 0, 0, 0, 0, 0, 0, 0, 0, 0, 0, 0, 0, 0, 0, 0, 0, 0, 0, 0, 0, 0, 0, 0, 0, 0, 1, 0, 0, 0, 0, 0, 0, 0, 0, 0, -1, 0, 0, 0, 0, 0, 0, 0, 0, 0, 0], "steps": 59, "is_goal": true}