{"map_file_path": "grid_maps/Wiconisco/occ_grid_small.txt", "start_pos": [56, 75], "goal_pos": [40, 32], "robot_rows": [56, 56, 55, 54, 54, 54, 54, 54, 54, 54, 54, 54, 54, 54, 54, 54, 54, 54, 54, 54, 54, 53, 51, 48, 45, 43, 41, 40, 40, 40, 40, 40, 40, 40, 40, 40, 40, 40, 40], "robot_cols": [75, 75, 75, 75, 75, 75, 74, 72, 69, 66, 63, 60, 57, 54, 51, 49, 48, 48, 48, 48, 48, 48, 48, 48, 48, 48, 48, 48, 48, 48, 47, 45, 42, 39, 36, 34, 33, 32, 32], "robot_speeds": [0, 0, 1, 1, 0, 0, 1, 2, 3, 3, 3, 3, 3, 3, 3, 2, 1, 0, 0, 0, 0, 1, 2, 3, 3, 2, 2, 1, 0, 0, 1, 2, 3, 3, 3, 2, 1, 1, 0], "robot_directions": [0, 1, 1, 1, 1, 0, 0, 0, 0, 0, 0, 0, 0, 0, 0, 0, 0, 0, 0, 1, 1, 1, 1, 1, 1, 1, 1, 1, 1, 0, 0, 0, 0, 0, 0, 0, 0, 0, 0], "action_accs": [0, 1, 0, -1, 0, 1, 1, 1, 0, 0, 0, 1, 0, 0, -1, -1, -1, 0, 0, 0, 1, 1, 1, 0, -1, 0, -1, -1, 0, 1, 1, 1, 0, 0, -1, -1, 0, -1], "action_rots": [1, 0, 0, 0, -1, 0, 0, 0, 0, 0, 0, 0, 0, 0, 0, 0, 0, 0, 1, 0, 0, 0, 0, 0, 0, 0, 0, 0, -1, 0, 0, 0, 0, 0, 0, 0, 0, 0], "steps": 38, "is_goal": true}