{"map_file_path": "grid_maps/Ihlen/occ_grid_small.txt", "start_pos": [93, 95], "goal_pos": [5, 28], "robot_rows": [93, 93, 93, 92, 92, 92, 92, 92, 92, 92, 92, 91, 89, 86, 84, 83, 83, 83, 83, 83, 83, 83, 83, 83, 83, 83, 83, 83, 83, 83, 83, 83, 83, 83, 83, 83, 83, 83, 82, 80, 78, 75, 72, 69, 66, 63, 60, 57, 54, 51, 48, 45, 42, 39, 36, 33, 30, 27, 24, 21, 18, 15, 12, 9, 7, 6, 5, 5, 5, 5, 5, 5, 5, 5, 5, 5, 5, 5, 5, 5], "robot_cols": [95, 95, 95, 95, 95, 95, 94, 92, 91, 91, 91, 91, 91, 91, 91, 91, 91, 91, 90, 88, 86, 83, 80, 78, 75, 72, 69, 66, 63, 60, 57, 55, 53, 52, 51, 51, 51, 51, 51, 51, 51, 51, 51, 51, 51, 51, 51, 51, 51, 51, 51, 51, 51, 51, 51, 51, 51, 51, 51, 51, 51, 51, 51, 51, 51, 51, 51, 51, 51, 50, 48, 45, 42, 39, 36, 33, 31, 29, 28, 28], "robot_speeds": [0, 0, 0, 1, 0, 0, 1, 2, 1, 0, 0, 1, 2, 3, 2, 1, 0, 0, 1, 2, 2, 3, 3, 2, 3, 3, 3, 3, 3, 3, 3, 2, 2, 1, 1, 0, 0, 0, 1, 2, 2, 3, 3, 3, 3, 3, 3, 3, 3, 3, 3, 3, 3, 3, 3, 3, 3, 3, 3, 3, 3, 3, 3, 3, 2, 1, 1, 0, 0, 1, 2, 3, 3, 3, 3, 3, 2, 2, 1, 0], "robot_directions": [0, 0, 1, 1, 1, 0, 0, 0, 0, 0, 1, 1, 1, 1, 1, 1, 1, 0, 0, 0, 0, 0, 0, 0, 0, 0, 0, 0, 0, 0, 0, 0, 0, 0, 0, 0, 1, 1, 1, 1, 1, 1, 1, 1, 1, 1, 1, 1, 1, 1, 1, 1, 1, 1, 1, 1, 1, 1, 1, 1, 1, 1, 1, 1, 1, 1, 1, 1, 0, 0, 0, 0, 0, 0, 0, 0, 0, 0, 0, 0], "action_accs": [0, 0, 1, -1, 0, 1, 1, -1, -1, 0, 1, 1, 1, -1, -1, -1, 0, 1, 1, 0, 1, 0, -1, 1, 0, 0, 0, 0, 0, 0, -1, 0, -1, 0, -1, 0, 0, 1, 1, 0, 1, 1, 0, 0, 0, 0, 0, 0, 0, 0, 0, 0, 0, 0, 0, 0, 0, 0, 0, 0, 0, 0, 0, -1, -1, 0, -1, 0, 1, 1, 1, 0, 1, 0, 0, -1, 0, -1, -1], "action_rots": [0, 1, 0, 0, -1, 0, 0, 0, 0, 1, 0, 0, 0, 0, 0, 0, -1, 0, 0, 0, 0, 0, 0, 0, 0, 0, 0, 0, 0, 0, 0, 0, 0, 0, 0, 1, 0, 0, 0, 0, 0, 0, 0, 0, 0, 0, 0, 0, 0, 0, 0, 0, 0, 0, 0, 0, 0, 0, 0, 0, 0, 0, 0, 0, 0, 0, 0, -1, 0, 0, 0, 0, 0, 0, 0, 0, 0, 0, 0], "steps": 79, "is_goal": true}