{"map_file_path": "grid_maps/Ihlen/occ_grid_small.txt", "start_pos": [79, 28], "goal_pos": [28, 78], "robot_rows": [79, 79, 79, 79, 79, 79, 79, 79, 79, 79, 79, 79, 79, 79, 79, 79, 79, 79, 79, 79, 79, 78, 76, 73, 70, 67, 64, 61, 58, 55, 52, 50, 49, 49, 49, 49, 49, 49, 49, 49, 49, 49, 49, 49, 49, 49, 49, 49, 49, 48, 46, 43, 40, 38, 36, 33, 31, 30, 29, 27, 25, 24, 24, 24, 24, 25, 27, 28, 29, 30, 30, 30, 30, 29, 28, 28], "robot_cols": [28, 28, 28, 28, 28, 29, 30, 32, 35, 38, 41, 44, 47, 50, 52, 53, 54, 54, 54, 54, 54, 54, 54, 54, 54, 54, 54, 54, 54, 54, 54, 54, 54, 54, 54, 55, 57, 60, 63, 66, 69, 72, 74, 76, 77, 78, 78, 78, 78, 78, 78, 78, 78, 78, 78, 78, 78, 78, 78, 78, 78, 78, 78, 78, 78, 78, 78, 78, 78, 78, 78, 78, 78, 78, 78, 78], "robot_speeds": [0, 0, 0, 0, 0, 1, 1, 2, 3, 3, 3, 3, 3, 3, 2, 1, 1, 0, 0, 0, 0, 1, 2, 3, 3, 3, 3, 3, 3, 3, 3, 2, 1, 0, 0, 1, 2, 3, 3, 3, 3, 3, 2, 2, 1, 1, 0, 0, 0, 1, 2, 3, 3, 2, 2, 3, 2, 1, 1, 2, 2, 1, 0, 0, 0, 1, 2, 1, 1, 1, 0, 0, 0, 1, 1, 0], "robot_directions": [0, 0, 3, 3, 2, 2, 2, 2, 2, 2, 2, 2, 2, 2, 2, 2, 2, 2, 1, 1, 1, 1, 1, 1, 1, 1, 1, 1, 1, 1, 1, 1, 1, 1, 2, 2, 2, 2, 2, 2, 2, 2, 2, 2, 2, 2, 2, 2, 1, 1, 1, 1, 1, 1, 1, 1, 1, 1, 1, 1, 1, 1, 1, 0, 3, 3, 3, 3, 3, 3, 3, 0, 1, 1, 1, 1], "action_accs": [-1, 0, 0, 0, 1, 0, 1, 1, 0, 0, 0, 0, 0, -1, -1, 0, -1, 0, 0, 0, 1, 1, 1, 0, 0, 0, 0, 0, 0, 0, -1, -1, -1, 0, 1, 1, 1, 0, 0, 0, 0, -1, 0, -1, 0, -1, 0, 0, 1, 1, 1, 0, -1, 0, 1, -1, -1, 0, 1, 0, -1, -1, 0, 0, 1, 1, -1, 0, 0, -1, 0, 0, 1, 0, -1], "action_rots": [0, -1, 0, -1, 0, 0, 0, 0, 0, 0, 0, 0, 0, 0, 0, 0, 0, -1, 0, 0, 0, 0, 0, 0, 0, 0, 0, 0, 0, 0, 0, 0, 0, 1, 0, 0, 0, 0, 0, 0, 0, 0, 0, 0, 0, 0, 0, -1, 0, 0, 0, 0, 0, 0, 0, 0, 0, 0, 0, 0, 0, 0, -1, -1, 0, 0, 0, 0, 0, 0, 1, 1, 0, 0, 0], "steps": 75, "is_goal": true}