{"map_file_path": "grid_maps/Ihlen/occ_grid_small.txt", "start_pos": [49, 33], "goal_pos": [52, 86], "robot_rows": [49, 49, 49, 49, 49, 49, 49, 49, 49, 49, 49, 49, 49, 49, 49, 49, 49, 49, 49, 49, 49, 49, 49, 49, 49, 49, 49, 50, 51, 52, 52], "robot_cols": [33, 33, 33, 33, 34, 35, 37, 40, 43, 46, 49, 52, 55, 57, 60, 63, 66, 69, 72, 75, 78, 81, 83, 85, 86, 86, 86, 86, 86, 86, 86], "robot_speeds": [0, 0, 0, 0, 1, 1, 2, 3, 3, 3, 3, 3, 3, 2, 3, 3, 3, 3, 3, 3, 3, 3, 2, 2, 1, 0, 0, 1, 1, 1, 0], "robot_directions": [0, 0, 3, 2, 2, 2, 2, 2, 2, 2, 2, 2, 2, 2, 2, 2, 2, 2, 2, 2, 2, 2, 2, 2, 2, 2, 3, 3, 3, 3, 3], "action_accs": [-1, 0, 0, 1, 0, 1, 1, 0, 0, 0, 0, 0, -1, 1, 0, 0, 0, 0, 0, 0, 1, -1, 0, -1, -1, 0, 1, 0, 0, -1], "action_rots": [0, -1, -1, 0, 0, 0, 0, 0, 0, 0, 0, 0, 0, 0, 0, 0, 0, 0, 0, 0, 0, 0, 0, 0, 0, 1, 0, 0, 0, 0], "steps": 30, "is_goal": true}