{"map_file_path": "grid_maps/Wiconisco/occ_grid_small.txt", "start_pos": [2, 57], "goal_pos": [59, 11], "robot_rows": [2, 2, 3, 4, 6, 9, 12, 15, 17, 18, 18, 18, 18, 18, 18, 18, 18, 18, 18, 18, 18, 18, 18, 18, 18, 18, 18, 18, 18, 18, 18, 18, 19, 21, 24, 27, 30, 33, 36, 38, 41, 44, 47, 50, 53, 56, 58, 60, 61, 61, 61, 61, 61, 61, 61, 60, 59, 59], "robot_cols": [57, 57, 57, 57, 57, 57, 57, 57, 57, 57, 57, 57, 56, 55, 53, 50, 47, 44, 41, 38, 35, 32, 29, 26, 23, 20, 17, 15, 14, 13, 13, 13, 13, 13, 13, 13, 13, 13, 13, 13, 13, 13, 13, 13, 13, 13, 13, 13, 13, 13, 13, 12, 11, 11, 11, 11, 11, 11], "robot_speeds": [0, 0, 1, 1, 2, 3, 3, 3, 2, 1, 0, 0, 1, 1, 2, 3, 3, 3, 3, 3, 3, 3, 3, 3, 3, 3, 3, 2, 1, 1, 0, 0, 1, 2, 3, 3, 3, 3, 3, 2, 3, 3, 3, 3, 3, 3, 2, 2, 1, 0, 0, 1, 1, 0, 0, 1, 1, 0], "robot_directions": [0, 3, 3, 3, 3, 3, 3, 3, 3, 3, 3, 0, 0, 0, 0, 0, 0, 0, 0, 0, 0, 0, 0, 0, 0, 0, 0, 0, 0, 0, 0, 3, 3, 3, 3, 3, 3, 3, 3, 3, 3, 3, 3, 3, 3, 3, 3, 3, 3, 3, 0, 0, 0, 0, 1, 1, 1, 1], "action_accs": [0, 1, 0, 1, 1, 0, 0, -1, -1, -1, 0, 1, 0, 1, 1, 0, 0, 0, 0, 0, 0, 0, 0, 0, 0, 0, -1, -1, 0, -1, 0, 1, 1, 1, 0, 0, 0, 0, -1, 1, 0, 0, 0, 0, 0, -1, 0, -1, -1, 0, 1, 0, -1, 0, 1, 0, -1], "action_rots": [-1, 0, 0, 0, 0, 0, 0, 0, 0, 0, 1, 0, 0, 0, 0, 0, 0, 0, 0, 0, 0, 0, 0, 0, 0, 0, 0, 0, 0, 0, -1, 0, 0, 0, 0, 0, 0, 0, 0, 0, 0, 0, 0, 0, 0, 0, 0, 0, 0, 1, 0, 0, 0, 1, 0, 0, 0], "steps": 57, "is_goal": true}