{"map_file_path": "grid_maps/Wiconisco/occ_grid_small.txt", "start_pos": [41, 74], "goal_pos": [22, 32], "robot_rows": [41, 41, 41, 41, 41, 41, 41, 41, 42, 44, 47, 50, 52, 53, 53, 53, 53, 53, 53, 53, 53, 53, 53, 53, 53, 53, 53, 53, 53, 53, 53, 52, 50, 47, 44, 41, 38, 35, 32, 29, 26, 24, 23, 22, 22, 22, 22, 22, 22, 22, 22, 22, 22, 22, 22, 22, 22, 22, 22, 22, 22, 22, 22, 22], "robot_cols": [74, 74, 74, 75, 76, 77, 77, 77, 77, 77, 77, 77, 77, 77, 77, 77, 77, 76, 74, 71, 68, 65, 62, 59, 56, 53, 50, 48, 47, 47, 47, 47, 47, 47, 47, 47, 47, 47, 47, 47, 47, 47, 47, 47, 47, 47, 46, 44, 41, 38, 35, 32, 30, 28, 27, 27, 27, 27, 27, 28, 30, 31, 32, 32], "robot_speeds": [0, 0, 0, 1, 1, 1, 0, 0, 1, 2, 3, 3, 2, 1, 0, 0, 0, 1, 2, 3, 3, 3, 3, 3, 3, 3, 3, 2, 1, 0, 0, 1, 2, 3, 3, 3, 3, 3, 3, 3, 3, 2, 1, 1, 0, 0, 1, 2, 3, 3, 3, 3, 2, 2, 1, 0, 0, 0, 0, 1, 2, 1, 1, 0], "robot_directions": [0, 3, 2, 2, 2, 2, 2, 3, 3, 3, 3, 3, 3, 3, 3, 3, 0, 0, 0, 0, 0, 0, 0, 0, 0, 0, 0, 0, 0, 0, 1, 1, 1, 1, 1, 1, 1, 1, 1, 1, 1, 1, 1, 1, 1, 0, 0, 0, 0, 0, 0, 0, 0, 0, 0, 0, 0, 3, 2, 2, 2, 2, 2, 2], "action_accs": [0, 0, 1, 0, 0, -1, 0, 1, 1, 1, 0, -1, -1, -1, 0, 0, 1, 1, 1, 0, 0, 0, 0, 0, 0, 0, -1, -1, -1, 0, 1, 1, 1, 0, 0, 0, 0, 1, 0, 0, -1, -1, 0, -1, 0, 1, 1, 1, 0, 0, 0, -1, 0, -1, -1, 0, 0, 0, 1, 1, -1, 0, -1], "action_rots": [-1, -1, 0, 0, 0, 0, 1, 0, 0, 0, 0, 0, 0, 0, 0, 1, 0, 0, 0, 0, 0, 0, 0, 0, 0, 0, 0, 0, 0, 1, 0, 0, 0, 0, 0, 0, 0, 0, 0, 0, 0, 0, 0, 0, -1, 0, 0, 0, 0, 0, 0, 0, 0, 0, 0, 0, -1, -1, 0, 0, 0, 0, 0], "steps": 63, "is_goal": true}