{"map_file_path": "grid_maps/Ihlen/occ_grid_small.txt", "start_pos": [83, 64], "goal_pos": [26, 45], "robot_rows": [83, 83, 83, 83, 83, 83, 83, 83, 83, 83, 83, 82, 80, 77, 74, 71, 68, 65, 62, 59, 56, 53, 50, 47, 44, 41, 39, 36, 33, 30, 28, 27, 26, 26, 26, 26, 26, 26, 26, 26], "robot_cols": [64, 64, 63, 61, 58, 55, 53, 51, 50, 50, 50, 50, 50, 50, 50, 50, 50, 50, 50, 50, 50, 50, 50, 50, 50, 50, 50, 50, 50, 50, 50, 50, 50, 50, 50, 49, 47, 46, 45, 45], "robot_speeds": [0, 0, 1, 2, 3, 3, 2, 2, 1, 0, 0, 1, 2, 3, 3, 3, 3, 3, 3, 3, 3, 3, 3, 3, 3, 3, 2, 3, 3, 3, 2, 1, 1, 0, 0, 1, 2, 1, 1, 0], "robot_directions": [0, 0, 0, 0, 0, 0, 0, 0, 0, 0, 1, 1, 1, 1, 1, 1, 1, 1, 1, 1, 1, 1, 1, 1, 1, 1, 1, 1, 1, 1, 1, 1, 1, 1, 0, 0, 0, 0, 0, 0], "action_accs": [-1, 1, 1, 1, 1, -1, 0, -1, -1, 0, 1, 1, 1, 0, 0, 0, 0, 0, 0, 0, 0, 0, 0, 0, 0, -1, 1, 0, 0, -1, -1, 0, -1, 0, 1, 1, -1, 0, 0], "action_rots": [0, 0, 0, 0, 0, 0, 0, 0, 0, 1, 0, 0, 0, 0, 0, 0, 0, 0, 0, 0, 0, 0, 0, 0, 0, 0, 0, 0, 0, 0, 0, 0, 0, -1, 0, 0, 0, 0, 0], "steps": 39, "is_goal": true}