{"map_file_path": "grid_maps/Ihlen/occ_grid_small.txt", "start_pos": [15, 82], "goal_pos": [1, 46], "robot_rows": [15, 15, 15, 14, 13, 13, 13, 13, 13, 13, 13, 13, 13, 13, 13, 13, 13, 13, 13, 13, 13, 13, 13, 13, 13, 12, 11, 10, 8, 5, 3, 1, 2, 1, 1], "robot_cols": [82, 82, 82, 82, 82, 82, 82, 82, 81, 79, 76, 74, 72, 69, 66, 64, 61, 58, 55, 52, 49, 47, 46, 46, 46, 46, 46, 46, 46, 46, 46, 46, 46, 46, 46], "robot_speeds": [0, 0, 0, 1, 1, 0, 0, 0, 1, 2, 3, 2, 2, 3, 3, 2, 3, 3, 3, 3, 3, 2, 1, 0, 0, 1, 1, 1, 2, 3, 2, 2, 0, 1, 0], "robot_directions": [0, 0, 1, 1, 1, 1, 0, 0, 0, 0, 0, 0, 0, 0, 0, 0, 0, 0, 0, 0, 0, 0, 0, 0, 1, 1, 1, 1, 1, 1, 1, 1, 1, 1, 1], "action_accs": [-1, 0, 1, 0, -1, 0, 0, 1, 1, 1, -1, 0, 1, 0, -1, 1, 0, 0, 0, 0, -1, -1, -1, 0, 1, 0, 0, 1, 1, -1, 0, 0, 1, -1], "action_rots": [0, 1, 0, 0, 0, -1, 0, 0, 0, 0, 0, 0, 0, 0, 0, 0, 0, 0, 0, 0, 0, 0, 0, 1, 0, 0, 0, 0, 0, 0, 0, 0, 0, 0], "steps": 34, "is_goal": true}