{"map_file_path": "grid_maps/Ihlen/occ_grid_small.txt", "start_pos": [90, 44], "goal_pos": [10, 30], "robot_rows": [90, 90, 90, 89, 87, 84, 81, 79, 78, 78, 78, 78, 78, 78, 78, 78, 78, 78, 77, 75, 72, 69, 66, 64, 61, 58, 55, 52, 50, 47, 44, 41, 38, 35, 32, 29, 26, 23, 20, 17, 14, 12, 11, 10, 10, 10, 10, 10, 10, 10, 10, 10, 10, 10, 10, 10], "robot_cols": [44, 44, 44, 44, 44, 44, 44, 44, 44, 44, 44, 45, 47, 49, 50, 50, 50, 50, 50, 50, 50, 50, 50, 50, 50, 50, 50, 50, 50, 50, 50, 50, 50, 50, 50, 50, 50, 50, 50, 50, 50, 50, 50, 50, 50, 50, 49, 47, 44, 41, 38, 35, 33, 31, 30, 30], "robot_speeds": [0, 0, 0, 1, 2, 3, 3, 2, 1, 0, 0, 1, 2, 2, 1, 0, 0, 0, 1, 2, 3, 3, 3, 2, 3, 3, 3, 3, 2, 3, 3, 3, 3, 3, 3, 3, 3, 3, 3, 3, 3, 2, 1, 1, 0, 0, 1, 2, 3, 3, 3, 3, 2, 2, 1, 0], "robot_directions": [0, 0, 1, 1, 1, 1, 1, 1, 1, 1, 2, 2, 2, 2, 2, 2, 2, 1, 1, 1, 1, 1, 1, 1, 1, 1, 1, 1, 1, 1, 1, 1, 1, 1, 1, 1, 1, 1, 1, 1, 1, 1, 1, 1, 1, 0, 0, 0, 0, 0, 0, 0, 0, 0, 0, 0], "action_accs": [-1, 0, 1, 1, 1, 0, -1, -1, 0, 0, 1, 1, 0, -1, -1, 0, 0, 1, 1, 1, 0, 0, -1, 1, 0, 0, 0, -1, 1, 0, 0, 0, 0, 0, 0, 0, 0, 0, 0, 0, -1, -1, 0, -1, 0, 1, 1, 1, 0, 0, 0, -1, 0, -1, -1], "action_rots": [0, 1, 0, 0, 0, 0, 0, 0, 0, 1, 0, 0, 0, 0, 0, 0, -1, 0, 0, 0, 0, 0, 0, 0, 0, 0, 0, 0, 0, 0, 0, 0, 0, 0, 0, 0, 0, 0, 0, 0, 0, 0, 0, 0, -1, 0, 0, 0, 0, 0, 0, 0, 0, 0, 0], "steps": 55, "is_goal": true}