{"map_file_path": "grid_maps/Wiconisco/occ_grid_small.txt", "start_pos": [90, 3], "goal_pos": [29, 18], "robot_rows": [90, 90, 90, 89, 87, 84, 81, 78, 76, 74, 71, 68, 65, 62, 59, 56, 53, 50, 47, 44, 41, 39, 39, 39, 39, 39, 39, 39, 39, 39, 39, 39, 39, 39, 38, 36, 33, 31, 30, 29, 29, 29, 29, 29, 29, 29, 29], "robot_cols": [3, 3, 3, 3, 3, 3, 3, 3, 3, 3, 3, 3, 3, 3, 3, 3, 3, 3, 3, 3, 3, 3, 3, 3, 4, 6, 9, 12, 15, 18, 20, 21, 21, 21, 21, 21, 21, 21, 21, 21, 21, 21, 21, 20, 19, 18, 18], "robot_speeds": [0, 0, 0, 1, 2, 3, 3, 3, 2, 2, 3, 3, 3, 3, 3, 3, 3, 3, 3, 3, 3, 2, 0, 0, 1, 2, 3, 3, 3, 3, 2, 1, 0, 0, 1, 2, 3, 2, 1, 1, 0, 0, 0, 1, 1, 1, 0], "robot_directions": [0, 0, 1, 1, 1, 1, 1, 1, 1, 1, 1, 1, 1, 1, 1, 1, 1, 1, 1, 1, 1, 1, 1, 2, 2, 2, 2, 2, 2, 2, 2, 2, 2, 1, 1, 1, 1, 1, 1, 1, 1, 0, 0, 0, 0, 0, 0], "action_accs": [-1, 0, 1, 1, 1, 1, 0, -1, 0, 1, 0, 0, 0, 1, 0, 0, 0, 0, 0, 0, -1, -1, 0, 1, 1, 1, 0, 0, 0, -1, -1, -1, 0, 1, 1, 1, -1, -1, 0, -1, 0, 0, 1, 0, 0, -1], "action_rots": [0, 1, 0, 0, 0, 0, 0, 0, 0, 0, 0, 0, 0, 0, 0, 0, 0, 0, 0, 0, 0, 0, 1, 0, 0, 0, 0, 0, 0, 0, 0, 0, -1, 0, 0, 0, 0, 0, 0, 0, -1, 0, 0, 0, 0, 0], "steps": 46, "is_goal": true}