{"map_file_path": "grid_maps/Wiconisco/occ_grid_small.txt", "start_pos": [67, 37], "goal_pos": [3, 85], "robot_rows": [67, 67, 67, 67, 67, 67, 67, 67, 67, 67, 67, 67, 66, 65, 63, 60, 57, 54, 51, 48, 45, 42, 39, 36, 33, 30, 28, 25, 22, 20, 18, 17, 17, 17, 17, 17, 17, 17, 17, 17, 17, 17, 17, 17, 17, 17, 17, 17, 17, 17, 17, 17, 17, 17, 17, 16, 14, 11, 8, 6, 4, 3, 3, 3, 3, 3, 3, 3], "robot_cols": [37, 37, 37, 37, 37, 38, 40, 41, 42, 42, 42, 42, 42, 42, 42, 42, 42, 42, 42, 42, 42, 42, 42, 42, 42, 42, 42, 42, 42, 42, 42, 42, 42, 42, 43, 44, 46, 49, 52, 55, 58, 61, 64, 67, 69, 72, 75, 78, 81, 84, 86, 87, 88, 88, 88, 88, 88, 88, 88, 88, 88, 88, 88, 88, 87, 86, 85, 85], "robot_speeds": [0, 0, 0, 0, 0, 1, 2, 1, 1, 0, 0, 0, 1, 1, 2, 3, 3, 3, 3, 3, 3, 3, 3, 3, 3, 3, 2, 3, 3, 2, 2, 1, 0, 0, 1, 1, 2, 3, 3, 3, 3, 3, 3, 3, 2, 3, 3, 3, 3, 3, 2, 1, 1, 0, 0, 1, 2, 3, 3, 2, 2, 1, 0, 0, 1, 1, 1, 0], "robot_directions": [0, 0, 3, 3, 2, 2, 2, 2, 2, 2, 2, 1, 1, 1, 1, 1, 1, 1, 1, 1, 1, 1, 1, 1, 1, 1, 1, 1, 1, 1, 1, 1, 1, 2, 2, 2, 2, 2, 2, 2, 2, 2, 2, 2, 2, 2, 2, 2, 2, 2, 2, 2, 2, 2, 1, 1, 1, 1, 1, 1, 1, 1, 1, 0, 0, 0, 0, 0], "action_accs": [-1, 0, 0, 0, 1, 1, -1, 0, -1, 0, 0, 1, 0, 1, 1, 0, 0, 0, 0, 0, 0, 0, 1, 0, 0, -1, 1, 0, -1, 0, -1, -1, 0, 1, 0, 1, 1, 0, 0, 0, 0, 0, 0, -1, 1, 0, 0, 0, 0, -1, -1, 0, -1, 0, 1, 1, 1, 0, -1, 0, -1, -1, 0, 1, 0, 0, -1], "action_rots": [0, -1, 0, -1, 0, 0, 0, 0, 0, 0, -1, 0, 0, 0, 0, 0, 0, 0, 0, 0, 0, 0, 0, 0, 0, 0, 0, 0, 0, 0, 0, 0, 1, 0, 0, 0, 0, 0, 0, 0, 0, 0, 0, 0, 0, 0, 0, 0, 0, 0, 0, 0, 0, -1, 0, 0, 0, 0, 0, 0, 0, 0, -1, 0, 0, 0, 0], "steps": 67, "is_goal": true}