{"map_file_path": "grid_maps/Ihlen/occ_grid_small.txt", "start_pos": [52, 4], "goal_pos": [12, 80], "robot_rows": [52, 52, 52, 53, 55, 57, 59, 60, 60, 60, 60, 60, 60, 60, 60, 60, 60, 60, 60, 60, 60, 60, 60, 60, 59, 58, 56, 53, 51, 50, 49, 49, 49, 49, 49, 49, 49, 49, 49, 49, 49, 49, 49, 49, 49, 49, 49, 49, 49, 49, 49, 49, 49, 49, 49, 49, 49, 49, 49, 49, 49, 49, 48, 46, 43, 40, 37, 34, 31, 28, 26, 23, 20, 17, 15, 13, 12, 12, 12, 12, 12], "robot_cols": [4, 4, 4, 4, 4, 4, 4, 4, 4, 4, 4, 5, 7, 10, 13, 16, 19, 22, 25, 27, 28, 29, 29, 29, 29, 29, 29, 29, 29, 29, 29, 29, 29, 30, 32, 35, 38, 41, 44, 47, 50, 53, 56, 59, 62, 65, 68, 71, 74, 76, 79, 81, 82, 82, 82, 82, 81, 80, 79, 79, 79, 79, 79, 79, 79, 79, 79, 79, 79, 79, 79, 79, 79, 79, 79, 79, 79, 79, 79, 80, 80], "robot_speeds": [0, 0, 0, 1, 2, 2, 2, 1, 0, 0, 0, 1, 2, 3, 3, 3, 3, 3, 3, 2, 1, 1, 0, 0, 1, 1, 2, 3, 2, 1, 1, 0, 0, 1, 2, 3, 3, 3, 3, 3, 3, 3, 3, 3, 3, 3, 3, 3, 3, 2, 3, 2, 1, 0, 0, 0, 1, 1, 1, 0, 0, 0, 1, 2, 3, 3, 3, 3, 3, 3, 2, 3, 3, 3, 2, 2, 1, 0, 0, 1, 0], "robot_directions": [0, 0, 3, 3, 3, 3, 3, 3, 3, 2, 2, 2, 2, 2, 2, 2, 2, 2, 2, 2, 2, 2, 2, 1, 1, 1, 1, 1, 1, 1, 1, 1, 2, 2, 2, 2, 2, 2, 2, 2, 2, 2, 2, 2, 2, 2, 2, 2, 2, 2, 2, 2, 2, 2, 3, 0, 0, 0, 0, 0, 0, 1, 1, 1, 1, 1, 1, 1, 1, 1, 1, 1, 1, 1, 1, 1, 1, 1, 2, 2, 2], "action_accs": [-1, 0, 1, 1, 0, 0, -1, -1, 0, 0, 1, 1, 1, 0, 0, 0, 0, 0, -1, -1, 0, -1, 0, 1, 0, 1, 1, -1, -1, 0, -1, 0, 1, 1, 1, 0, 0, 0, 0, 0, 0, 0, 0, 0, 0, 0, 0, 0, -1, 1, -1, -1, -1, 0, 0, 1, 0, 0, -1, 0, 0, 1, 1, 1, 0, 0, 0, 0, 0, -1, 1, 0, 0, -1, 0, -1, -1, 0, 1, -1], "action_rots": [0, -1, 0, 0, 0, 0, 0, 0, -1, 0, 0, 0, 0, 0, 0, 0, 0, 0, 0, 0, 0, 0, -1, 0, 0, 0, 0, 0, 0, 0, 0, 1, 0, 0, 0, 0, 0, 0, 0, 0, 0, 0, 0, 0, 0, 0, 0, 0, 0, 0, 0, 0, 0, 1, 1, 0, 0, 0, 0, 0, 1, 0, 0, 0, 0, 0, 0, 0, 0, 0, 0, 0, 0, 0, 0, 0, 0, 1, 0, 0], "steps": 80, "is_goal": true}