{"map_file_path": "grid_maps/Wiconisco/occ_grid_small.txt", "start_pos": [3, 81], "goal_pos": [81, 39], "robot_rows": [3, 3, 3, 3, 3, 3, 3, 3, 3, 3, 4, 6, 9, 12, 15, 17, 18, 18, 18, 18, 18, 18, 18, 18, 18, 18, 18, 18, 18, 18, 18, 18, 18, 18, 18, 18, 18, 18, 18, 18, 18, 19, 21, 24, 27, 30, 33, 36, 39, 42, 44, 47, 50, 53, 56, 59, 62, 65, 68, 71, 74, 77, 79, 81, 82, 82, 82, 82, 81, 81], "robot_cols": [81, 81, 81, 81, 82, 84, 85, 86, 86, 86, 86, 86, 86, 86, 86, 86, 86, 86, 86, 85, 84, 83, 82, 80, 77, 74, 72, 69, 66, 63, 60, 57, 54, 51, 48, 45, 42, 40, 39, 39, 39, 39, 39, 39, 39, 39, 39, 39, 39, 39, 39, 39, 39, 39, 39, 39, 39, 39, 39, 39, 39, 39, 39, 39, 39, 39, 39, 39, 39, 39], "robot_speeds": [0, 0, 0, 0, 1, 2, 1, 1, 0, 0, 1, 2, 3, 3, 3, 2, 1, 0, 0, 1, 1, 1, 1, 2, 3, 3, 2, 3, 3, 3, 3, 3, 3, 3, 3, 3, 3, 2, 1, 0, 0, 1, 2, 3, 3, 3, 3, 3, 3, 3, 2, 3, 3, 3, 3, 3, 3, 3, 3, 3, 3, 3, 2, 2, 1, 0, 0, 0, 1, 0], "robot_directions": [0, 3, 3, 2, 2, 2, 2, 2, 2, 3, 3, 3, 3, 3, 3, 3, 3, 3, 0, 0, 0, 0, 0, 0, 0, 0, 0, 0, 0, 0, 0, 0, 0, 0, 0, 0, 0, 0, 0, 0, 3, 3, 3, 3, 3, 3, 3, 3, 3, 3, 3, 3, 3, 3, 3, 3, 3, 3, 3, 3, 3, 3, 3, 3, 3, 3, 0, 1, 1, 1], "action_accs": [0, 0, 0, 1, 1, -1, 0, -1, 0, 1, 1, 1, 0, 0, -1, -1, -1, 0, 1, 0, 0, 0, 1, 1, 0, -1, 1, 0, 0, 0, 0, 0, 1, 0, 0, 0, -1, -1, -1, 0, 1, 1, 1, 0, 0, 0, 0, 0, 1, -1, 1, 0, 0, 0, 0, 0, 0, 0, 1, 1, 0, -1, 0, -1, -1, 0, 0, 1, -1], "action_rots": [-1, 0, -1, 0, 0, 0, 0, 0, 1, 0, 0, 0, 0, 0, 0, 0, 0, 1, 0, 0, 0, 0, 0, 0, 0, 0, 0, 0, 0, 0, 0, 0, 0, 0, 0, 0, 0, 0, 0, -1, 0, 0, 0, 0, 0, 0, 0, 0, 0, 0, 0, 0, 0, 0, 0, 0, 0, 0, 0, 0, 0, 0, 0, 0, 0, 1, 1, 0, 0], "steps": 69, "is_goal": true}