{"map_file_path": "grid_maps/Wiconisco/occ_grid_small.txt", "start_pos": [73, 37], "goal_pos": [55, 74], "robot_rows": [73, 73, 73, 73, 73, 73, 73, 73, 73, 73, 73, 73, 72, 70, 67, 64, 61, 58, 56, 55, 55, 55, 55, 55, 55, 55, 55, 54, 52, 51, 51, 51, 51, 51, 51, 51, 51, 51, 51, 51, 52, 53, 54, 54, 54, 54, 54, 54, 54, 54, 54, 54, 54, 54, 54, 54, 54, 54, 54, 55, 55, 55, 55, 55, 55], "robot_cols": [37, 37, 37, 37, 38, 39, 39, 40, 40, 40, 40, 40, 40, 40, 40, 40, 40, 40, 40, 40, 40, 40, 40, 40, 40, 40, 40, 40, 40, 40, 40, 40, 40, 41, 43, 45, 47, 48, 48, 48, 48, 48, 48, 48, 48, 49, 51, 54, 57, 60, 63, 66, 69, 71, 73, 74, 75, 75, 75, 75, 75, 75, 75, 74, 74], "robot_speeds": [0, 0, 0, 0, 1, 1, 0, 1, 0, 0, 0, 0, 1, 2, 3, 3, 3, 3, 2, 1, 0, 0, 0, 0, 0, 0, 0, 1, 2, 1, 0, 0, 0, 1, 2, 2, 2, 1, 0, 0, 1, 1, 1, 0, 0, 1, 2, 3, 3, 3, 3, 3, 3, 2, 2, 1, 1, 0, 0, 1, 0, 0, 0, 1, 0], "robot_directions": [0, 3, 2, 2, 2, 2, 2, 2, 2, 1, 1, 1, 1, 1, 1, 1, 1, 1, 1, 1, 1, 1, 1, 1, 1, 1, 1, 1, 1, 1, 1, 2, 2, 2, 2, 2, 2, 2, 2, 3, 3, 3, 3, 3, 2, 2, 2, 2, 2, 2, 2, 2, 2, 2, 2, 2, 2, 2, 3, 3, 3, 3, 0, 0, 0], "action_accs": [0, 0, 0, 1, 0, -1, 1, -1, 0, 0, 0, 1, 1, 1, 0, 0, 1, -1, -1, -1, 0, 0, 0, 0, 0, 0, 1, 1, -1, -1, 0, 0, 1, 1, 0, 0, -1, -1, 0, 1, 0, 0, -1, 0, 1, 1, 1, 0, 0, 0, 0, 0, -1, 0, -1, 0, -1, 0, 1, -1, 0, 0, 1, -1], "action_rots": [-1, -1, 0, 0, 0, 0, 0, 0, -1, 0, 0, 0, 0, 0, 0, 0, 0, 0, 0, 0, 0, 0, 0, 0, 0, 0, 0, 0, 0, 0, 1, 0, 0, 0, 0, 0, 0, 0, 1, 0, 0, 0, 0, -1, 0, 0, 0, 0, 0, 0, 0, 0, 0, 0, 0, 0, 0, 1, 0, 0, 0, 1, 0, 0], "steps": 64, "is_goal": true}