{"map_file_path": "grid_maps/Wiconisco/occ_grid_small.txt", "start_pos": [26, 10], "goal_pos": [3, 42], "robot_rows": [26, 26, 26, 26, 26, 26, 26, 25, 23, 21, 18, 15, 12, 9, 6, 4, 2, 1, 1, 1, 1, 2, 3, 4, 4, 4, 4, 5, 7, 8, 8, 8, 8, 8, 8, 8, 8, 8, 8, 8, 8, 9, 9, 9, 9, 9, 9, 9, 9, 9, 9, 9, 9, 9, 9, 9, 9, 9, 8, 7, 5, 3, 2, 2, 2, 2, 2, 3, 5, 7, 9, 10, 10, 10, 10, 10, 10, 10, 10, 10, 10, 10, 10, 10, 10], "robot_cols": [10, 10, 10, 11, 12, 12, 12, 12, 12, 12, 12, 12, 12, 12, 12, 12, 12, 12, 12, 12, 12, 12, 12, 12, 12, 12, 12, 12, 12, 12, 12, 12, 12, 13, 14, 16, 18, 20, 21, 21, 21, 21, 21, 21, 22, 23, 23, 23, 23, 23, 22, 20, 18, 16, 15, 14, 14, 14, 14, 14, 14, 14, 14, 14, 14, 14, 14, 14, 14, 14, 14, 14, 14, 14, 15, 17, 20, 23, 22, 23, 23, 24, 23, 24, 23], "robot_speeds": [0, 0, 0, 1, 1, 0, 0, 1, 2, 2, 3, 3, 3, 3, 3, 2, 2, 1, 0, 0, 0, 1, 1, 1, 0, 0, 0, 1, 2, 1, 0, 0, 0, 1, 1, 2, 2, 2, 1, 0, 0, 1, 0, 0, 1, 1, 0, 0, 0, 0, 1, 2, 2, 2, 1, 1, 0, 0, 1, 1, 2, 2, 1, 0, 0, 0, 0, 1, 2, 2, 2, 1, 0, 0, 1, 2, 3, 3, 0, 1, 0, 1, 0, 1, 0], "robot_directions": [0, 3, 2, 2, 2, 2, 1, 1, 1, 1, 1, 1, 1, 1, 1, 1, 1, 1, 1, 0, 3, 3, 3, 3, 3, 0, 3, 3, 3, 3, 3, 2, 2, 2, 2, 2, 2, 2, 2, 2, 3, 3, 3, 2, 2, 2, 2, 3, 3, 0, 0, 0, 0, 0, 0, 0, 0, 1, 1, 1, 1, 1, 1, 1, 1, 0, 3, 3, 3, 3, 3, 3, 3, 2, 2, 2, 2, 2, 2, 2, 2, 2, 2, 2, 2], "action_accs": [0, 0, 1, 0, -1, 0, 1, 1, 0, 1, 0, 0, 0, 0, -1, 0, -1, 0, 0, 0, 1, 0, 0, -1, 0, 0, 1, 1, -1, -1, 0, 0, 1, 0, 1, 0, 0, -1, -1, 0, 1, -1, 0, 1, 0, -1, 0, 0, 0, 1, 1, 0, 0, -1, 0, -1, 0, 1, 0, 1, 0, -1, -1, 0, 0, 0, 1, 1, 0, 0, -1, -1, 0, 1, 1, 1, 0, 0, 1, 1, 1, 1, 1, 1], "action_rots": [-1, -1, 0, 0, 0, -1, 0, 0, 0, 0, 0, 0, 0, 0, 0, 0, 0, 0, -1, -1, 0, 0, 0, 0, 1, -1, 0, 0, 0, 0, -1, 0, 0, 0, 0, 0, 0, 0, 0, 1, 0, 0, -1, 0, 0, 0, 1, 0, 1, 0, 0, 0, 0, 0, 0, 0, 1, 0, 0, 0, 0, 0, 0, 0, -1, -1, 0, 0, 0, 0, 0, 0, -1, 0, 0, 0, 0, 0, 0, 0, 0, 0, 0, 0], "steps": 84, "is_goal": false}