{"map_file_path": "grid_maps/Ihlen/occ_grid_small.txt", "start_pos": [43, 67], "goal_pos": [36, 6], "robot_rows": [43, 43, 43, 44, 46, 48, 49, 49, 49, 49, 49, 49, 49, 49, 49, 49, 49, 49, 49, 49, 49, 49, 49, 49, 49, 49, 49, 50, 52, 55, 57, 58, 59, 59, 59, 59, 59, 59, 59, 59, 59, 59, 59, 59, 59, 59, 59, 58, 56, 54, 51, 49, 46, 43, 40, 38, 37, 36, 36], "robot_cols": [67, 67, 67, 67, 67, 67, 67, 67, 67, 66, 64, 61, 58, 55, 53, 50, 47, 44, 41, 38, 35, 32, 30, 28, 27, 27, 27, 27, 27, 27, 27, 27, 27, 27, 27, 26, 24, 21, 19, 16, 13, 10, 8, 7, 6, 6, 6, 6, 6, 6, 6, 6, 6, 6, 6, 6, 6, 6, 6], "robot_speeds": [0, 0, 0, 1, 2, 2, 1, 0, 0, 1, 2, 3, 3, 3, 2, 3, 3, 3, 3, 3, 3, 3, 2, 2, 1, 0, 0, 1, 2, 3, 2, 1, 1, 0, 0, 1, 2, 3, 2, 3, 3, 3, 2, 1, 1, 0, 0, 1, 2, 2, 3, 2, 3, 3, 3, 2, 1, 1, 0], "robot_directions": [0, 0, 3, 3, 3, 3, 3, 3, 0, 0, 0, 0, 0, 0, 0, 0, 0, 0, 0, 0, 0, 0, 0, 0, 0, 0, 3, 3, 3, 3, 3, 3, 3, 3, 0, 0, 0, 0, 0, 0, 0, 0, 0, 0, 0, 0, 1, 1, 1, 1, 1, 1, 1, 1, 1, 1, 1, 1, 1], "action_accs": [-1, 0, 1, 1, 0, -1, -1, 0, 1, 1, 1, 0, 0, -1, 1, 0, 0, 0, 0, 0, 0, -1, 0, -1, -1, 0, 1, 1, 1, -1, -1, 0, -1, 0, 1, 1, 1, -1, 1, 0, 0, -1, -1, 0, -1, 0, 1, 1, 0, 1, -1, 1, 0, 0, -1, -1, 0, -1], "action_rots": [0, -1, 0, 0, 0, 0, 0, 1, 0, 0, 0, 0, 0, 0, 0, 0, 0, 0, 0, 0, 0, 0, 0, 0, 0, -1, 0, 0, 0, 0, 0, 0, 0, 1, 0, 0, 0, 0, 0, 0, 0, 0, 0, 0, 0, 1, 0, 0, 0, 0, 0, 0, 0, 0, 0, 0, 0, 0], "steps": 58, "is_goal": true}