{"map_file_path": "grid_maps/Wiconisco/occ_grid_small.txt", "start_pos": [15, 8], "goal_pos": [40, 63], "robot_rows": [15, 15, 15, 15, 16, 17, 19, 22, 24, 27, 30, 33, 36, 39, 41, 43, 44, 44, 44, 44, 44, 44, 44, 44, 44, 44, 44, 44, 44, 44, 44, 44, 44, 44, 44, 44, 44, 44, 45, 47, 50, 52, 53, 53, 53, 53, 53, 53, 53, 53, 53, 53, 53, 53, 53, 53, 53, 53, 53, 52, 51, 49, 46, 43, 41, 40, 40, 40, 40, 40, 40, 40, 40, 40, 40, 40], "robot_cols": [8, 8, 8, 8, 8, 8, 8, 8, 8, 8, 8, 8, 8, 8, 8, 8, 8, 8, 8, 9, 11, 14, 17, 20, 23, 26, 29, 32, 35, 37, 39, 42, 45, 47, 48, 48, 48, 48, 48, 48, 48, 48, 48, 48, 48, 49, 51, 54, 57, 59, 62, 65, 68, 71, 73, 74, 75, 75, 75, 75, 75, 75, 75, 75, 75, 75, 75, 75, 74, 73, 71, 68, 66, 64, 63, 63], "robot_speeds": [0, 0, 0, 0, 1, 1, 2, 3, 2, 3, 3, 3, 3, 3, 2, 2, 1, 0, 0, 1, 2, 3, 3, 3, 3, 3, 3, 3, 3, 2, 2, 3, 3, 2, 1, 0, 0, 0, 1, 2, 3, 2, 1, 0, 0, 1, 2, 3, 3, 2, 3, 3, 3, 3, 2, 1, 1, 0, 0, 1, 1, 2, 3, 3, 2, 1, 0, 0, 1, 1, 2, 3, 2, 2, 1, 0], "robot_directions": [0, 0, 0, 3, 3, 3, 3, 3, 3, 3, 3, 3, 3, 3, 3, 3, 3, 3, 2, 2, 2, 2, 2, 2, 2, 2, 2, 2, 2, 2, 2, 2, 2, 2, 2, 2, 3, 3, 3, 3, 3, 3, 3, 3, 2, 2, 2, 2, 2, 2, 2, 2, 2, 2, 2, 2, 2, 2, 1, 1, 1, 1, 1, 1, 1, 1, 1, 0, 0, 0, 0, 0, 0, 0, 0, 0], "action_accs": [-1, -1, 0, 1, 0, 1, 1, -1, 1, 0, 0, 0, 0, -1, 0, -1, -1, 0, 1, 1, 1, 0, 0, 0, 0, 0, 0, 0, -1, 0, 1, 0, -1, -1, 0, 0, 0, 1, 1, 1, -1, -1, -1, 0, 1, 1, 1, 0, -1, 1, 0, 0, 0, -1, -1, 0, -1, 0, 1, 0, 1, 1, 0, -1, -1, -1, 0, 1, 0, 1, 1, -1, 0, -1, -1], "action_rots": [0, 0, -1, 0, 0, 0, 0, 0, 0, 0, 0, 0, 0, 0, 0, 0, 0, -1, 0, 0, 0, 0, 0, 0, 0, 0, 0, 0, 0, 0, 0, 0, 0, 0, 0, 1, 0, 0, 0, 0, 0, 0, 0, -1, 0, 0, 0, 0, 0, 0, 0, 0, 0, 0, 0, 0, 0, -1, 0, 0, 0, 0, 0, 0, 0, 0, -1, 0, 0, 0, 0, 0, 0, 0, 0], "steps": 75, "is_goal": true}