{"map_file_path": "grid_maps/Ihlen/occ_grid_small.txt", "start_pos": [47, 46], "goal_pos": [19, 8], "robot_rows": [47, 47, 47, 47, 47, 47, 47, 47, 47, 46, 44, 41, 38, 35, 32, 29, 26, 23, 20, 18, 16, 15, 15, 15, 15, 15, 15, 15, 15, 15, 15, 15, 15, 15, 15, 15, 15, 15, 15, 15, 15, 15, 15, 16, 18, 19, 19, 19, 19, 19, 19, 19, 19, 19, 19, 19, 19, 19], "robot_cols": [46, 46, 46, 46, 47, 49, 50, 50, 50, 50, 50, 50, 50, 50, 50, 50, 50, 50, 50, 50, 50, 50, 50, 50, 49, 47, 44, 41, 38, 35, 32, 29, 26, 23, 20, 17, 14, 11, 8, 6, 5, 5, 5, 5, 5, 5, 5, 5, 6, 7, 9, 10, 10, 10, 10, 9, 8, 8], "robot_speeds": [0, 0, 0, 0, 1, 2, 1, 0, 0, 1, 2, 3, 3, 3, 3, 3, 3, 3, 3, 2, 2, 1, 0, 0, 1, 2, 3, 3, 3, 3, 3, 3, 3, 3, 3, 3, 3, 3, 3, 2, 1, 0, 0, 1, 2, 1, 0, 0, 1, 1, 2, 1, 0, 0, 0, 1, 1, 0], "robot_directions": [0, 0, 3, 2, 2, 2, 2, 2, 1, 1, 1, 1, 1, 1, 1, 1, 1, 1, 1, 1, 1, 1, 1, 0, 0, 0, 0, 0, 0, 0, 0, 0, 0, 0, 0, 0, 0, 0, 0, 0, 0, 0, 3, 3, 3, 3, 3, 2, 2, 2, 2, 2, 2, 3, 0, 0, 0, 0], "action_accs": [-1, 0, 0, 1, 1, -1, -1, 0, 1, 1, 1, 1, 0, 0, 0, 0, 1, 0, -1, 0, -1, -1, 0, 1, 1, 1, 0, 0, 0, 0, 0, 0, 0, 1, 0, 0, 0, 0, -1, -1, -1, 0, 1, 1, -1, -1, 0, 1, 0, 1, -1, 0, 0, 0, 1, 0, -1], "action_rots": [0, -1, -1, 0, 0, 0, 0, -1, 0, 0, 0, 0, 0, 0, 0, 0, 0, 0, 0, 0, 0, 0, -1, 0, 0, 0, 0, 0, 0, 0, 0, 0, 0, 0, 0, 0, 0, 0, 0, 0, 0, -1, 0, 0, 0, 0, -1, 0, 0, 0, 0, 0, 1, 1, 0, 0, 0], "steps": 57, "is_goal": true}