{"map_file_path": "grid_maps/Wiconisco/occ_grid_small.txt", "start_pos": [89, 8], "goal_pos": [33, 46], "robot_rows": [89, 89, 89, 89, 89, 89, 89, 89, 89, 88, 86, 84, 81, 78, 75, 72, 69, 66, 63, 60, 57, 55, 52, 49, 46, 43, 40, 37, 35, 33, 32, 32, 32, 32, 32, 32, 32, 32, 32, 32, 32, 32, 32, 32, 32, 32, 32, 32, 32, 32, 32, 32, 33, 33, 33, 33, 33], "robot_cols": [8, 8, 8, 9, 11, 12, 13, 13, 13, 13, 13, 13, 13, 13, 13, 13, 13, 13, 13, 13, 13, 13, 13, 13, 13, 13, 13, 13, 13, 13, 13, 13, 13, 13, 13, 14, 15, 17, 20, 23, 26, 29, 32, 35, 38, 41, 43, 45, 46, 47, 47, 47, 47, 47, 47, 46, 46], "robot_speeds": [0, 0, 0, 1, 2, 1, 1, 0, 0, 1, 2, 2, 3, 3, 3, 3, 3, 3, 3, 3, 3, 2, 3, 3, 3, 3, 3, 3, 2, 2, 1, 0, 0, 0, 0, 1, 1, 2, 3, 3, 3, 3, 3, 3, 3, 3, 2, 2, 1, 1, 0, 0, 1, 0, 0, 1, 0], "robot_directions": [0, 3, 2, 2, 2, 2, 2, 2, 1, 1, 1, 1, 1, 1, 1, 1, 1, 1, 1, 1, 1, 1, 1, 1, 1, 1, 1, 1, 1, 1, 1, 1, 2, 2, 2, 2, 2, 2, 2, 2, 2, 2, 2, 2, 2, 2, 2, 2, 2, 2, 2, 3, 3, 3, 0, 0, 0], "action_accs": [0, 0, 1, 1, -1, 0, -1, 0, 1, 1, 0, 1, 0, 0, 0, 0, 0, 0, 0, 0, -1, 1, 0, 0, 0, 0, 0, -1, 0, -1, -1, 0, 0, 0, 1, 0, 1, 1, 0, 0, 0, 0, 0, 0, 0, -1, 0, -1, 0, -1, 0, 1, -1, 0, 1, -1], "action_rots": [-1, -1, 0, 0, 0, 0, 0, -1, 0, 0, 0, 0, 0, 0, 0, 0, 0, 0, 0, 0, 0, 0, 0, 0, 0, 0, 0, 0, 0, 0, 0, 1, 0, 0, 0, 0, 0, 0, 0, 0, 0, 0, 0, 0, 0, 0, 0, 0, 0, 0, 1, 0, 0, 1, 0, 0], "steps": 56, "is_goal": true}