{"map_file_path": "grid_maps/Ihlen/occ_grid_small.txt", "start_pos": [35, 77], "goal_pos": [15, 36], "robot_rows": [35, 35, 35, 34, 32, 29, 26, 23, 20, 18, 17, 16, 16, 16, 16, 16, 16, 16, 16, 16, 16, 16, 16, 16, 16, 16, 16, 16, 16, 16, 16, 16, 16, 16, 15, 15, 15, 15, 15, 15, 15], "robot_cols": [77, 77, 77, 77, 77, 77, 77, 77, 77, 77, 77, 77, 77, 77, 76, 75, 73, 71, 68, 65, 62, 59, 56, 54, 51, 48, 45, 42, 39, 36, 34, 33, 33, 33, 33, 33, 33, 34, 35, 36, 36], "robot_speeds": [0, 0, 0, 1, 2, 3, 3, 3, 3, 2, 1, 1, 0, 0, 1, 1, 2, 2, 3, 3, 3, 3, 3, 2, 3, 3, 3, 3, 3, 3, 2, 1, 0, 0, 1, 0, 0, 1, 1, 1, 0], "robot_directions": [0, 0, 1, 1, 1, 1, 1, 1, 1, 1, 1, 1, 1, 0, 0, 0, 0, 0, 0, 0, 0, 0, 0, 0, 0, 0, 0, 0, 0, 0, 0, 0, 0, 1, 1, 1, 2, 2, 2, 2, 2], "action_accs": [-1, 0, 1, 1, 1, 0, 0, 0, -1, -1, 0, -1, 0, 1, 0, 1, 0, 1, 0, 0, 0, 0, -1, 1, 0, 0, 0, 0, 0, -1, -1, -1, 0, 1, -1, 0, 1, 0, 0, -1], "action_rots": [0, 1, 0, 0, 0, 0, 0, 0, 0, 0, 0, 0, -1, 0, 0, 0, 0, 0, 0, 0, 0, 0, 0, 0, 0, 0, 0, 0, 0, 0, 0, 0, 1, 0, 0, 1, 0, 0, 0, 0], "steps": 40, "is_goal": true}