{"map_file_path": "grid_maps/Wiconisco/occ_grid_small.txt", "start_pos": [43, 35], "goal_pos": [89, 29], "robot_rows": [43, 43, 43, 43, 43, 43, 43, 43, 43, 44, 46, 49, 52, 55, 58, 61, 64, 67, 70, 73, 76, 79, 81, 84, 86, 87, 88, 88, 88, 88, 88, 88, 88, 89, 89], "robot_cols": [35, 34, 33, 31, 29, 28, 27, 27, 27, 27, 27, 27, 27, 27, 27, 27, 27, 27, 27, 27, 27, 27, 27, 27, 27, 27, 27, 27, 27, 28, 29, 29, 29, 29, 29], "robot_speeds": [0, 1, 1, 2, 2, 1, 1, 0, 0, 1, 2, 3, 3, 3, 3, 3, 3, 3, 3, 3, 3, 3, 2, 3, 2, 1, 1, 0, 0, 1, 1, 0, 0, 1, 0], "robot_directions": [0, 0, 0, 0, 0, 0, 0, 0, 3, 3, 3, 3, 3, 3, 3, 3, 3, 3, 3, 3, 3, 3, 3, 3, 3, 3, 3, 3, 2, 2, 2, 2, 3, 3, 3], "action_accs": [1, 0, 1, 0, -1, 0, -1, 0, 1, 1, 1, 0, 0, 1, 0, 0, 0, 0, 0, 0, 0, -1, 1, -1, -1, 0, -1, 0, 1, 0, -1, 0, 1, -1], "action_rots": [0, 0, 0, 0, 0, 0, 0, -1, 0, 0, 0, 0, 0, 0, 0, 0, 0, 0, 0, 0, 0, 0, 0, 0, 0, 0, 0, -1, 0, 0, 0, 1, 0, 0], "steps": 34, "is_goal": true}