{"map_file_path": "grid_maps/Ihlen/occ_grid_small.txt", "start_pos": [27, 94], "goal_pos": [12, 42], "robot_rows": [27, 27, 27, 27, 26, 24, 21, 18, 15, 13, 12, 11, 10, 9, 9, 9, 9, 9, 9, 9, 9, 9, 9, 9, 9, 9, 9, 9, 9, 9, 9, 9, 9, 9, 9, 9, 9, 9, 10, 11, 12, 12], "robot_cols": [94, 94, 94, 94, 94, 94, 94, 94, 94, 94, 94, 94, 94, 94, 94, 94, 93, 91, 88, 85, 82, 79, 76, 73, 70, 67, 64, 61, 58, 56, 53, 50, 47, 45, 43, 42, 42, 42, 42, 42, 42, 42], "robot_speeds": [0, 0, 0, 0, 1, 2, 3, 3, 3, 2, 1, 1, 1, 1, 0, 0, 1, 2, 3, 3, 3, 3, 3, 3, 3, 3, 3, 3, 3, 2, 3, 3, 3, 2, 2, 1, 0, 0, 1, 1, 1, 0], "robot_directions": [0, 0, 0, 1, 1, 1, 1, 1, 1, 1, 1, 1, 1, 1, 1, 0, 0, 0, 0, 0, 0, 0, 0, 0, 0, 0, 0, 0, 0, 0, 0, 0, 0, 0, 0, 0, 0, 3, 3, 3, 3, 3], "action_accs": [-1, 0, 0, 1, 1, 1, 0, 0, -1, -1, 0, 0, 0, -1, 0, 1, 1, 1, 0, 0, 0, 0, 0, 0, 0, 0, 0, 0, -1, 1, 0, 0, -1, 0, -1, -1, 0, 1, 0, 0, -1], "action_rots": [0, 0, 1, 0, 0, 0, 0, 0, 0, 0, 0, 0, 0, 0, -1, 0, 0, 0, 0, 0, 0, 0, 0, 0, 0, 0, 0, 0, 0, 0, 0, 0, 0, 0, 0, 0, -1, 0, 0, 0, 0], "steps": 41, "is_goal": true}