{"map_file_path": "grid_maps/Ihlen/occ_grid_small.txt", "start_pos": [50, 62], "goal_pos": [95, 8], "robot_rows": [50, 50, 50, 50, 50, 50, 50, 50, 50, 50, 50, 50, 50, 51, 53, 56, 59, 61, 64, 67, 70, 73, 75, 78, 81, 83, 84, 84, 84, 84, 83, 83, 83, 83, 83, 83, 83, 83, 83, 83, 83, 83, 83, 83, 83, 83, 83, 83, 83, 83, 83, 83, 84, 86, 89, 92, 94, 95, 95, 95, 95, 95, 95, 95], "robot_cols": [62, 62, 61, 59, 56, 54, 52, 51, 50, 50, 50, 50, 50, 50, 50, 50, 50, 50, 50, 50, 50, 50, 50, 50, 50, 50, 50, 50, 50, 50, 50, 50, 50, 49, 47, 44, 41, 38, 35, 32, 29, 26, 23, 21, 18, 15, 12, 9, 7, 6, 6, 6, 6, 6, 6, 6, 6, 6, 6, 6, 7, 7, 8, 8], "robot_speeds": [0, 0, 1, 2, 3, 2, 2, 1, 1, 0, 0, 0, 0, 1, 2, 3, 3, 2, 3, 3, 3, 3, 2, 3, 3, 2, 1, 0, 0, 0, 1, 0, 0, 1, 2, 3, 3, 3, 3, 3, 3, 3, 3, 2, 3, 3, 3, 3, 2, 1, 0, 0, 1, 2, 3, 3, 2, 1, 0, 0, 1, 0, 1, 0], "robot_directions": [0, 0, 0, 0, 0, 0, 0, 0, 0, 0, 0, 3, 3, 3, 3, 3, 3, 3, 3, 3, 3, 3, 3, 3, 3, 3, 3, 3, 0, 1, 1, 1, 0, 0, 0, 0, 0, 0, 0, 0, 0, 0, 0, 0, 0, 0, 0, 0, 0, 0, 0, 3, 3, 3, 3, 3, 3, 3, 3, 2, 2, 2, 2, 2], "action_accs": [-1, 1, 1, 1, -1, 0, -1, 0, -1, 0, 0, 0, 1, 1, 1, 0, -1, 1, 0, 0, 0, -1, 1, 0, -1, -1, -1, 0, 0, 1, -1, 0, 1, 1, 1, 0, 1, 0, 0, 0, 0, 0, -1, 1, 0, 0, 0, -1, -1, 0, 0, 1, 1, 1, 0, -1, -1, -1, 0, 1, -1, 1, -1], "action_rots": [0, 0, 0, 0, 0, 0, 0, 0, 0, 0, -1, 0, 0, 0, 0, 0, 0, 0, 0, 0, 0, 0, 0, 0, 0, 0, 0, 1, 1, 0, 0, -1, 0, 0, 0, 0, 0, 0, 0, 0, 0, 0, 0, 0, 0, 0, 0, 0, 0, 0, -1, 0, 0, 0, 0, 0, 0, 0, -1, 0, 0, 0, 0], "steps": 63, "is_goal": true}