{"map_file_path": "grid_maps/Wiconisco/occ_grid_small.txt", "start_pos": [6, 64], "goal_pos": [22, 11], "robot_rows": [6, 6, 7, 9, 12, 15, 18, 21, 23, 24, 24, 24, 24, 24, 24, 24, 24, 24, 24, 24, 24, 24, 24, 24, 24, 24, 24, 24, 24, 24, 24, 24, 24, 24, 24, 24, 23, 21, 20, 20, 20, 20, 20, 20, 20, 20, 21, 22, 22], "robot_cols": [64, 64, 64, 64, 64, 64, 64, 64, 64, 64, 64, 64, 63, 61, 59, 56, 53, 51, 49, 46, 43, 40, 37, 34, 31, 28, 25, 22, 19, 16, 13, 10, 8, 7, 7, 7, 7, 7, 7, 7, 7, 8, 10, 11, 11, 11, 11, 11, 11], "robot_speeds": [0, 0, 1, 2, 3, 3, 3, 3, 2, 1, 0, 0, 1, 2, 2, 3, 3, 2, 2, 3, 3, 3, 3, 3, 3, 3, 3, 3, 3, 3, 3, 3, 2, 1, 0, 0, 1, 2, 1, 0, 0, 1, 2, 1, 0, 0, 1, 1, 0], "robot_directions": [0, 3, 3, 3, 3, 3, 3, 3, 3, 3, 3, 0, 0, 0, 0, 0, 0, 0, 0, 0, 0, 0, 0, 0, 0, 0, 0, 0, 0, 0, 0, 0, 0, 0, 0, 1, 1, 1, 1, 1, 2, 2, 2, 2, 2, 3, 3, 3, 3], "action_accs": [0, 1, 1, 1, 0, 0, 0, -1, -1, -1, 0, 1, 1, 0, 1, 0, -1, 0, 1, 0, 0, 0, 0, 0, 0, 0, 0, 0, 0, 0, 0, -1, -1, -1, 0, 1, 1, -1, -1, 0, 1, 1, -1, -1, 0, 1, 0, -1], "action_rots": [-1, 0, 0, 0, 0, 0, 0, 0, 0, 0, 1, 0, 0, 0, 0, 0, 0, 0, 0, 0, 0, 0, 0, 0, 0, 0, 0, 0, 0, 0, 0, 0, 0, 0, 1, 0, 0, 0, 0, 1, 0, 0, 0, 0, 1, 0, 0, 0], "steps": 48, "is_goal": true}