{"map_file_path": "grid_maps/Wiconisco/occ_grid_small.txt", "start_pos": [73, 15], "goal_pos": [57, 69], "robot_rows": [73, 73, 73, 73, 73, 73, 73, 73, 73, 73, 73, 73, 73, 73, 73, 73, 72, 70, 67, 64, 61, 58, 55, 53, 52, 51, 51, 51, 51, 51, 51, 51, 51, 51, 51, 52, 53, 53, 53, 53, 53, 53, 53, 53, 53, 53, 53, 53, 53, 53, 53, 54, 56, 58, 58, 58, 58, 57, 57], "robot_cols": [15, 15, 15, 16, 18, 21, 23, 26, 29, 32, 35, 37, 38, 39, 39, 39, 39, 39, 39, 39, 39, 39, 39, 39, 39, 39, 39, 39, 40, 42, 45, 47, 48, 48, 48, 48, 48, 48, 48, 49, 50, 52, 55, 58, 61, 64, 66, 68, 69, 69, 69, 69, 69, 69, 69, 69, 69, 69, 69], "robot_speeds": [0, 0, 0, 1, 2, 3, 2, 3, 3, 3, 3, 2, 1, 1, 0, 0, 1, 2, 3, 3, 3, 3, 3, 2, 1, 1, 0, 0, 1, 2, 3, 2, 1, 0, 0, 1, 1, 0, 0, 1, 1, 2, 3, 3, 3, 3, 2, 2, 1, 0, 0, 1, 2, 2, 0, 0, 0, 1, 0], "robot_directions": [0, 3, 2, 2, 2, 2, 2, 2, 2, 2, 2, 2, 2, 2, 2, 1, 1, 1, 1, 1, 1, 1, 1, 1, 1, 1, 1, 2, 2, 2, 2, 2, 2, 2, 3, 3, 3, 3, 2, 2, 2, 2, 2, 2, 2, 2, 2, 2, 2, 2, 3, 3, 3, 3, 3, 0, 1, 1, 1], "action_accs": [0, 0, 1, 1, 1, -1, 1, 0, 0, 0, -1, -1, 0, -1, 0, 1, 1, 1, 1, 0, 0, 0, -1, -1, 0, -1, 0, 1, 1, 1, -1, -1, -1, 0, 1, 0, -1, 0, 1, 0, 1, 1, 1, 0, 0, -1, 0, -1, -1, 0, 1, 1, 0, -1, 0, 0, 1, -1], "action_rots": [-1, -1, 0, 0, 0, 0, 0, 0, 0, 0, 0, 0, 0, 0, -1, 0, 0, 0, 0, 0, 0, 0, 0, 0, 0, 0, 1, 0, 0, 0, 0, 0, 0, 1, 0, 0, 0, -1, 0, 0, 0, 0, 0, 0, 0, 0, 0, 0, 0, 1, 0, 0, 0, 0, 1, 1, 0, 0], "steps": 58, "is_goal": true}