{"map_file_path": "grid_maps/Ihlen/occ_grid_small.txt", "start_pos": [53, 81], "goal_pos": [49, 2], "robot_rows": [53, 53, 53, 52, 50, 49, 49, 49, 49, 49, 49, 49, 49, 49, 49, 49, 49, 49, 49, 49, 49, 49, 49, 49, 49, 49, 49, 49, 49, 49, 49, 50, 52, 55, 58, 60, 60, 60, 60, 60, 60, 60, 60, 60, 60, 60, 60, 60, 60, 60, 60, 59, 58, 56, 53, 51, 50, 49, 49], "robot_cols": [81, 81, 81, 81, 81, 81, 81, 81, 80, 78, 75, 73, 70, 67, 64, 61, 58, 55, 52, 49, 46, 43, 40, 37, 34, 31, 29, 28, 27, 27, 27, 27, 27, 27, 27, 27, 27, 27, 26, 24, 21, 18, 15, 12, 9, 6, 4, 3, 2, 2, 2, 2, 2, 2, 2, 2, 2, 2, 2], "robot_speeds": [0, 0, 0, 1, 2, 1, 0, 0, 1, 2, 3, 2, 3, 3, 3, 3, 3, 3, 3, 3, 3, 3, 3, 3, 3, 3, 2, 1, 1, 0, 0, 1, 2, 3, 3, 2, 0, 0, 1, 2, 3, 3, 3, 3, 3, 3, 2, 1, 1, 0, 0, 1, 1, 2, 3, 2, 1, 1, 0], "robot_directions": [0, 0, 1, 1, 1, 1, 1, 0, 0, 0, 0, 0, 0, 0, 0, 0, 0, 0, 0, 0, 0, 0, 0, 0, 0, 0, 0, 0, 0, 0, 3, 3, 3, 3, 3, 3, 3, 0, 0, 0, 0, 0, 0, 0, 0, 0, 0, 0, 0, 0, 1, 1, 1, 1, 1, 1, 1, 1, 1], "action_accs": [-1, 0, 1, 1, -1, -1, 0, 1, 1, 1, -1, 1, 0, 0, 0, 0, 0, 0, 0, 0, 0, 0, 1, 1, 1, -1, -1, 0, -1, 0, 1, 1, 1, 0, -1, -1, 0, 1, 1, 1, 1, 0, 0, 1, 0, -1, -1, 0, -1, 0, 1, 0, 1, 1, -1, -1, 0, -1], "action_rots": [0, 1, 0, 0, 0, 0, -1, 0, 0, 0, 0, 0, 0, 0, 0, 0, 0, 0, 0, 0, 0, 0, 0, 0, 0, 0, 0, 0, 0, -1, 0, 0, 0, 0, 0, 0, 1, 0, 0, 0, 0, 0, 0, 0, 0, 0, 0, 0, 0, 1, 0, 0, 0, 0, 0, 0, 0, 0], "steps": 58, "is_goal": true}