{"map_file_path": "grid_maps/Ihlen/occ_grid_small.txt", "start_pos": [95, 23], "goal_pos": [93, 96], "robot_rows": [95, 95, 95, 95, 94, 92, 89, 86, 84, 83, 82, 82, 82, 82, 82, 82, 82, 82, 82, 82, 82, 82, 82, 82, 82, 82, 82, 82, 82, 82, 82, 82, 82, 82, 82, 82, 82, 82, 82, 82, 82, 83, 85, 86, 86, 87, 88, 88, 88, 88, 88, 88, 88, 88, 88, 88, 88, 88, 89, 91, 92, 94, 95, 95, 95, 95, 94, 94, 93, 93], "robot_cols": [23, 23, 23, 23, 23, 23, 23, 23, 23, 23, 23, 23, 23, 23, 24, 26, 29, 32, 34, 36, 39, 42, 45, 48, 51, 53, 55, 58, 61, 64, 67, 70, 73, 76, 79, 81, 84, 86, 87, 87, 87, 87, 87, 87, 87, 87, 87, 87, 87, 88, 90, 92, 94, 95, 95, 96, 96, 96, 96, 96, 96, 96, 96, 96, 96, 96, 96, 96, 96, 96], "robot_speeds": [0, 0, 0, 0, 1, 2, 3, 3, 2, 1, 1, 0, 0, 0, 1, 2, 3, 3, 2, 2, 3, 3, 3, 3, 3, 2, 2, 3, 3, 3, 3, 3, 3, 3, 3, 2, 3, 2, 1, 0, 0, 1, 2, 1, 0, 1, 1, 0, 0, 1, 2, 2, 2, 1, 0, 1, 0, 0, 1, 2, 1, 2, 1, 0, 0, 0, 1, 0, 1, 0], "robot_directions": [0, 0, 1, 1, 1, 1, 1, 1, 1, 1, 1, 1, 1, 2, 2, 2, 2, 2, 2, 2, 2, 2, 2, 2, 2, 2, 2, 2, 2, 2, 2, 2, 2, 2, 2, 2, 2, 2, 2, 2, 3, 3, 3, 3, 3, 3, 3, 3, 2, 2, 2, 2, 2, 2, 2, 2, 2, 3, 3, 3, 3, 3, 3, 3, 0, 1, 1, 1, 1, 1], "action_accs": [-1, 0, 0, 1, 1, 1, 0, -1, -1, 0, -1, 0, 0, 1, 1, 1, 0, -1, 0, 1, 0, 0, 0, 0, -1, 0, 1, 0, 0, 0, 0, 0, 0, 0, -1, 1, -1, -1, -1, 0, 1, 1, -1, -1, 1, 0, -1, 0, 1, 1, 0, 0, -1, 1, 1, -1, 0, 1, 1, -1, 1, -1, -1, 0, 0, 1, -1, 1, -1], "action_rots": [0, 1, 0, 0, 0, 0, 0, 0, 0, 0, 0, 0, 1, 0, 0, 0, 0, 0, 0, 0, 0, 0, 0, 0, 0, 0, 0, 0, 0, 0, 0, 0, 0, 0, 0, 0, 0, 0, 0, 1, 0, 0, 0, 0, 0, 0, 0, -1, 0, 0, 0, 0, 0, 0, 0, 0, 1, 0, 0, 0, 0, 0, 0, 1, 1, 0, 0, 0, 0], "steps": 69, "is_goal": true}