{"map_file_path": "grid_maps/Wiconisco/occ_grid_small.txt", "start_pos": [27, 9], "goal_pos": [44, 44], "robot_rows": [27, 27, 28, 30, 33, 36, 38, 41, 43, 44, 44, 44, 44, 44, 44, 44, 44, 44, 44, 44, 44, 44, 44, 44, 44, 44, 44], "robot_cols": [9, 9, 9, 9, 9, 9, 9, 9, 9, 9, 9, 9, 10, 12, 15, 18, 21, 24, 27, 30, 33, 36, 39, 41, 43, 44, 44], "robot_speeds": [0, 0, 1, 2, 3, 3, 2, 3, 2, 1, 0, 0, 1, 2, 3, 3, 3, 3, 3, 3, 3, 3, 3, 2, 2, 1, 0], "robot_directions": [0, 3, 3, 3, 3, 3, 3, 3, 3, 3, 3, 2, 2, 2, 2, 2, 2, 2, 2, 2, 2, 2, 2, 2, 2, 2, 2], "action_accs": [0, 1, 1, 1, 0, -1, 1, -1, -1, -1, 0, 1, 1, 1, 0, 0, 0, 0, 0, 0, 0, 0, -1, 0, -1, -1], "action_rots": [-1, 0, 0, 0, 0, 0, 0, 0, 0, 0, -1, 0, 0, 0, 0, 0, 0, 0, 0, 0, 0, 0, 0, 0, 0, 0], "steps": 26, "is_goal": true}