{"map_file_path": "grid_maps/Wiconisco/occ_grid_small.txt", "start_pos": [89, 36], "goal_pos": [14, 88], "robot_rows": [89, 89, 89, 89, 89, 89, 89, 89, 89, 88, 86, 83, 80, 77, 74, 71, 68, 65, 62, 59, 56, 53, 50, 47, 44, 41, 38, 35, 33, 30, 27, 24, 21, 19, 17, 17, 17, 17, 17, 17, 17, 17, 17, 17, 17, 17, 17, 17, 17, 17, 17, 17, 17, 17, 17, 17, 17, 17, 17, 17, 17, 17, 16, 15, 14, 14, 14, 14, 14], "robot_cols": [36, 36, 36, 36, 37, 39, 40, 40, 40, 40, 40, 40, 40, 40, 40, 40, 40, 40, 40, 40, 40, 40, 40, 40, 40, 40, 40, 40, 40, 40, 40, 40, 40, 40, 40, 40, 40, 40, 41, 42, 44, 47, 49, 52, 55, 57, 59, 62, 65, 67, 69, 72, 75, 78, 81, 84, 86, 87, 88, 89, 89, 89, 89, 89, 89, 89, 89, 88, 88], "robot_speeds": [0, 0, 0, 0, 1, 2, 1, 0, 0, 1, 2, 3, 3, 3, 3, 3, 3, 3, 3, 3, 3, 3, 3, 3, 3, 3, 3, 3, 2, 3, 3, 3, 3, 2, 2, 0, 0, 0, 1, 1, 2, 3, 2, 3, 3, 2, 2, 3, 3, 2, 2, 3, 3, 3, 3, 3, 2, 1, 1, 1, 0, 0, 1, 1, 1, 0, 0, 1, 0], "robot_directions": [0, 0, 3, 2, 2, 2, 2, 2, 1, 1, 1, 1, 1, 1, 1, 1, 1, 1, 1, 1, 1, 1, 1, 1, 1, 1, 1, 1, 1, 1, 1, 1, 1, 1, 1, 1, 1, 2, 2, 2, 2, 2, 2, 2, 2, 2, 2, 2, 2, 2, 2, 2, 2, 2, 2, 2, 2, 2, 2, 2, 2, 1, 1, 1, 1, 1, 0, 0, 0], "action_accs": [-1, 0, 0, 1, 1, -1, -1, 0, 1, 1, 1, 0, 0, 0, 0, 0, 0, 0, 0, 1, 0, 0, 0, 0, 0, 0, 0, -1, 1, 0, 0, 0, -1, 0, -1, 0, 0, 1, 0, 1, 1, -1, 1, 0, -1, 0, 1, 0, -1, 0, 1, 0, 0, 0, 1, -1, -1, 0, 0, -1, 0, 1, 0, 0, -1, 0, 1, -1], "action_rots": [0, -1, -1, 0, 0, 0, 0, -1, 0, 0, 0, 0, 0, 0, 0, 0, 0, 0, 0, 0, 0, 0, 0, 0, 0, 0, 0, 0, 0, 0, 0, 0, 0, 0, 0, 0, 1, 0, 0, 0, 0, 0, 0, 0, 0, 0, 0, 0, 0, 0, 0, 0, 0, 0, 0, 0, 0, 0, 0, 0, -1, 0, 0, 0, 0, -1, 0, 0], "steps": 68, "is_goal": true}