{"map_file_path": "grid_maps/Wiconisco/occ_grid_small.txt", "start_pos": [88, 10], "goal_pos": [44, 4], "robot_rows": [88, 88, 88, 88, 88, 88, 88, 88, 87, 85, 82, 79, 76, 73, 70, 67, 64, 61, 58, 55, 52, 49, 47, 45, 44, 44, 44, 44, 44, 44], "robot_cols": [10, 9, 7, 5, 3, 2, 2, 2, 2, 2, 2, 2, 2, 2, 2, 2, 2, 2, 2, 2, 2, 2, 2, 2, 2, 2, 2, 3, 4, 4], "robot_speeds": [0, 1, 2, 2, 2, 1, 0, 0, 1, 2, 3, 3, 3, 3, 3, 3, 3, 3, 3, 3, 3, 3, 2, 2, 1, 0, 0, 1, 1, 0], "robot_directions": [0, 0, 0, 0, 0, 0, 0, 1, 1, 1, 1, 1, 1, 1, 1, 1, 1, 1, 1, 1, 1, 1, 1, 1, 1, 1, 2, 2, 2, 2], "action_accs": [1, 1, 0, 0, -1, -1, 0, 1, 1, 1, 0, 0, 0, 0, 0, 0, 0, 0, 0, 0, 0, -1, 0, -1, -1, 0, 1, 0, -1], "action_rots": [0, 0, 0, 0, 0, 0, 1, 0, 0, 0, 0, 0, 0, 0, 0, 0, 0, 0, 0, 0, 0, 0, 0, 0, 0, 1, 0, 0, 0], "steps": 29, "is_goal": true}