{"map_file_path": "grid_maps/Wiconisco/occ_grid_small.txt", "start_pos": [48, 2], "goal_pos": [43, 92], "robot_rows": [48, 48, 48, 47, 46, 44, 42, 41, 40, 40, 40, 40, 40, 40, 40, 40, 40, 40, 40, 40, 40, 40, 40, 40, 40, 40, 40, 40, 40, 40, 40, 40, 40, 40, 40, 40, 40, 40, 40, 39, 37, 35, 34, 34, 34, 34, 34, 34, 34, 34, 34, 34, 34, 34, 34, 34, 34, 34, 34, 34, 34, 34, 34, 34, 34, 35, 37, 40, 42, 43, 43], "robot_cols": [2, 2, 2, 2, 2, 2, 2, 2, 2, 2, 2, 3, 4, 5, 7, 10, 13, 16, 19, 22, 25, 28, 31, 34, 37, 40, 43, 45, 46, 47, 48, 48, 48, 48, 48, 48, 47, 47, 47, 47, 47, 47, 47, 47, 47, 48, 50, 53, 56, 59, 62, 65, 68, 71, 74, 77, 80, 83, 86, 88, 90, 91, 92, 92, 92, 92, 92, 92, 92, 92, 92], "robot_speeds": [0, 0, 0, 1, 1, 2, 2, 1, 1, 0, 0, 1, 1, 1, 2, 3, 3, 3, 3, 3, 3, 3, 3, 3, 3, 3, 3, 2, 1, 1, 1, 0, 0, 0, 0, 0, 1, 0, 0, 1, 2, 2, 1, 0, 0, 1, 2, 3, 3, 3, 3, 3, 3, 3, 3, 3, 3, 3, 3, 2, 2, 1, 1, 0, 0, 1, 2, 3, 2, 1, 0], "robot_directions": [0, 0, 1, 1, 1, 1, 1, 1, 1, 1, 2, 2, 2, 2, 2, 2, 2, 2, 2, 2, 2, 2, 2, 2, 2, 2, 2, 2, 2, 2, 2, 2, 2, 3, 3, 0, 0, 0, 1, 1, 1, 1, 1, 1, 2, 2, 2, 2, 2, 2, 2, 2, 2, 2, 2, 2, 2, 2, 2, 2, 2, 2, 2, 2, 3, 3, 3, 3, 3, 3, 3], "action_accs": [-1, 0, 1, 0, 1, 0, -1, 0, -1, 0, 1, 0, 0, 1, 1, 0, 0, 0, 0, 0, 0, 0, 0, 0, 0, 1, -1, -1, 0, 0, -1, 0, 0, 0, 0, 1, -1, 0, 1, 1, 0, -1, -1, 0, 1, 1, 1, 0, 0, 0, 0, 0, 0, 0, 0, 0, 0, 0, -1, 0, -1, 0, -1, 0, 1, 1, 1, -1, -1, -1], "action_rots": [0, 1, 0, 0, 0, 0, 0, 0, 0, 1, 0, 0, 0, 0, 0, 0, 0, 0, 0, 0, 0, 0, 0, 0, 0, 0, 0, 0, 0, 0, 0, 0, 1, 0, 1, 0, 0, 1, 0, 0, 0, 0, 0, 1, 0, 0, 0, 0, 0, 0, 0, 0, 0, 0, 0, 0, 0, 0, 0, 0, 0, 0, 0, 1, 0, 0, 0, 0, 0, 0], "steps": 70, "is_goal": true}