{"map_file_path": "grid_maps/Ihlen/occ_grid_small.txt", "start_pos": [87, 76], "goal_pos": [59, 1], "robot_rows": [87, 87, 87, 86, 84, 83, 83, 83, 83, 83, 83, 83, 83, 83, 83, 83, 83, 83, 83, 83, 83, 83, 83, 82, 80, 77, 74, 71, 68, 65, 62, 59, 56, 53, 51, 49, 48, 48, 48, 48, 48, 48, 48, 48, 48, 48, 48, 48, 48, 48, 48, 48, 49, 51, 54, 56, 58, 59, 59, 59, 59, 59, 59, 59, 59, 59, 59, 59, 59, 59, 59, 59], "robot_cols": [76, 76, 76, 76, 76, 76, 76, 76, 75, 73, 71, 68, 65, 63, 60, 57, 54, 52, 50, 49, 49, 49, 49, 49, 49, 49, 49, 49, 49, 49, 49, 49, 49, 49, 49, 49, 49, 49, 49, 48, 46, 43, 40, 37, 34, 31, 29, 28, 28, 28, 28, 28, 28, 28, 28, 28, 28, 28, 28, 28, 27, 25, 22, 19, 16, 13, 10, 7, 4, 2, 1, 1], "robot_speeds": [0, 0, 0, 1, 2, 1, 0, 0, 1, 2, 2, 3, 3, 2, 3, 3, 3, 2, 2, 1, 0, 0, 0, 1, 2, 3, 3, 3, 3, 3, 3, 3, 3, 3, 2, 2, 1, 0, 0, 1, 2, 3, 3, 3, 3, 3, 2, 1, 0, 0, 0, 0, 1, 2, 3, 2, 2, 1, 0, 0, 1, 2, 3, 3, 3, 3, 3, 3, 3, 2, 1, 0], "robot_directions": [0, 0, 1, 1, 1, 1, 1, 0, 0, 0, 0, 0, 0, 0, 0, 0, 0, 0, 0, 0, 0, 0, 1, 1, 1, 1, 1, 1, 1, 1, 1, 1, 1, 1, 1, 1, 1, 1, 0, 0, 0, 0, 0, 0, 0, 0, 0, 0, 0, 0, 3, 3, 3, 3, 3, 3, 3, 3, 3, 0, 0, 0, 0, 0, 0, 0, 0, 0, 0, 0, 0, 0], "action_accs": [-1, 0, 1, 1, -1, -1, 0, 1, 1, 0, 1, 0, -1, 1, 0, 0, -1, 0, -1, -1, 0, 0, 1, 1, 1, 0, 0, 0, 0, 0, 0, 0, 0, -1, 0, -1, -1, 0, 1, 1, 1, 0, 0, 0, 0, -1, -1, -1, 0, 0, 0, 1, 1, 1, -1, 0, -1, -1, 0, 1, 1, 1, 0, 0, 0, 1, 0, 0, -1, -1, -1], "action_rots": [0, 1, 0, 0, 0, 0, -1, 0, 0, 0, 0, 0, 0, 0, 0, 0, 0, 0, 0, 0, 0, 1, 0, 0, 0, 0, 0, 0, 0, 0, 0, 0, 0, 0, 0, 0, 0, -1, 0, 0, 0, 0, 0, 0, 0, 0, 0, 0, 0, -1, 0, 0, 0, 0, 0, 0, 0, 0, 1, 0, 0, 0, 0, 0, 0, 0, 0, 0, 0, 0, 0], "steps": 71, "is_goal": true}