{"map_file_path": "grid_maps/Ihlen/occ_grid_small.txt", "start_pos": [15, 53], "goal_pos": [95, 71], "robot_rows": [15, 15, 15, 16, 18, 21, 24, 27, 29, 32, 35, 38, 41, 43, 46, 49, 52, 55, 58, 61, 64, 66, 69, 71, 74, 77, 80, 82, 83, 83, 83, 83, 83, 83, 83, 83, 83, 83, 83, 83, 83, 83, 84, 86, 89, 92, 94, 95, 96, 96, 96, 96, 95, 95], "robot_cols": [53, 53, 53, 53, 53, 53, 53, 53, 53, 53, 53, 53, 53, 53, 53, 53, 53, 53, 53, 53, 53, 53, 53, 53, 53, 53, 53, 53, 53, 53, 53, 54, 56, 59, 62, 65, 68, 70, 71, 71, 71, 71, 71, 71, 71, 71, 71, 71, 71, 71, 71, 71, 71, 71], "robot_speeds": [0, 0, 0, 1, 2, 3, 3, 3, 2, 3, 3, 3, 3, 2, 3, 3, 3, 3, 3, 3, 3, 2, 3, 2, 3, 3, 3, 2, 1, 0, 0, 1, 2, 3, 3, 3, 3, 2, 1, 0, 0, 0, 1, 2, 3, 3, 2, 1, 1, 0, 0, 0, 1, 0], "robot_directions": [0, 0, 3, 3, 3, 3, 3, 3, 3, 3, 3, 3, 3, 3, 3, 3, 3, 3, 3, 3, 3, 3, 3, 3, 3, 3, 3, 3, 3, 3, 2, 2, 2, 2, 2, 2, 2, 2, 2, 2, 2, 3, 3, 3, 3, 3, 3, 3, 3, 3, 0, 1, 1, 1], "action_accs": [-1, 0, 1, 1, 1, 1, 0, -1, 1, 0, 0, 0, -1, 1, 0, 0, 0, 0, 0, 0, -1, 1, -1, 1, 0, 0, -1, -1, -1, 0, 1, 1, 1, 0, 0, 0, -1, -1, -1, 0, 0, 1, 1, 1, 0, -1, -1, 0, -1, 0, 0, 1, -1], "action_rots": [0, -1, 0, 0, 0, 0, 0, 0, 0, 0, 0, 0, 0, 0, 0, 0, 0, 0, 0, 0, 0, 0, 0, 0, 0, 0, 0, 0, 0, -1, 0, 0, 0, 0, 0, 0, 0, 0, 0, 0, 1, 0, 0, 0, 0, 0, 0, 0, 0, 1, 1, 0, 0], "steps": 53, "is_goal": true}