{"map_file_path": "grid_maps/Wiconisco/occ_grid_small.txt", "start_pos": [23, 15], "goal_pos": [51, 52], "robot_rows": [23, 23, 23, 23, 23, 23, 23, 23, 23, 23, 23, 23, 23, 23, 23, 23, 23, 23, 23, 24, 26, 29, 32, 35, 38, 41, 44, 47, 50, 52, 53, 53, 53, 53, 53, 53, 53, 53, 53, 53, 52, 51, 51], "robot_cols": [15, 15, 15, 16, 18, 21, 24, 27, 30, 33, 36, 39, 41, 43, 45, 46, 47, 47, 47, 47, 47, 47, 47, 47, 47, 47, 47, 47, 47, 47, 47, 47, 47, 47, 48, 50, 51, 52, 52, 52, 52, 52, 52], "robot_speeds": [0, 0, 0, 1, 2, 3, 3, 3, 3, 3, 3, 3, 2, 2, 2, 1, 1, 0, 0, 1, 2, 3, 3, 3, 3, 3, 3, 3, 3, 2, 1, 0, 0, 0, 1, 2, 1, 1, 0, 0, 1, 1, 0], "robot_directions": [0, 3, 2, 2, 2, 2, 2, 2, 2, 2, 2, 2, 2, 2, 2, 2, 2, 2, 3, 3, 3, 3, 3, 3, 3, 3, 3, 3, 3, 3, 3, 3, 2, 2, 2, 2, 2, 2, 2, 1, 1, 1, 1], "action_accs": [0, 0, 1, 1, 1, 0, 0, 0, 0, 0, 0, -1, 0, 0, -1, 0, -1, 0, 1, 1, 1, 0, 0, 0, 0, 0, 0, 0, -1, -1, -1, 0, 0, 1, 1, -1, 0, -1, 0, 1, 0, -1], "action_rots": [-1, -1, 0, 0, 0, 0, 0, 0, 0, 0, 0, 0, 0, 0, 0, 0, 0, 1, 0, 0, 0, 0, 0, 0, 0, 0, 0, 0, 0, 0, 0, -1, 0, 0, 0, 0, 0, 0, -1, 0, 0, 0], "steps": 42, "is_goal": true}