{"map_file_path": "grid_maps/Ihlen/occ_grid_small.txt", "start_pos": [41, 6], "goal_pos": [46, 74], "robot_rows": [41, 41, 41, 42, 44, 47, 50, 53, 55, 58, 60, 61, 61, 61, 61, 61, 61, 61, 60, 60, 60, 60, 60, 60, 60, 60, 60, 60, 60, 60, 60, 60, 60, 60, 59, 57, 54, 52, 49, 47, 46, 46, 46, 46, 47, 48, 49, 50, 50, 50, 50, 50, 50, 50, 50, 50, 50, 50, 50, 50, 50, 50, 50, 50, 50, 50, 50, 50, 50, 50, 49, 47, 45, 43, 42, 42, 42, 42, 42, 42, 42, 42, 42, 42, 43, 45, 46, 47, 47, 47, 47, 46, 46], "robot_cols": [6, 6, 6, 6, 6, 6, 6, 6, 6, 6, 6, 6, 6, 6, 6, 6, 6, 6, 6, 6, 6, 6, 7, 9, 12, 15, 18, 21, 24, 26, 28, 29, 29, 29, 29, 29, 29, 29, 29, 29, 29, 29, 29, 29, 29, 29, 29, 29, 29, 29, 30, 32, 35, 38, 41, 44, 47, 50, 53, 56, 59, 62, 65, 68, 71, 74, 76, 77, 77, 77, 77, 77, 77, 77, 77, 77, 77, 77, 76, 76, 75, 74, 74, 74, 74, 74, 74, 74, 74, 74, 74, 74, 74], "robot_speeds": [0, 0, 0, 1, 2, 3, 3, 3, 2, 3, 2, 1, 0, 0, 0, 0, 0, 0, 1, 0, 0, 0, 1, 2, 3, 3, 3, 3, 3, 2, 2, 1, 0, 0, 1, 2, 3, 2, 3, 2, 1, 0, 0, 0, 1, 1, 1, 1, 0, 0, 1, 2, 3, 3, 3, 3, 3, 3, 3, 3, 3, 3, 3, 3, 3, 3, 2, 1, 0, 0, 1, 2, 2, 2, 1, 0, 0, 0, 1, 0, 1, 1, 0, 0, 1, 2, 1, 1, 0, 0, 0, 1, 0], "robot_directions": [0, 0, 3, 3, 3, 3, 3, 3, 3, 3, 3, 3, 3, 0, 0, 0, 0, 1, 1, 1, 1, 2, 2, 2, 2, 2, 2, 2, 2, 2, 2, 2, 2, 1, 1, 1, 1, 1, 1, 1, 1, 1, 0, 3, 3, 3, 3, 3, 3, 2, 2, 2, 2, 2, 2, 2, 2, 2, 2, 2, 2, 2, 2, 2, 2, 2, 2, 2, 2, 1, 1, 1, 1, 1, 1, 1, 1, 0, 0, 0, 0, 0, 0, 3, 3, 3, 3, 3, 3, 0, 1, 1, 1], "action_accs": [-1, 0, 1, 1, 1, 0, 0, -1, 1, -1, -1, -1, 0, 0, 0, 0, 0, 1, -1, 0, 0, 1, 1, 1, 1, 0, 0, 0, -1, 0, -1, -1, 0, 1, 1, 1, -1, 1, -1, -1, -1, 0, 0, 1, 0, 0, 0, -1, 0, 1, 1, 1, 0, 0, 0, 0, 0, 0, 0, 0, 0, 0, 0, 0, 0, -1, -1, -1, 0, 1, 1, 0, 0, -1, -1, 0, 0, 1, -1, 1, 0, -1, 0, 1, 1, -1, 0, -1, 0, 0, 1, -1], "action_rots": [0, -1, 0, 0, 0, 0, 0, 0, 0, 0, 0, 0, 1, 0, 0, 0, 1, 0, 0, 0, 1, 0, 0, 0, 0, 0, 0, 0, 0, 0, 0, 0, -1, 0, 0, 0, 0, 0, 0, 0, 0, -1, -1, 0, 0, 0, 0, 0, -1, 0, 0, 0, 0, 0, 0, 0, 0, 0, 0, 0, 0, 0, 0, 0, 0, 0, 0, 0, -1, 0, 0, 0, 0, 0, 0, 0, -1, 0, 0, 0, 0, 0, -1, 0, 0, 0, 0, 0, 1, 1, 0, 0], "steps": 92, "is_goal": true}