{"map_file_path": "grid_maps/Wiconisco/occ_grid_small.txt", "start_pos": [96, 25], "goal_pos": [21, 31], "robot_rows": [96, 96, 96, 96, 96, 96, 96, 96, 96, 96, 96, 96, 96, 96, 96, 95, 93, 91, 89, 87, 84, 81, 78, 75, 72, 69, 66, 63, 60, 57, 54, 51, 48, 45, 42, 39, 36, 33, 30, 27, 24, 22, 20, 19, 19, 19, 19, 19, 19, 19, 19, 19, 19, 20, 21, 21], "robot_cols": [25, 25, 25, 25, 25, 25, 26, 28, 31, 34, 36, 38, 39, 39, 39, 39, 39, 39, 39, 39, 39, 39, 39, 39, 39, 39, 39, 39, 39, 39, 39, 39, 39, 39, 39, 39, 39, 39, 39, 39, 39, 39, 39, 39, 39, 39, 38, 36, 34, 32, 31, 31, 31, 31, 31, 31], "robot_speeds": [0, 0, 0, 0, 0, 0, 1, 2, 3, 3, 2, 2, 1, 0, 0, 1, 2, 2, 2, 2, 3, 3, 3, 3, 3, 3, 3, 3, 3, 3, 3, 3, 3, 3, 3, 3, 3, 3, 3, 3, 3, 2, 2, 1, 0, 0, 1, 2, 2, 2, 1, 0, 0, 1, 1, 0], "robot_directions": [0, 0, 3, 3, 2, 2, 2, 2, 2, 2, 2, 2, 2, 2, 1, 1, 1, 1, 1, 1, 1, 1, 1, 1, 1, 1, 1, 1, 1, 1, 1, 1, 1, 1, 1, 1, 1, 1, 1, 1, 1, 1, 1, 1, 1, 0, 0, 0, 0, 0, 0, 0, 3, 3, 3, 3], "action_accs": [-1, 0, 0, 0, 0, 1, 1, 1, 0, -1, 0, -1, -1, 0, 1, 1, 0, 0, 0, 1, 0, 0, 0, 0, 0, 0, 0, 0, 0, 0, 0, 0, 0, 0, 0, 1, 0, 0, 0, 0, -1, 0, -1, -1, 0, 1, 1, 0, 0, -1, -1, 0, 1, 0, -1], "action_rots": [0, -1, 0, -1, 0, 0, 0, 0, 0, 0, 0, 0, 0, -1, 0, 0, 0, 0, 0, 0, 0, 0, 0, 0, 0, 0, 0, 0, 0, 0, 0, 0, 0, 0, 0, 0, 0, 0, 0, 0, 0, 0, 0, 0, -1, 0, 0, 0, 0, 0, 0, -1, 0, 0, 0], "steps": 55, "is_goal": true}