{"map_file_path": "grid_maps/Wiconisco/occ_grid_small.txt", "start_pos": [45, 42], "goal_pos": [66, 13], "robot_rows": [45, 45, 45, 45, 45, 45, 45, 45, 45, 45, 45, 45, 45, 45, 45, 45, 45, 46, 48, 51, 54, 56, 59, 62, 65, 67, 69, 70, 70, 70, 70, 70, 69, 67, 66, 66], "robot_cols": [42, 42, 41, 39, 36, 34, 32, 30, 27, 24, 22, 19, 16, 14, 13, 13, 13, 13, 13, 13, 13, 13, 13, 13, 13, 13, 13, 13, 13, 13, 13, 13, 13, 13, 13, 13], "robot_speeds": [0, 0, 1, 2, 3, 2, 2, 2, 3, 3, 2, 3, 3, 2, 1, 0, 0, 1, 2, 3, 3, 2, 3, 3, 3, 2, 2, 1, 0, 0, 0, 0, 1, 2, 1, 0], "robot_directions": [0, 0, 0, 0, 0, 0, 0, 0, 0, 0, 0, 0, 0, 0, 0, 0, 3, 3, 3, 3, 3, 3, 3, 3, 3, 3, 3, 3, 3, 0, 1, 1, 1, 1, 1, 1], "action_accs": [-1, 1, 1, 1, -1, 0, 0, 1, 0, -1, 1, 0, -1, -1, -1, 0, 1, 1, 1, 0, -1, 1, 0, 0, -1, 0, -1, -1, 0, 0, 0, 1, 1, -1, -1], "action_rots": [0, 0, 0, 0, 0, 0, 0, 0, 0, 0, 0, 0, 0, 0, 0, -1, 0, 0, 0, 0, 0, 0, 0, 0, 0, 0, 0, 0, 1, 1, 0, 0, 0, 0, 0], "steps": 35, "is_goal": true}