{"map_file_path": "grid_maps/Wiconisco/occ_grid_small.txt", "start_pos": [22, 45], "goal_pos": [32, 89], "robot_rows": [22, 22, 22, 23, 25, 28, 30, 31, 32, 33, 33, 33, 33, 33, 33, 33, 33, 33, 33, 33, 33, 33, 33, 33, 33, 33, 33, 33, 33, 33, 33, 33, 33, 33, 32, 32], "robot_cols": [45, 45, 45, 45, 45, 45, 45, 45, 45, 45, 45, 45, 45, 45, 46, 48, 51, 54, 57, 60, 63, 66, 69, 72, 75, 78, 81, 84, 86, 88, 89, 89, 89, 89, 89, 89], "robot_speeds": [0, 0, 0, 1, 2, 3, 2, 1, 1, 1, 0, 0, 0, 0, 1, 2, 3, 3, 3, 3, 3, 3, 3, 3, 3, 3, 3, 3, 2, 2, 1, 0, 0, 0, 1, 0], "robot_directions": [0, 0, 3, 3, 3, 3, 3, 3, 3, 3, 3, 2, 2, 2, 2, 2, 2, 2, 2, 2, 2, 2, 2, 2, 2, 2, 2, 2, 2, 2, 2, 2, 1, 1, 1, 1], "action_accs": [-1, 0, 1, 1, 1, -1, -1, 0, 0, -1, 0, 0, 0, 1, 1, 1, 0, 0, 0, 0, 0, 0, 0, 0, 0, 0, 0, -1, 0, -1, -1, 0, 0, 1, -1], "action_rots": [0, -1, 0, 0, 0, 0, 0, 0, 0, 0, -1, 0, 0, 0, 0, 0, 0, 0, 0, 0, 0, 0, 0, 0, 0, 0, 0, 0, 0, 0, 0, -1, 0, 0, 0], "steps": 35, "is_goal": true}