{"map_file_path": "grid_maps/Wiconisco/occ_grid_small.txt", "start_pos": [28, 33], "goal_pos": [76, 16], "robot_rows": [28, 28, 28, 28, 28, 28, 28, 28, 28, 28, 28, 28, 28, 28, 28, 28, 28, 28, 28, 28, 29, 31, 33, 35, 38, 41, 44, 47, 50, 53, 56, 59, 61, 64, 67, 70, 73, 75, 76, 76, 76, 76, 76, 76, 76], "robot_cols": [33, 33, 32, 30, 27, 25, 23, 21, 19, 17, 15, 13, 12, 12, 12, 12, 13, 14, 14, 14, 14, 14, 14, 14, 14, 14, 14, 14, 14, 14, 14, 14, 14, 14, 14, 14, 14, 14, 14, 14, 14, 14, 15, 16, 16], "robot_speeds": [0, 0, 1, 2, 3, 2, 2, 2, 2, 2, 2, 2, 1, 0, 0, 0, 1, 1, 0, 0, 1, 2, 2, 2, 3, 3, 3, 3, 3, 3, 3, 3, 2, 3, 3, 3, 3, 2, 1, 0, 0, 0, 1, 1, 0], "robot_directions": [0, 0, 0, 0, 0, 0, 0, 0, 0, 0, 0, 0, 0, 0, 3, 2, 2, 2, 2, 3, 3, 3, 3, 3, 3, 3, 3, 3, 3, 3, 3, 3, 3, 3, 3, 3, 3, 3, 3, 3, 2, 2, 2, 2, 2], "action_accs": [-1, 1, 1, 1, -1, 0, 0, 0, 0, 0, 0, -1, -1, 0, 0, 1, 0, -1, 0, 1, 1, 0, 0, 1, 0, 0, 0, 1, 0, 0, 0, -1, 1, 0, 0, 1, -1, -1, -1, 0, 0, 1, 0, -1], "action_rots": [0, 0, 0, 0, 0, 0, 0, 0, 0, 0, 0, 0, 0, -1, -1, 0, 0, 0, 1, 0, 0, 0, 0, 0, 0, 0, 0, 0, 0, 0, 0, 0, 0, 0, 0, 0, 0, 0, 0, -1, 0, 0, 0, 0], "steps": 44, "is_goal": true}