{"map_file_path": "grid_maps/Wiconisco/occ_grid_small.txt", "start_pos": [42, 59], "goal_pos": [58, 21], "robot_rows": [42, 42, 42, 42, 42, 42, 42, 42, 42, 42, 42, 43, 45, 45, 46, 45, 46, 45, 45, 46, 45, 46, 45], "robot_cols": [59, 59, 59, 60, 62, 65, 68, 70, 71, 71, 71, 71, 71, 71, 71, 71, 71, 71, 71, 71, 71, 71, 71], "robot_speeds": [0, 0, 0, 1, 2, 3, 3, 2, 1, 0, 0, 1, 2, 0, 1, 0, 1, 0, 0, 1, 0, 1, 0], "robot_directions": [0, 3, 2, 2, 2, 2, 2, 2, 2, 2, 3, 3, 3, 3, 3, 3, 3, 3, 3, 3, 3, 3, 3], "action_accs": [0, 0, 1, 1, 1, 0, -1, -1, -1, 0, 1, 1, 0, 1, 1, 1, 1, 0, 1, 1, 1, 1], "action_rots": [-1, -1, 0, 0, 0, 0, 0, 0, 0, 1, 0, 0, 0, 0, 0, 0, 0, 0, 0, 0, 0, 0], "steps": 22, "is_goal": false}