{"map_file_path": "grid_maps/Ihlen/occ_grid_small.txt", "start_pos": [45, 73], "goal_pos": [79, 34], "robot_rows": [45, 45, 45, 46, 48, 49, 49, 49, 49, 49, 49, 49, 49, 49, 49, 49, 49, 49, 49, 49, 49, 50, 52, 55, 58, 60, 63, 66, 69, 72, 75, 77, 78, 78, 79, 79, 79, 79, 79, 79, 79, 79, 79, 79, 79], "robot_cols": [73, 73, 73, 73, 73, 73, 73, 73, 72, 70, 67, 64, 61, 58, 55, 53, 52, 50, 49, 49, 49, 49, 49, 49, 49, 49, 49, 49, 49, 49, 49, 49, 49, 49, 49, 49, 49, 48, 46, 43, 40, 37, 35, 34, 34], "robot_speeds": [0, 0, 0, 1, 2, 1, 0, 0, 1, 2, 3, 3, 3, 3, 3, 2, 1, 2, 1, 0, 0, 1, 2, 3, 3, 2, 3, 3, 3, 3, 3, 2, 1, 0, 1, 0, 0, 1, 2, 3, 3, 3, 2, 1, 0], "robot_directions": [0, 0, 3, 3, 3, 3, 3, 0, 0, 0, 0, 0, 0, 0, 0, 0, 0, 0, 0, 0, 3, 3, 3, 3, 3, 3, 3, 3, 3, 3, 3, 3, 3, 3, 3, 3, 0, 0, 0, 0, 0, 0, 0, 0, 0], "action_accs": [0, 0, 1, 1, -1, -1, 0, 1, 1, 1, 0, 0, 0, 1, -1, -1, 1, -1, -1, 0, 1, 1, 1, 0, -1, 1, 0, 1, 1, 0, -1, -1, -1, 1, -1, 0, 1, 1, 1, 0, 1, -1, -1, -1], "action_rots": [0, -1, 0, 0, 0, 0, 1, 0, 0, 0, 0, 0, 0, 0, 0, 0, 0, 0, 0, -1, 0, 0, 0, 0, 0, 0, 0, 0, 0, 0, 0, 0, 0, 0, 0, 1, 0, 0, 0, 0, 0, 0, 0, 0], "steps": 44, "is_goal": true}