{"map_file_path": "grid_maps/Ihlen/occ_grid_small.txt", "start_pos": [86, 72], "goal_pos": [20, 33], "robot_rows": [86, 86, 86, 85, 83, 81, 80, 80, 80, 80, 80, 80, 80, 80, 80, 80, 80, 80, 80, 80, 80, 80, 80, 80, 80, 80, 80, 80, 80, 80, 80, 79, 77, 74, 71, 68, 65, 62, 59, 56, 53, 50, 47, 44, 41, 38, 35, 32, 30, 28, 27, 27, 27, 27, 27, 27, 27, 27, 27, 27, 27, 27, 27, 27, 27, 27, 27, 26, 24, 22, 21, 20, 20, 20, 20, 20], "robot_cols": [72, 72, 72, 72, 72, 72, 72, 72, 72, 71, 69, 66, 63, 60, 57, 54, 52, 50, 48, 47, 47, 47, 47, 48, 49, 51, 52, 53, 53, 53, 53, 53, 53, 53, 53, 53, 53, 53, 53, 53, 53, 53, 53, 53, 53, 53, 53, 53, 53, 53, 53, 53, 53, 53, 53, 53, 52, 50, 47, 44, 41, 38, 36, 34, 32, 32, 32, 32, 32, 32, 32, 32, 32, 32, 33, 33], "robot_speeds": [0, 0, 0, 1, 2, 2, 1, 0, 0, 1, 2, 3, 3, 3, 3, 3, 2, 2, 2, 1, 0, 0, 0, 1, 1, 2, 1, 1, 0, 0, 0, 1, 2, 3, 3, 3, 3, 3, 3, 3, 3, 3, 3, 3, 3, 3, 3, 3, 2, 2, 1, 0, 0, 0, 0, 0, 1, 2, 3, 3, 3, 3, 2, 2, 2, 0, 0, 1, 2, 2, 1, 1, 0, 0, 1, 0], "robot_directions": [0, 0, 1, 1, 1, 1, 1, 1, 0, 0, 0, 0, 0, 0, 0, 0, 0, 0, 0, 0, 0, 3, 2, 2, 2, 2, 2, 2, 2, 2, 1, 1, 1, 1, 1, 1, 1, 1, 1, 1, 1, 1, 1, 1, 1, 1, 1, 1, 1, 1, 1, 1, 1, 1, 0, 0, 0, 0, 0, 0, 0, 0, 0, 0, 0, 0, 1, 1, 1, 1, 1, 1, 1, 2, 2, 2], "action_accs": [-1, 0, 1, 1, 0, -1, -1, 0, 1, 1, 1, 0, 0, 0, 0, -1, 0, 0, -1, -1, 0, 0, 1, 0, 1, -1, 0, -1, 0, 0, 1, 1, 1, 0, 0, 0, 0, 0, 0, 0, 0, 0, 0, 0, 0, 0, 0, -1, 0, -1, -1, 0, 0, 0, 0, 1, 1, 1, 0, 0, 0, -1, 0, 0, -1, 0, 1, 1, 0, -1, 0, -1, 0, 1, -1], "action_rots": [0, 1, 0, 0, 0, 0, 0, -1, 0, 0, 0, 0, 0, 0, 0, 0, 0, 0, 0, 0, -1, -1, 0, 0, 0, 0, 0, 0, 0, -1, 0, 0, 0, 0, 0, 0, 0, 0, 0, 0, 0, 0, 0, 0, 0, 0, 0, 0, 0, 0, 0, 0, 0, -1, 0, 0, 0, 0, 0, 0, 0, 0, 0, 0, 0, 1, 0, 0, 0, 0, 0, 0, 1, 0, 0], "steps": 75, "is_goal": true}