{"map_file_path": "grid_maps/Ihlen/occ_grid_small.txt", "start_pos": [86, 75], "goal_pos": [31, 80], "robot_rows": [86, 86, 86, 86, 85, 83, 82, 82, 82, 82, 82, 82, 82, 82, 82, 82, 82, 82, 82, 82, 82, 82, 81, 79, 76, 73, 70, 67, 64, 61, 58, 56, 53, 51, 50, 49, 48, 48, 48, 48, 49, 49, 49, 49, 49, 49, 49, 49, 49, 49, 49, 49, 49, 49, 49, 49, 49, 49, 49, 49, 49, 49, 49, 49, 49, 49, 48, 46, 43, 40, 37, 34, 32, 31, 30, 30, 30, 30, 31, 31], "robot_cols": [75, 75, 75, 75, 75, 75, 75, 75, 75, 75, 74, 72, 70, 67, 64, 61, 59, 57, 55, 54, 54, 54, 54, 54, 54, 54, 54, 54, 54, 54, 54, 54, 54, 54, 54, 54, 54, 54, 54, 54, 54, 54, 54, 55, 57, 60, 63, 66, 69, 72, 75, 77, 79, 81, 83, 85, 86, 86, 86, 86, 85, 83, 81, 80, 80, 80, 80, 80, 80, 80, 80, 80, 80, 80, 80, 80, 80, 80, 80, 80], "robot_speeds": [0, 0, 0, 0, 1, 2, 1, 0, 0, 0, 1, 2, 2, 3, 3, 3, 2, 2, 2, 1, 0, 0, 1, 2, 3, 3, 3, 3, 3, 3, 3, 2, 3, 2, 1, 1, 1, 0, 0, 0, 1, 0, 0, 1, 2, 3, 3, 3, 3, 3, 3, 2, 2, 2, 2, 2, 1, 0, 0, 0, 1, 2, 2, 1, 0, 0, 1, 2, 3, 3, 3, 3, 2, 1, 1, 0, 0, 0, 1, 0], "robot_directions": [0, 0, 0, 1, 1, 1, 1, 1, 0, 0, 0, 0, 0, 0, 0, 0, 0, 0, 0, 0, 0, 1, 1, 1, 1, 1, 1, 1, 1, 1, 1, 1, 1, 1, 1, 1, 1, 1, 0, 3, 3, 3, 2, 2, 2, 2, 2, 2, 2, 2, 2, 2, 2, 2, 2, 2, 2, 2, 3, 0, 0, 0, 0, 0, 0, 1, 1, 1, 1, 1, 1, 1, 1, 1, 1, 1, 0, 3, 3, 3], "action_accs": [-1, 0, 0, 1, 1, -1, -1, 0, 0, 1, 1, 0, 1, 0, 0, -1, 0, 0, -1, -1, 0, 1, 1, 1, 0, 0, 0, 0, 0, 0, -1, 1, -1, -1, 0, 0, -1, 0, 0, 1, -1, 0, 1, 1, 1, 0, 0, 0, 0, 0, -1, 0, 0, 0, 0, -1, -1, 0, 0, 1, 1, 0, -1, -1, 0, 1, 1, 1, 1, 0, 0, -1, -1, 0, -1, 0, 0, 1, -1], "action_rots": [0, 0, 1, 0, 0, 0, 0, -1, 0, 0, 0, 0, 0, 0, 0, 0, 0, 0, 0, 0, 1, 0, 0, 0, 0, 0, 0, 0, 0, 0, 0, 0, 0, 0, 0, 0, 0, -1, -1, 0, 0, -1, 0, 0, 0, 0, 0, 0, 0, 0, 0, 0, 0, 0, 0, 0, 0, 1, 1, 0, 0, 0, 0, 0, 1, 0, 0, 0, 0, 0, 0, 0, 0, 0, 0, -1, -1, 0, 0], "steps": 79, "is_goal": true}