{"map_file_path": "grid_maps/Ihlen/occ_grid_small.txt", "start_pos": [89, 82], "goal_pos": [51, 56], "robot_rows": [89, 89, 89, 88, 86, 83, 81, 80, 80, 80, 80, 80, 80, 80, 80, 80, 80, 80, 80, 80, 80, 80, 80, 80, 79, 77, 74, 71, 69, 66, 63, 60, 57, 54, 52, 51, 51], "robot_cols": [82, 82, 82, 82, 82, 82, 82, 82, 82, 82, 82, 81, 79, 76, 73, 70, 67, 64, 61, 59, 57, 56, 56, 56, 56, 56, 56, 56, 56, 56, 56, 56, 56, 56, 56, 56, 56], "robot_speeds": [0, 0, 0, 1, 2, 3, 2, 1, 0, 0, 0, 1, 2, 3, 3, 3, 3, 3, 3, 2, 2, 1, 0, 0, 1, 2, 3, 3, 2, 3, 3, 3, 3, 3, 2, 1, 0], "robot_directions": [0, 0, 1, 1, 1, 1, 1, 1, 1, 1, 0, 0, 0, 0, 0, 0, 0, 0, 0, 0, 0, 0, 0, 1, 1, 1, 1, 1, 1, 1, 1, 1, 1, 1, 1, 1, 1], "action_accs": [-1, 0, 1, 1, 1, -1, -1, -1, 0, 0, 1, 1, 1, 0, 0, 0, 0, 0, -1, 0, -1, -1, 0, 1, 1, 1, 1, -1, 1, 0, 0, 0, 0, -1, -1, -1], "action_rots": [0, 1, 0, 0, 0, 0, 0, 0, 0, -1, 0, 0, 0, 0, 0, 0, 0, 0, 0, 0, 0, 0, 1, 0, 0, 0, 0, 0, 0, 0, 0, 0, 0, 0, 0, 0], "steps": 36, "is_goal": true}