{"map_file_path": "grid_maps/Wiconisco/occ_grid_small.txt", "start_pos": [41, 78], "goal_pos": [10, 3], "robot_rows": [41, 41, 41, 42, 44, 47, 50, 52, 53, 53, 53, 53, 53, 53, 53, 53, 53, 53, 53, 53, 53, 53, 53, 53, 53, 53, 52, 50, 47, 44, 41, 39, 36, 34, 31, 28, 25, 22, 20, 18, 17, 17, 17, 17, 17, 17, 17, 17, 17, 17, 17, 17, 17, 17, 17, 17, 17, 17, 17, 17, 17, 17, 17, 17, 17, 17, 16, 14, 12, 11, 10, 10], "robot_cols": [78, 78, 78, 78, 78, 78, 78, 78, 78, 78, 78, 77, 75, 72, 69, 66, 63, 60, 57, 54, 51, 49, 48, 47, 47, 47, 47, 47, 47, 47, 47, 47, 47, 47, 47, 47, 47, 47, 47, 47, 47, 47, 47, 47, 47, 46, 44, 41, 39, 36, 33, 30, 27, 24, 21, 18, 16, 13, 10, 7, 5, 4, 3, 3, 3, 3, 3, 3, 3, 3, 3, 3], "robot_speeds": [0, 0, 0, 1, 2, 3, 3, 2, 1, 0, 0, 1, 2, 3, 3, 3, 3, 3, 3, 3, 3, 2, 1, 1, 0, 0, 1, 2, 3, 3, 3, 2, 3, 2, 3, 3, 3, 3, 2, 2, 1, 0, 0, 0, 0, 1, 2, 3, 2, 3, 3, 3, 3, 3, 3, 3, 2, 3, 3, 3, 2, 1, 1, 0, 0, 0, 1, 2, 2, 1, 1, 0], "robot_directions": [0, 0, 3, 3, 3, 3, 3, 3, 3, 3, 0, 0, 0, 0, 0, 0, 0, 0, 0, 0, 0, 0, 0, 0, 0, 1, 1, 1, 1, 1, 1, 1, 1, 1, 1, 1, 1, 1, 1, 1, 1, 1, 1, 0, 0, 0, 0, 0, 0, 0, 0, 0, 0, 0, 0, 0, 0, 0, 0, 0, 0, 0, 0, 0, 1, 1, 1, 1, 1, 1, 1, 1], "action_accs": [-1, 0, 1, 1, 1, 0, -1, -1, -1, 0, 1, 1, 1, 1, 0, 0, 0, 0, 0, 0, -1, -1, 0, -1, 0, 1, 1, 1, 0, 0, -1, 1, -1, 1, 0, 0, 0, -1, 0, -1, -1, 0, 0, 0, 1, 1, 1, -1, 1, 0, 0, 0, 0, 0, 0, -1, 1, 0, 0, -1, -1, 0, -1, 0, 0, 1, 1, 0, -1, 0, -1], "action_rots": [0, -1, 0, 0, 0, 0, 0, 0, 0, 1, 0, 0, 0, 0, 0, 0, 0, 0, 0, 0, 0, 0, 0, 0, 1, 0, 0, 0, 0, 0, 0, 0, 0, 0, 0, 0, 0, 0, 0, 0, 0, 0, -1, 0, 0, 0, 0, 0, 0, 0, 0, 0, 0, 0, 0, 0, 0, 0, 0, 0, 0, 0, 0, 1, 0, 0, 0, 0, 0, 0, 0], "steps": 71, "is_goal": true}