{"map_file_path": "grid_maps/Wiconisco/occ_grid_small.txt", "start_pos": [4, 49], "goal_pos": [73, 37], "robot_rows": [4, 4, 5, 7, 10, 13, 16, 19, 22, 25, 28, 31, 33, 34, 34, 34, 34, 34, 34, 34, 34, 34, 34, 34, 35, 37, 40, 43, 46, 49, 52, 55, 58, 60, 63, 66, 69, 71, 72, 73, 73, 73, 73, 73, 73, 73, 74, 74, 74, 74, 74, 74, 74, 74, 73, 73], "robot_cols": [49, 49, 49, 49, 49, 49, 49, 49, 49, 49, 49, 49, 49, 49, 49, 49, 48, 46, 43, 41, 40, 40, 40, 40, 40, 40, 40, 40, 40, 40, 40, 40, 40, 40, 40, 40, 40, 40, 40, 40, 40, 40, 40, 40, 40, 40, 40, 40, 40, 39, 38, 37, 37, 37, 37, 37], "robot_speeds": [0, 0, 1, 2, 3, 3, 3, 3, 3, 3, 3, 3, 2, 1, 0, 0, 1, 2, 3, 2, 1, 0, 0, 0, 1, 2, 3, 3, 3, 3, 3, 3, 3, 2, 3, 3, 3, 2, 1, 1, 0, 0, 0, 0, 0, 0, 1, 0, 0, 1, 1, 1, 0, 0, 1, 0], "robot_directions": [0, 3, 3, 3, 3, 3, 3, 3, 3, 3, 3, 3, 3, 3, 3, 0, 0, 0, 0, 0, 0, 0, 0, 3, 3, 3, 3, 3, 3, 3, 3, 3, 3, 3, 3, 3, 3, 3, 3, 3, 3, 3, 3, 3, 3, 3, 3, 3, 0, 0, 0, 0, 0, 1, 1, 1], "action_accs": [0, 1, 1, 1, 0, 0, 0, 0, 0, 0, 0, -1, -1, -1, 0, 1, 1, 1, -1, -1, -1, 0, 0, 1, 1, 1, 0, 0, 0, 0, 0, 0, -1, 1, 0, 0, -1, -1, 0, -1, 0, 0, 0, 0, 0, 1, -1, 0, 1, 0, 0, -1, 0, 1, -1], "action_rots": [-1, 0, 0, 0, 0, 0, 0, 0, 0, 0, 0, 0, 0, 0, 1, 0, 0, 0, 0, 0, 0, 0, -1, 0, 0, 0, 0, 0, 0, 0, 0, 0, 0, 0, 0, 0, 0, 0, 0, 0, 0, 0, 0, 0, 0, 0, 0, 1, 0, 0, 0, 0, 1, 0, 0], "steps": 55, "is_goal": true}