{"map_file_path": "grid_maps/Wiconisco/occ_grid_small.txt", "start_pos": [4, 61], "goal_pos": [32, 14], "robot_rows": [4, 4, 5, 7, 10, 13, 16, 19, 21, 24, 27, 29, 31, 32, 32, 32, 32, 32, 32, 32, 32, 32, 32, 32, 32, 32, 32, 32, 32, 32, 32, 32, 32, 32, 32, 32, 32, 32], "robot_cols": [61, 61, 61, 61, 61, 61, 61, 61, 61, 61, 61, 61, 61, 61, 61, 61, 61, 60, 59, 58, 56, 53, 50, 47, 44, 41, 38, 35, 32, 29, 26, 24, 21, 18, 16, 15, 14, 14], "robot_speeds": [0, 0, 1, 2, 3, 3, 3, 3, 2, 3, 3, 2, 2, 1, 0, 0, 0, 1, 1, 1, 2, 3, 3, 3, 3, 3, 3, 3, 3, 3, 3, 2, 3, 3, 2, 1, 1, 0], "robot_directions": [0, 3, 3, 3, 3, 3, 3, 3, 3, 3, 3, 3, 3, 3, 3, 3, 0, 0, 0, 0, 0, 0, 0, 0, 0, 0, 0, 0, 0, 0, 0, 0, 0, 0, 0, 0, 0, 0], "action_accs": [0, 1, 1, 1, 0, 0, 0, -1, 1, 0, -1, 0, -1, -1, 0, 0, 1, 0, 0, 1, 1, 0, 0, 0, 0, 0, 0, 0, 0, 1, -1, 1, 0, -1, -1, 0, -1], "action_rots": [-1, 0, 0, 0, 0, 0, 0, 0, 0, 0, 0, 0, 0, 0, 0, 1, 0, 0, 0, 0, 0, 0, 0, 0, 0, 0, 0, 0, 0, 0, 0, 0, 0, 0, 0, 0, 0], "steps": 37, "is_goal": true}