{"map_file_path": "grid_maps/Ihlen/occ_grid_small.txt", "start_pos": [85, 31], "goal_pos": [47, 78], "robot_rows": [85, 85, 85, 84, 83, 81, 80, 79, 79, 79, 79, 79, 79, 79, 79, 79, 79, 79, 79, 79, 79, 79, 78, 77, 75, 72, 69, 66, 63, 60, 57, 54, 52, 50, 49, 49, 49, 49, 49, 49, 49, 49, 49, 49, 49, 49, 49, 49, 49, 49, 49, 48, 47, 47], "robot_cols": [31, 31, 31, 31, 31, 31, 31, 31, 31, 31, 32, 34, 37, 40, 43, 46, 49, 51, 53, 54, 54, 54, 54, 54, 54, 54, 54, 54, 54, 54, 54, 54, 54, 54, 54, 54, 54, 54, 55, 56, 58, 61, 64, 67, 70, 73, 75, 77, 78, 78, 78, 78, 78, 78], "robot_speeds": [0, 0, 0, 1, 1, 2, 1, 1, 0, 0, 1, 2, 3, 3, 3, 3, 3, 2, 2, 1, 0, 0, 1, 1, 2, 3, 3, 3, 3, 3, 3, 3, 2, 2, 1, 0, 0, 0, 1, 1, 2, 3, 3, 3, 3, 3, 2, 2, 1, 0, 0, 1, 1, 0], "robot_directions": [0, 0, 1, 1, 1, 1, 1, 1, 1, 2, 2, 2, 2, 2, 2, 2, 2, 2, 2, 2, 2, 1, 1, 1, 1, 1, 1, 1, 1, 1, 1, 1, 1, 1, 1, 1, 2, 2, 2, 2, 2, 2, 2, 2, 2, 2, 2, 2, 2, 2, 1, 1, 1, 1], "action_accs": [-1, 0, 1, 0, 1, -1, 0, -1, 0, 1, 1, 1, 0, 0, 0, 0, -1, 0, -1, -1, 0, 1, 0, 1, 1, 0, 0, 0, 0, 0, 0, -1, 0, -1, -1, 0, 0, 1, 0, 1, 1, 0, 0, 1, 0, -1, 0, -1, -1, 0, 1, 0, -1], "action_rots": [0, 1, 0, 0, 0, 0, 0, 0, 1, 0, 0, 0, 0, 0, 0, 0, 0, 0, 0, 0, -1, 0, 0, 0, 0, 0, 0, 0, 0, 0, 0, 0, 0, 0, 0, 1, 0, 0, 0, 0, 0, 0, 0, 0, 0, 0, 0, 0, 0, -1, 0, 0, 0], "steps": 53, "is_goal": true}