{"map_file_path": "grid_maps/Ihlen/occ_grid_small.txt", "start_pos": [82, 32], "goal_pos": [31, 80], "robot_rows": [82, 82, 82, 82, 82, 82, 82, 82, 82, 82, 82, 82, 82, 82, 82, 82, 82, 82, 82, 82, 82, 82, 82, 81, 80, 79, 77, 74, 71, 68, 65, 62, 60, 57, 54, 52, 49, 47, 46, 46, 46, 46, 47, 48, 49, 49, 49, 49, 49, 49, 49, 49, 49, 49, 49, 49, 49, 49, 49, 48, 46, 43, 40, 37, 34, 32, 31, 31], "robot_cols": [32, 32, 32, 32, 33, 35, 38, 41, 43, 46, 49, 52, 54, 55, 55, 56, 57, 57, 57, 57, 56, 56, 56, 56, 56, 56, 56, 56, 56, 56, 56, 56, 56, 56, 56, 56, 56, 56, 56, 56, 56, 56, 56, 56, 56, 56, 56, 57, 59, 62, 65, 68, 71, 74, 77, 79, 80, 80, 80, 80, 80, 80, 80, 80, 80, 80, 80, 80], "robot_speeds": [0, 0, 0, 0, 1, 2, 3, 3, 2, 3, 3, 3, 2, 1, 0, 1, 1, 0, 0, 0, 1, 0, 0, 1, 1, 1, 2, 3, 3, 3, 3, 3, 2, 3, 3, 2, 3, 2, 1, 0, 0, 0, 1, 1, 1, 0, 0, 1, 2, 3, 3, 3, 3, 3, 3, 2, 1, 0, 0, 1, 2, 3, 3, 3, 3, 2, 1, 0], "robot_directions": [0, 0, 3, 2, 2, 2, 2, 2, 2, 2, 2, 2, 2, 2, 2, 2, 2, 2, 3, 0, 0, 0, 1, 1, 1, 1, 1, 1, 1, 1, 1, 1, 1, 1, 1, 1, 1, 1, 1, 1, 0, 3, 3, 3, 3, 3, 2, 2, 2, 2, 2, 2, 2, 2, 2, 2, 2, 2, 1, 1, 1, 1, 1, 1, 1, 1, 1, 1], "action_accs": [-1, 0, 0, 1, 1, 1, 0, -1, 1, 0, 0, -1, -1, -1, 1, 0, -1, 0, 0, 1, -1, 0, 1, 0, 0, 1, 1, 0, 0, 0, 1, -1, 1, 0, -1, 1, -1, -1, -1, 0, 0, 1, 0, 0, -1, 0, 1, 1, 1, 0, 0, 0, 0, 0, -1, -1, -1, 0, 1, 1, 1, 0, 0, 1, -1, -1, -1], "action_rots": [0, -1, -1, 0, 0, 0, 0, 0, 0, 0, 0, 0, 0, 0, 0, 0, 0, 1, 1, 0, 0, 1, 0, 0, 0, 0, 0, 0, 0, 0, 0, 0, 0, 0, 0, 0, 0, 0, 0, -1, -1, 0, 0, 0, 0, -1, 0, 0, 0, 0, 0, 0, 0, 0, 0, 0, 0, -1, 0, 0, 0, 0, 0, 0, 0, 0, 0], "steps": 67, "is_goal": true}