{"map_file_path": "grid_maps/Wiconisco/occ_grid_small.txt", "start_pos": [45, 4], "goal_pos": [44, 75], "robot_rows": [45, 45, 45, 45, 45, 45, 45, 45, 45, 45, 45, 45, 45, 45, 45, 45, 45, 45, 45, 45, 45, 45, 45, 46, 48, 50, 52, 53, 54, 54, 54, 54, 54, 54, 54, 54, 54, 54, 54, 54, 54, 54, 54, 54, 54, 53, 52, 51, 49, 47, 45, 43, 42, 42, 42, 42, 42, 42, 42, 43, 44, 44], "robot_cols": [4, 4, 4, 4, 5, 7, 10, 13, 16, 19, 22, 25, 28, 31, 34, 37, 40, 43, 45, 47, 48, 48, 48, 48, 48, 48, 48, 48, 48, 48, 48, 49, 51, 54, 57, 60, 63, 66, 69, 72, 74, 75, 76, 76, 76, 76, 76, 76, 76, 76, 76, 76, 76, 76, 76, 75, 75, 75, 75, 75, 75, 75], "robot_speeds": [0, 0, 0, 0, 1, 2, 3, 3, 3, 3, 3, 3, 3, 3, 3, 3, 3, 3, 2, 2, 1, 0, 0, 1, 2, 2, 2, 1, 1, 0, 0, 1, 2, 3, 3, 3, 3, 3, 3, 3, 2, 1, 1, 0, 0, 1, 1, 1, 2, 2, 2, 2, 1, 0, 0, 1, 0, 0, 0, 1, 1, 0], "robot_directions": [0, 3, 3, 2, 2, 2, 2, 2, 2, 2, 2, 2, 2, 2, 2, 2, 2, 2, 2, 2, 2, 2, 3, 3, 3, 3, 3, 3, 3, 3, 2, 2, 2, 2, 2, 2, 2, 2, 2, 2, 2, 2, 2, 2, 1, 1, 1, 1, 1, 1, 1, 1, 1, 1, 0, 0, 0, 3, 3, 3, 3, 3], "action_accs": [0, 0, 0, 1, 1, 1, 0, 0, 0, 0, 0, 0, 0, 1, 0, 0, 0, -1, 0, -1, -1, 0, 1, 1, 0, 0, -1, 0, -1, 0, 1, 1, 1, 0, 0, 1, 0, 0, 0, -1, -1, 0, -1, 0, 1, 0, 0, 1, 0, 0, 0, -1, -1, 0, 1, -1, 0, 0, 1, 0, -1], "action_rots": [-1, 0, -1, 0, 0, 0, 0, 0, 0, 0, 0, 0, 0, 0, 0, 0, 0, 0, 0, 0, 0, 1, 0, 0, 0, 0, 0, 0, 0, -1, 0, 0, 0, 0, 0, 0, 0, 0, 0, 0, 0, 0, 0, -1, 0, 0, 0, 0, 0, 0, 0, 0, 0, -1, 0, 0, -1, 0, 0, 0, 0], "steps": 61, "is_goal": true}