{"map_file_path": "grid_maps/Wiconisco/occ_grid_small.txt", "start_pos": [13, 56], "goal_pos": [45, 35], "robot_rows": [13, 13, 13, 13, 13, 13, 13, 13, 14, 16, 19, 22, 25, 28, 30, 33, 36, 39, 42, 44, 45, 45, 45, 45, 45, 45, 45, 45, 45, 45], "robot_cols": [56, 55, 53, 50, 48, 47, 47, 47, 47, 47, 47, 47, 47, 47, 47, 47, 47, 47, 47, 47, 47, 47, 47, 46, 44, 41, 38, 36, 35, 35], "robot_speeds": [0, 1, 2, 3, 2, 1, 0, 0, 1, 2, 3, 3, 3, 3, 2, 3, 3, 3, 3, 2, 1, 0, 0, 1, 2, 3, 3, 2, 1, 0], "robot_directions": [0, 0, 0, 0, 0, 0, 0, 3, 3, 3, 3, 3, 3, 3, 3, 3, 3, 3, 3, 3, 3, 3, 0, 0, 0, 0, 0, 0, 0, 0], "action_accs": [1, 1, 1, -1, -1, -1, 0, 1, 1, 1, 1, 0, 0, -1, 1, 0, 0, 0, -1, -1, -1, 0, 1, 1, 1, 0, -1, -1, -1], "action_rots": [0, 0, 0, 0, 0, 0, -1, 0, 0, 0, 0, 0, 0, 0, 0, 0, 0, 0, 0, 0, 0, 1, 0, 0, 0, 0, 0, 0, 0], "steps": 29, "is_goal": true}