{"map_file_path": "grid_maps/Ihlen/occ_grid_small.txt", "start_pos": [31, 33], "goal_pos": [59, 85], "robot_rows": [31, 31, 31, 31, 32, 33, 35, 38, 41, 44, 47, 49, 50, 50, 50, 50, 50, 50, 50, 50, 50, 50, 50, 50, 50, 50, 50, 50, 50, 50, 50, 50, 50, 50, 50, 50, 50, 50, 51, 53, 56, 59, 62, 64, 65, 65, 65, 65, 64, 62, 59, 56, 54, 52, 51, 51, 51, 51, 52, 54, 56, 58, 59, 59], "robot_cols": [33, 33, 33, 33, 33, 33, 33, 33, 33, 33, 33, 33, 33, 33, 33, 34, 35, 37, 40, 43, 46, 49, 51, 54, 57, 60, 63, 66, 69, 72, 75, 78, 81, 83, 84, 85, 85, 85, 85, 85, 85, 85, 85, 85, 85, 85, 85, 85, 85, 85, 85, 85, 85, 85, 85, 85, 85, 85, 85, 85, 85, 85, 85, 85], "robot_speeds": [0, 0, 0, 0, 1, 1, 2, 3, 3, 3, 3, 2, 1, 0, 0, 1, 1, 2, 3, 3, 3, 3, 2, 3, 3, 3, 3, 3, 3, 3, 3, 3, 3, 2, 1, 1, 0, 0, 1, 2, 3, 3, 3, 2, 1, 0, 0, 0, 1, 2, 3, 3, 2, 2, 1, 0, 0, 0, 1, 2, 2, 2, 1, 0], "robot_directions": [0, 0, 3, 3, 3, 3, 3, 3, 3, 3, 3, 3, 3, 3, 2, 2, 2, 2, 2, 2, 2, 2, 2, 2, 2, 2, 2, 2, 2, 2, 2, 2, 2, 2, 2, 2, 2, 3, 3, 3, 3, 3, 3, 3, 3, 3, 0, 1, 1, 1, 1, 1, 1, 1, 1, 1, 0, 3, 3, 3, 3, 3, 3, 3], "action_accs": [-1, 0, 0, 1, 0, 1, 1, 0, 0, 0, -1, -1, -1, 0, 1, 0, 1, 1, 0, 0, 0, -1, 1, 0, 0, 0, 0, 0, 0, 0, 0, 0, -1, -1, 0, -1, 0, 1, 1, 1, 0, 0, -1, -1, -1, 0, 0, 1, 1, 1, 0, -1, 0, -1, -1, 0, 0, 1, 1, 0, 0, -1, -1], "action_rots": [0, -1, 0, 0, 0, 0, 0, 0, 0, 0, 0, 0, 0, -1, 0, 0, 0, 0, 0, 0, 0, 0, 0, 0, 0, 0, 0, 0, 0, 0, 0, 0, 0, 0, 0, 0, 1, 0, 0, 0, 0, 0, 0, 0, 0, 1, 1, 0, 0, 0, 0, 0, 0, 0, 0, -1, -1, 0, 0, 0, 0, 0, 0], "steps": 63, "is_goal": true}