{"map_file_path": "grid_maps/Wiconisco/occ_grid_small.txt", "start_pos": [23, 72], "goal_pos": [30, 24], "robot_rows": [23, 23, 23, 23, 23, 23, 23, 23, 23, 23, 23, 23, 23, 23, 23, 23, 23, 23, 23, 23, 23, 23, 23, 24, 25, 27, 29, 30, 30], "robot_cols": [72, 71, 70, 68, 65, 62, 59, 56, 53, 50, 47, 44, 41, 38, 35, 32, 29, 27, 26, 25, 24, 24, 24, 24, 24, 24, 24, 24, 24], "robot_speeds": [0, 1, 1, 2, 3, 3, 3, 3, 3, 3, 3, 3, 3, 3, 3, 3, 3, 2, 1, 1, 1, 0, 0, 1, 1, 2, 2, 1, 0], "robot_directions": [0, 0, 0, 0, 0, 0, 0, 0, 0, 0, 0, 0, 0, 0, 0, 0, 0, 0, 0, 0, 0, 0, 3, 3, 3, 3, 3, 3, 3], "action_accs": [1, 0, 1, 1, 0, 0, 0, 0, 0, 0, 0, 0, 0, 0, 0, 0, -1, -1, 0, 0, -1, 0, 1, 0, 1, 0, -1, -1], "action_rots": [0, 0, 0, 0, 0, 0, 0, 0, 0, 0, 0, 0, 0, 0, 0, 0, 0, 0, 0, 0, 0, -1, 0, 0, 0, 0, 0, 0], "steps": 28, "is_goal": true}