{"map_file_path": "grid_maps/Ihlen/occ_grid_small.txt", "start_pos": [18, 45], "goal_pos": [52, 65], "robot_rows": [18, 18, 18, 18, 18, 18, 18, 18, 18, 18, 18, 18, 18, 18, 18, 18, 18, 18, 19, 21, 24, 27, 30, 33, 36, 39, 42, 45, 48, 50, 51, 52, 52, 52, 52, 52, 52, 52, 52, 52, 52], "robot_cols": [45, 45, 45, 45, 45, 46, 48, 50, 53, 55, 56, 56, 56, 56, 55, 54, 54, 54, 54, 54, 54, 54, 54, 54, 54, 54, 54, 54, 54, 54, 54, 54, 54, 54, 55, 57, 60, 62, 64, 65, 65], "robot_speeds": [0, 0, 0, 0, 0, 1, 2, 2, 3, 2, 1, 0, 0, 0, 1, 1, 0, 0, 1, 2, 3, 3, 3, 3, 3, 3, 3, 3, 3, 2, 1, 1, 0, 0, 1, 2, 3, 2, 2, 1, 0], "robot_directions": [0, 0, 0, 3, 2, 2, 2, 2, 2, 2, 2, 2, 3, 0, 0, 0, 0, 3, 3, 3, 3, 3, 3, 3, 3, 3, 3, 3, 3, 3, 3, 3, 3, 2, 2, 2, 2, 2, 2, 2, 2], "action_accs": [0, 0, 0, 0, 1, 1, 0, 1, -1, -1, -1, 0, 0, 1, 0, -1, 0, 1, 1, 1, 0, 0, 0, 0, 0, 0, 0, 0, -1, -1, 0, -1, 0, 1, 1, 1, -1, 0, -1, -1], "action_rots": [0, 0, -1, -1, 0, 0, 0, 0, 0, 0, 0, 1, 1, 0, 0, 0, -1, 0, 0, 0, 0, 0, 0, 0, 0, 0, 0, 0, 0, 0, 0, 0, -1, 0, 0, 0, 0, 0, 0, 0], "steps": 40, "is_goal": true}