{"map_file_path": "grid_maps/Ihlen/occ_grid_small.txt", "start_pos": [78, 3], "goal_pos": [25, 2], "robot_rows": [78, 78, 78, 79, 79, 79, 79, 79, 79, 79, 79, 79, 79, 79, 79, 79, 79, 79, 79, 79, 79, 79, 79, 79, 79, 79, 79, 78, 77, 75, 72, 69, 66, 63, 61, 58, 55, 52, 49, 46, 43, 40, 37, 34, 31, 28, 25, 22, 19, 17, 16, 16, 16, 16, 16, 16, 16, 16, 16, 16, 16, 16, 16, 16, 16, 16, 16, 16, 16, 16, 16, 16, 16, 16, 16, 17, 19, 22, 24, 25, 25, 25, 25, 25, 25], "robot_cols": [3, 3, 3, 3, 3, 3, 4, 6, 8, 11, 14, 17, 20, 23, 25, 28, 31, 34, 37, 40, 42, 45, 47, 49, 50, 50, 50, 50, 50, 50, 50, 50, 50, 50, 50, 50, 50, 50, 50, 50, 50, 50, 50, 50, 50, 50, 50, 50, 50, 50, 50, 50, 50, 49, 47, 44, 41, 39, 36, 33, 30, 27, 24, 22, 19, 16, 13, 10, 7, 5, 4, 4, 3, 3, 3, 3, 3, 3, 3, 3, 3, 3, 3, 2, 2], "robot_speeds": [0, 0, 0, 1, 0, 0, 1, 2, 2, 3, 3, 3, 3, 3, 2, 3, 3, 3, 3, 3, 2, 3, 2, 2, 1, 0, 0, 1, 1, 2, 3, 3, 3, 3, 2, 3, 3, 3, 3, 3, 3, 3, 3, 3, 3, 3, 3, 3, 3, 2, 1, 0, 0, 1, 2, 3, 3, 2, 3, 3, 3, 3, 3, 2, 3, 3, 3, 3, 3, 2, 1, 0, 1, 0, 0, 1, 2, 3, 2, 1, 0, 0, 0, 1, 0], "robot_directions": [0, 0, 3, 3, 3, 2, 2, 2, 2, 2, 2, 2, 2, 2, 2, 2, 2, 2, 2, 2, 2, 2, 2, 2, 2, 2, 1, 1, 1, 1, 1, 1, 1, 1, 1, 1, 1, 1, 1, 1, 1, 1, 1, 1, 1, 1, 1, 1, 1, 1, 1, 1, 0, 0, 0, 0, 0, 0, 0, 0, 0, 0, 0, 0, 0, 0, 0, 0, 0, 0, 0, 0, 0, 0, 3, 3, 3, 3, 3, 3, 3, 0, 0, 0, 0], "action_accs": [-1, 0, 1, -1, 0, 1, 1, 0, 1, 0, 0, 0, 0, -1, 1, 0, 0, 1, 0, -1, 1, -1, 0, -1, -1, 0, 1, 0, 1, 1, 0, 0, 0, -1, 1, 0, 0, 0, 0, 0, 0, 0, 1, 0, 0, 0, 0, 0, -1, -1, -1, 0, 1, 1, 1, 0, -1, 1, 0, 0, 0, 0, -1, 1, 0, 0, 0, 0, -1, -1, 1, 1, -1, 0, 1, 1, 1, -1, -1, -1, 0, 0, 1, -1], "action_rots": [0, -1, 0, 0, -1, 0, 0, 0, 0, 0, 0, 0, 0, 0, 0, 0, 0, 0, 0, 0, 0, 0, 0, 0, 0, -1, 0, 0, 0, 0, 0, 0, 0, 0, 0, 0, 0, 0, 0, 0, 0, 0, 0, 0, 0, 0, 0, 0, 0, 0, 0, -1, 0, 0, 0, 0, 0, 0, 0, 0, 0, 0, 0, 0, 0, 0, 0, 0, 0, 0, 0, 0, 0, -1, 0, 0, 0, 0, 0, 0, 1, 0, 0, 0], "steps": 84, "is_goal": true}