{"map_file_path": "grid_maps/Ihlen/occ_grid_small.txt", "start_pos": [70, 81], "goal_pos": [15, 57], "robot_rows": [70, 70, 70, 70, 70, 70, 70, 70, 70, 69, 67, 64, 61, 58, 55, 52, 50, 49, 48, 48, 48, 48, 48, 48, 48, 48, 48, 48, 48, 48, 48, 48, 48, 47, 45, 42, 39, 36, 33, 30, 27, 24, 21, 19, 17, 16, 16, 16, 16, 16, 16, 16, 16, 16, 16, 16, 16, 16, 16, 15, 15], "robot_cols": [81, 81, 81, 81, 82, 83, 83, 83, 83, 83, 83, 83, 83, 83, 83, 83, 83, 83, 83, 83, 83, 82, 80, 78, 76, 75, 75, 75, 75, 76, 77, 77, 77, 77, 77, 77, 77, 77, 77, 77, 77, 77, 77, 77, 77, 77, 77, 77, 76, 74, 71, 68, 65, 62, 60, 58, 57, 57, 57, 57, 57], "robot_speeds": [0, 0, 0, 0, 1, 1, 0, 0, 0, 1, 2, 3, 3, 3, 3, 3, 2, 1, 1, 0, 0, 1, 2, 2, 2, 1, 0, 0, 0, 1, 1, 0, 0, 1, 2, 3, 3, 3, 3, 3, 3, 3, 3, 2, 2, 1, 0, 0, 1, 2, 3, 3, 3, 3, 2, 2, 1, 0, 0, 1, 0], "robot_directions": [0, 0, 3, 2, 2, 2, 2, 1, 1, 1, 1, 1, 1, 1, 1, 1, 1, 1, 1, 1, 0, 0, 0, 0, 0, 0, 0, 3, 2, 2, 2, 2, 1, 1, 1, 1, 1, 1, 1, 1, 1, 1, 1, 1, 1, 1, 1, 0, 0, 0, 0, 0, 0, 0, 0, 0, 0, 0, 1, 1, 1], "action_accs": [-1, 0, 0, 1, 0, -1, 0, 0, 1, 1, 1, 0, 0, 0, 1, -1, -1, 0, -1, 0, 1, 1, 0, 0, -1, -1, 0, 0, 1, 0, -1, 0, 1, 1, 1, 0, 0, 0, 0, 0, 0, 0, -1, 0, -1, -1, 0, 1, 1, 1, 0, 0, 0, -1, 0, -1, -1, 0, 1, -1], "action_rots": [0, -1, -1, 0, 0, 0, -1, 0, 0, 0, 0, 0, 0, 0, 0, 0, 0, 0, 0, -1, 0, 0, 0, 0, 0, 0, -1, -1, 0, 0, 0, -1, 0, 0, 0, 0, 0, 0, 0, 0, 0, 0, 0, 0, 0, 0, -1, 0, 0, 0, 0, 0, 0, 0, 0, 0, 0, 1, 0, 0], "steps": 60, "is_goal": true}