{"map_file_path": "grid_maps/Ihlen/occ_grid_small.txt", "start_pos": [51, 57], "goal_pos": [23, 80], "robot_rows": [51, 51, 51, 51, 51, 51, 51, 51, 51, 51, 51, 51, 51, 51, 51, 51, 51, 51, 51, 51, 51, 50, 48, 45, 42, 39, 36, 33, 30, 27, 25, 24, 24, 23, 23, 23, 23, 23, 23], "robot_cols": [57, 57, 57, 57, 58, 60, 63, 66, 69, 71, 74, 76, 78, 79, 80, 80, 80, 80, 79, 79, 79, 79, 79, 79, 79, 79, 79, 79, 79, 79, 79, 79, 79, 79, 79, 79, 79, 80, 80], "robot_speeds": [0, 0, 0, 0, 1, 2, 3, 3, 3, 2, 3, 2, 2, 1, 1, 0, 0, 0, 1, 0, 0, 1, 2, 3, 3, 3, 3, 3, 3, 3, 2, 1, 0, 1, 0, 0, 0, 1, 0], "robot_directions": [0, 0, 3, 2, 2, 2, 2, 2, 2, 2, 2, 2, 2, 2, 2, 2, 3, 0, 0, 0, 1, 1, 1, 1, 1, 1, 1, 1, 1, 1, 1, 1, 1, 1, 1, 2, 2, 2, 2], "action_accs": [-1, 0, 0, 1, 1, 1, 0, 0, -1, 1, -1, 0, -1, 0, -1, 0, 0, 1, -1, 0, 1, 1, 1, 0, 0, 0, 0, 0, 0, -1, -1, -1, 1, -1, 0, 0, 1, -1], "action_rots": [0, -1, -1, 0, 0, 0, 0, 0, 0, 0, 0, 0, 0, 0, 0, 1, 1, 0, 0, 1, 0, 0, 0, 0, 0, 0, 0, 0, 0, 0, 0, 0, 0, 0, 1, 0, 0, 0], "steps": 38, "is_goal": true}