{"map_file_path": "grid_maps/Ihlen/occ_grid_small.txt", "start_pos": [59, 4], "goal_pos": [70, 79], "robot_rows": [59, 59, 59, 59, 59, 59, 59, 59, 59, 59, 59, 59, 59, 59, 59, 59, 59, 59, 58, 56, 53, 51, 50, 50, 50, 50, 50, 50, 50, 50, 50, 50, 50, 50, 50, 50, 50, 50, 50, 50, 50, 50, 50, 50, 50, 50, 50, 50, 51, 53, 56, 59, 61, 64, 67, 69, 70, 70, 70, 70, 70, 70, 70], "robot_cols": [4, 4, 4, 4, 5, 7, 10, 13, 15, 18, 21, 24, 26, 27, 27, 28, 28, 28, 28, 28, 28, 28, 28, 28, 28, 29, 31, 34, 37, 40, 43, 46, 49, 52, 55, 58, 60, 63, 66, 69, 72, 75, 78, 80, 82, 83, 83, 83, 83, 83, 83, 83, 83, 83, 83, 83, 83, 83, 83, 82, 80, 79, 79], "robot_speeds": [0, 0, 0, 0, 1, 2, 3, 3, 2, 3, 3, 3, 2, 1, 0, 1, 0, 0, 1, 2, 3, 2, 1, 0, 0, 1, 2, 3, 3, 3, 3, 3, 3, 3, 3, 3, 2, 3, 3, 3, 3, 3, 3, 2, 2, 1, 0, 0, 1, 2, 3, 3, 2, 3, 3, 2, 1, 0, 0, 1, 2, 1, 0], "robot_directions": [0, 0, 3, 2, 2, 2, 2, 2, 2, 2, 2, 2, 2, 2, 2, 2, 2, 1, 1, 1, 1, 1, 1, 1, 2, 2, 2, 2, 2, 2, 2, 2, 2, 2, 2, 2, 2, 2, 2, 2, 2, 2, 2, 2, 2, 2, 2, 3, 3, 3, 3, 3, 3, 3, 3, 3, 3, 3, 0, 0, 0, 0, 0], "action_accs": [-1, 0, 0, 1, 1, 1, 0, -1, 1, 0, 1, -1, -1, -1, 1, -1, 0, 1, 1, 1, -1, -1, -1, 0, 1, 1, 1, 0, 0, 0, 0, 0, 0, 0, 0, -1, 1, 0, 0, 0, 0, 0, -1, 0, -1, -1, 0, 1, 1, 1, 0, -1, 1, 0, -1, -1, -1, 0, 1, 1, -1, -1], "action_rots": [0, -1, -1, 0, 0, 0, 0, 0, 0, 0, 0, 0, 0, 0, 0, 0, -1, 0, 0, 0, 0, 0, 0, 1, 0, 0, 0, 0, 0, 0, 0, 0, 0, 0, 0, 0, 0, 0, 0, 0, 0, 0, 0, 0, 0, 0, 1, 0, 0, 0, 0, 0, 0, 0, 0, 0, 0, 1, 0, 0, 0, 0], "steps": 62, "is_goal": true}