{"map_file_path": "grid_maps/Ihlen/occ_grid_small.txt", "start_pos": [83, 50], "goal_pos": [12, 33], "robot_rows": [83, 83, 83, 82, 80, 77, 74, 71, 68, 65, 62, 59, 56, 53, 50, 47, 45, 42, 39, 36, 33, 30, 27, 24, 21, 18, 15, 13, 12, 12, 12, 12, 12, 12, 12, 12, 12, 12, 12, 12, 12], "robot_cols": [50, 50, 50, 50, 50, 50, 50, 50, 50, 50, 50, 50, 50, 50, 50, 50, 50, 50, 50, 50, 50, 50, 50, 50, 50, 50, 50, 50, 50, 50, 50, 50, 49, 47, 44, 41, 38, 36, 34, 33, 33], "robot_speeds": [0, 0, 0, 1, 2, 3, 3, 3, 3, 3, 3, 3, 3, 3, 3, 3, 2, 3, 3, 3, 3, 3, 3, 3, 3, 3, 3, 2, 1, 0, 0, 0, 1, 2, 3, 3, 3, 2, 2, 1, 0], "robot_directions": [0, 0, 1, 1, 1, 1, 1, 1, 1, 1, 1, 1, 1, 1, 1, 1, 1, 1, 1, 1, 1, 1, 1, 1, 1, 1, 1, 1, 1, 1, 0, 0, 0, 0, 0, 0, 0, 0, 0, 0, 0], "action_accs": [0, 0, 1, 1, 1, 0, 0, 0, 0, 0, 0, 0, 0, 0, 0, -1, 1, 0, 0, 0, 0, 0, 0, 1, 0, 0, -1, -1, -1, 0, 0, 1, 1, 1, 0, 0, -1, 0, -1, -1], "action_rots": [0, 1, 0, 0, 0, 0, 0, 0, 0, 0, 0, 0, 0, 0, 0, 0, 0, 0, 0, 0, 0, 0, 0, 0, 0, 0, 0, 0, 0, -1, 0, 0, 0, 0, 0, 0, 0, 0, 0, 0], "steps": 40, "is_goal": true}