{"map_file_path": "grid_maps/Wiconisco/occ_grid_small.txt", "start_pos": [24, 41], "goal_pos": [42, 96], "robot_rows": [24, 24, 24, 24, 24, 24, 24, 24, 24, 24, 24, 24, 24, 24, 24, 24, 24, 24, 24, 24, 24, 24, 24, 24, 24, 24, 25, 27, 29, 31, 33, 36, 39, 41, 42, 42], "robot_cols": [41, 41, 41, 42, 44, 47, 50, 53, 56, 59, 62, 65, 67, 70, 73, 76, 79, 82, 85, 88, 91, 93, 95, 96, 96, 96, 96, 96, 96, 96, 96, 96, 96, 96, 96, 96], "robot_speeds": [0, 0, 0, 1, 2, 3, 3, 3, 3, 3, 3, 3, 2, 3, 3, 3, 3, 3, 3, 3, 3, 2, 2, 1, 0, 0, 1, 2, 2, 2, 2, 3, 3, 2, 1, 0], "robot_directions": [0, 3, 2, 2, 2, 2, 2, 2, 2, 2, 2, 2, 2, 2, 2, 2, 2, 2, 2, 2, 2, 2, 2, 2, 2, 3, 3, 3, 3, 3, 3, 3, 3, 3, 3, 3], "action_accs": [0, 0, 1, 1, 1, 1, 0, 0, 0, 0, 0, -1, 1, 0, 0, 0, 0, 0, 0, 0, -1, 0, -1, -1, 0, 1, 1, 0, 0, 0, 1, 0, -1, -1, -1], "action_rots": [-1, -1, 0, 0, 0, 0, 0, 0, 0, 0, 0, 0, 0, 0, 0, 0, 0, 0, 0, 0, 0, 0, 0, 0, 1, 0, 0, 0, 0, 0, 0, 0, 0, 0, 0], "steps": 35, "is_goal": true}