{"map_file_path": "grid_maps/Ihlen/occ_grid_small.txt", "start_pos": [84, 82], "goal_pos": [49, 51], "robot_rows": [84, 84, 84, 83, 81, 80, 80, 80, 80, 80, 80, 80, 80, 80, 80, 80, 80, 80, 80, 80, 80, 80, 80, 80, 79, 77, 74, 71, 68, 65, 63, 60, 57, 54, 52, 50, 48, 47, 47, 47, 47, 47, 47, 48, 49, 49], "robot_cols": [82, 82, 82, 82, 82, 82, 82, 82, 81, 79, 76, 73, 70, 67, 64, 61, 58, 56, 54, 52, 51, 50, 50, 50, 50, 50, 50, 50, 50, 50, 50, 50, 50, 50, 50, 50, 50, 50, 50, 50, 51, 51, 51, 51, 51, 51], "robot_speeds": [0, 0, 0, 1, 2, 1, 0, 0, 1, 2, 3, 3, 3, 3, 3, 3, 3, 2, 2, 2, 1, 1, 0, 0, 1, 2, 3, 3, 3, 3, 2, 3, 3, 3, 2, 2, 2, 1, 0, 0, 1, 0, 0, 1, 1, 0], "robot_directions": [0, 0, 1, 1, 1, 1, 1, 0, 0, 0, 0, 0, 0, 0, 0, 0, 0, 0, 0, 0, 0, 0, 0, 1, 1, 1, 1, 1, 1, 1, 1, 1, 1, 1, 1, 1, 1, 1, 1, 2, 2, 2, 3, 3, 3, 3], "action_accs": [0, 0, 1, 1, -1, -1, 0, 1, 1, 1, 0, 0, 0, 0, 0, 0, -1, 0, 0, -1, 0, -1, 0, 1, 1, 1, 0, 0, 0, -1, 1, 0, 0, -1, 0, 0, -1, -1, 0, 1, -1, 0, 1, 0, -1], "action_rots": [0, 1, 0, 0, 0, 0, -1, 0, 0, 0, 0, 0, 0, 0, 0, 0, 0, 0, 0, 0, 0, 0, 1, 0, 0, 0, 0, 0, 0, 0, 0, 0, 0, 0, 0, 0, 0, 0, 1, 0, 0, 1, 0, 0, 0], "steps": 45, "is_goal": true}