{"map_file_path": "grid_maps/Wiconisco/occ_grid_small.txt", "start_pos": [9, 45], "goal_pos": [38, 93], "robot_rows": [9, 9, 10, 12, 14, 16, 17, 17, 17, 17, 17, 17, 17, 17, 17, 17, 17, 17, 17, 17, 17, 17, 17, 17, 17, 17, 17, 17, 17, 17, 18, 19, 21, 24, 27, 30, 33, 35, 37, 38, 39, 39, 39, 39, 38, 38], "robot_cols": [45, 45, 45, 45, 45, 45, 45, 45, 45, 46, 48, 51, 53, 56, 59, 62, 65, 68, 71, 74, 77, 80, 83, 86, 89, 91, 92, 93, 93, 93, 93, 93, 93, 93, 93, 93, 93, 93, 93, 93, 93, 93, 93, 93, 93, 93], "robot_speeds": [0, 0, 1, 2, 2, 2, 1, 0, 0, 1, 2, 3, 2, 3, 3, 3, 3, 3, 3, 3, 3, 3, 3, 3, 3, 2, 1, 1, 0, 0, 1, 1, 2, 3, 3, 3, 3, 2, 2, 1, 1, 0, 0, 0, 1, 0], "robot_directions": [0, 3, 3, 3, 3, 3, 3, 3, 2, 2, 2, 2, 2, 2, 2, 2, 2, 2, 2, 2, 2, 2, 2, 2, 2, 2, 2, 2, 2, 3, 3, 3, 3, 3, 3, 3, 3, 3, 3, 3, 3, 3, 0, 1, 1, 1], "action_accs": [0, 1, 1, 0, 0, -1, -1, 0, 1, 1, 1, -1, 1, 0, 0, 0, 0, 0, 0, 0, 0, 0, 0, 0, -1, -1, 0, -1, 0, 1, 0, 1, 1, 0, 0, 0, -1, 0, -1, 0, -1, 0, 0, 1, -1], "action_rots": [-1, 0, 0, 0, 0, 0, 0, -1, 0, 0, 0, 0, 0, 0, 0, 0, 0, 0, 0, 0, 0, 0, 0, 0, 0, 0, 0, 0, 1, 0, 0, 0, 0, 0, 0, 0, 0, 0, 0, 0, 0, 1, 1, 0, 0], "steps": 45, "is_goal": true}