{"map_file_path": "grid_maps/Ihlen/occ_grid_small.txt", "start_pos": [20, 48], "goal_pos": [41, 81], "robot_rows": [20, 20, 20, 20, 20, 20, 20, 20, 20, 20, 20, 20, 20, 20, 20, 20, 21, 23, 26, 29, 31, 32, 32, 32, 32, 32, 32, 32, 32, 32, 32, 32, 32, 33, 35, 38, 40, 41, 41], "robot_cols": [48, 48, 48, 48, 48, 49, 51, 54, 57, 60, 63, 66, 68, 69, 69, 69, 69, 69, 69, 69, 69, 69, 69, 69, 69, 70, 72, 75, 78, 80, 81, 81, 81, 81, 81, 81, 81, 81, 81], "robot_speeds": [0, 0, 0, 0, 0, 1, 2, 3, 3, 3, 3, 3, 2, 1, 0, 0, 1, 2, 3, 3, 2, 1, 0, 0, 0, 1, 2, 3, 3, 2, 1, 0, 0, 1, 2, 3, 2, 1, 0], "robot_directions": [0, 0, 0, 3, 2, 2, 2, 2, 2, 2, 2, 2, 2, 2, 2, 3, 3, 3, 3, 3, 3, 3, 3, 3, 2, 2, 2, 2, 2, 2, 2, 2, 3, 3, 3, 3, 3, 3, 3], "action_accs": [-1, 0, 0, 0, 1, 1, 1, 0, 0, 0, 0, -1, -1, -1, 0, 1, 1, 1, 0, -1, -1, -1, 0, 0, 1, 1, 1, 0, -1, -1, -1, 0, 1, 1, 1, -1, -1, -1], "action_rots": [0, 0, -1, -1, 0, 0, 0, 0, 0, 0, 0, 0, 0, 0, 1, 0, 0, 0, 0, 0, 0, 0, 0, -1, 0, 0, 0, 0, 0, 0, 0, 1, 0, 0, 0, 0, 0, 0], "steps": 38, "is_goal": true}