{"map_file_path": "grid_maps/Ihlen/occ_grid_small.txt", "start_pos": [20, 54], "goal_pos": [85, 21], "robot_rows": [20, 20, 20, 21, 22, 24, 27, 30, 32, 35, 38, 41, 44, 47, 49, 52, 55, 58, 61, 64, 67, 70, 73, 76, 79, 81, 82, 83, 83, 83, 83, 83, 83, 83, 83, 83, 83, 83, 83, 83, 83, 83, 83, 83, 83, 83, 83, 84, 85, 86, 87, 87, 87, 87, 86, 85, 85], "robot_cols": [54, 54, 54, 54, 54, 54, 54, 54, 54, 54, 54, 54, 54, 54, 54, 54, 54, 54, 54, 54, 54, 54, 54, 54, 54, 54, 54, 54, 54, 54, 54, 53, 51, 48, 45, 42, 39, 36, 34, 31, 28, 25, 23, 22, 21, 21, 21, 21, 21, 21, 21, 21, 21, 21, 21, 21, 21], "robot_speeds": [0, 0, 0, 1, 1, 2, 3, 3, 2, 3, 3, 3, 3, 3, 2, 3, 3, 3, 3, 3, 3, 3, 3, 3, 3, 2, 1, 1, 0, 0, 0, 1, 2, 3, 3, 3, 3, 3, 2, 3, 3, 3, 2, 1, 1, 0, 0, 1, 1, 1, 1, 0, 0, 0, 1, 1, 0], "robot_directions": [0, 0, 3, 3, 3, 3, 3, 3, 3, 3, 3, 3, 3, 3, 3, 3, 3, 3, 3, 3, 3, 3, 3, 3, 3, 3, 3, 3, 3, 3, 0, 0, 0, 0, 0, 0, 0, 0, 0, 0, 0, 0, 0, 0, 0, 0, 3, 3, 3, 3, 3, 3, 0, 1, 1, 1, 1], "action_accs": [-1, 0, 1, 0, 1, 1, 0, -1, 1, 0, 0, 0, 0, -1, 1, 0, 0, 0, 0, 0, 0, 1, 0, 0, -1, -1, 0, -1, 0, 0, 1, 1, 1, 0, 0, 0, 0, -1, 1, 0, 0, -1, -1, 0, -1, 0, 1, 0, 0, 0, -1, 0, 0, 1, 0, -1], "action_rots": [0, -1, 0, 0, 0, 0, 0, 0, 0, 0, 0, 0, 0, 0, 0, 0, 0, 0, 0, 0, 0, 0, 0, 0, 0, 0, 0, 0, 0, 1, 0, 0, 0, 0, 0, 0, 0, 0, 0, 0, 0, 0, 0, 0, 0, -1, 0, 0, 0, 0, 0, 1, 1, 0, 0, 0], "steps": 56, "is_goal": true}