{"map_file_path": "grid_maps/Wiconisco/occ_grid_small.txt", "start_pos": [21, 53], "goal_pos": [88, 38], "robot_rows": [21, 21, 21, 21, 21, 21, 21, 21, 21, 21, 21, 21, 21, 21, 21, 21, 21, 22, 24, 26, 28, 31, 34, 37, 40, 43, 46, 49, 52, 55, 58, 61, 64, 67, 70, 72, 75, 78, 81, 84, 86, 87, 88, 89, 89, 89, 89, 89, 89, 88, 87, 87, 87, 87, 87, 88, 88], "robot_cols": [53, 52, 50, 47, 45, 43, 41, 40, 39, 38, 38, 38, 38, 38, 39, 39, 39, 39, 39, 39, 39, 39, 39, 39, 39, 39, 39, 39, 39, 39, 39, 39, 39, 39, 39, 39, 39, 39, 39, 39, 39, 39, 39, 39, 39, 39, 38, 38, 38, 38, 38, 38, 38, 38, 38, 38, 38], "robot_speeds": [0, 1, 2, 3, 2, 2, 2, 1, 1, 1, 0, 0, 0, 0, 1, 0, 0, 1, 2, 2, 2, 3, 3, 3, 3, 3, 3, 3, 3, 3, 3, 3, 3, 3, 3, 2, 3, 3, 3, 3, 2, 1, 1, 1, 0, 0, 1, 0, 0, 1, 1, 0, 0, 0, 0, 1, 0], "robot_directions": [0, 0, 0, 0, 0, 0, 0, 0, 0, 0, 0, 3, 2, 2, 2, 2, 3, 3, 3, 3, 3, 3, 3, 3, 3, 3, 3, 3, 3, 3, 3, 3, 3, 3, 3, 3, 3, 3, 3, 3, 3, 3, 3, 3, 3, 0, 0, 0, 1, 1, 1, 1, 0, 3, 3, 3, 3], "action_accs": [1, 1, 1, -1, 0, 0, -1, 0, 0, -1, 0, 0, 0, 1, -1, 0, 1, 1, 0, 0, 1, 0, 0, 0, 0, 1, 0, 0, 0, 0, 0, 1, 0, 0, -1, 1, 0, 0, 0, -1, -1, 0, 0, -1, 0, 1, -1, 0, 1, 0, -1, 0, 0, 0, 1, -1], "action_rots": [0, 0, 0, 0, 0, 0, 0, 0, 0, 0, -1, -1, 0, 0, 0, 1, 0, 0, 0, 0, 0, 0, 0, 0, 0, 0, 0, 0, 0, 0, 0, 0, 0, 0, 0, 0, 0, 0, 0, 0, 0, 0, 0, 0, 1, 0, 0, 1, 0, 0, 0, -1, -1, 0, 0, 0], "steps": 56, "is_goal": true}