{"map_file_path": "grid_maps/Ihlen/occ_grid_small.txt", "start_pos": [16, 67], "goal_pos": [43, 32], "robot_rows": [16, 16, 16, 16, 16, 16, 16, 16, 16, 16, 16, 16, 16, 16, 16, 16, 16, 16, 16, 16, 17, 19, 22, 25, 28, 31, 34, 37, 40, 43, 45, 46, 46, 46, 47, 47, 47, 47, 47, 47, 47, 47, 47, 47, 47, 47, 47, 46, 44, 43, 43], "robot_cols": [67, 67, 66, 64, 61, 58, 55, 53, 51, 49, 47, 46, 46, 46, 46, 47, 49, 50, 50, 50, 50, 50, 50, 50, 50, 50, 50, 50, 50, 50, 50, 50, 50, 50, 50, 50, 50, 49, 47, 44, 41, 38, 35, 33, 32, 32, 32, 32, 32, 32, 32], "robot_speeds": [0, 0, 1, 2, 3, 3, 3, 2, 2, 2, 2, 1, 0, 0, 0, 1, 2, 1, 0, 0, 1, 2, 3, 3, 3, 3, 3, 3, 3, 3, 2, 1, 0, 0, 1, 0, 0, 1, 2, 3, 3, 3, 3, 2, 1, 0, 0, 1, 2, 1, 0], "robot_directions": [0, 0, 0, 0, 0, 0, 0, 0, 0, 0, 0, 0, 0, 3, 2, 2, 2, 2, 2, 3, 3, 3, 3, 3, 3, 3, 3, 3, 3, 3, 3, 3, 3, 3, 3, 3, 0, 0, 0, 0, 0, 0, 0, 0, 0, 0, 1, 1, 1, 1, 1], "action_accs": [-1, 1, 1, 1, 0, 1, -1, 0, 0, 0, -1, -1, 0, 0, 1, 1, -1, -1, 0, 1, 1, 1, 0, 0, 0, 0, 0, 0, 0, -1, -1, -1, 0, 1, -1, 0, 1, 1, 1, 0, 0, 0, -1, -1, -1, 0, 1, 1, -1, -1], "action_rots": [0, 0, 0, 0, 0, 0, 0, 0, 0, 0, 0, 0, -1, -1, 0, 0, 0, 0, 1, 0, 0, 0, 0, 0, 0, 0, 0, 0, 0, 0, 0, 0, 0, 0, 0, 1, 0, 0, 0, 0, 0, 0, 0, 0, 0, 1, 0, 0, 0, 0], "steps": 50, "is_goal": true}