{"map_file_path": "grid_maps/Wiconisco/occ_grid_small.txt", "start_pos": [41, 43], "goal_pos": [17, 96], "robot_rows": [41, 41, 40, 38, 35, 32, 29, 26, 23, 20, 18, 17, 17, 17, 17, 17, 17, 17, 17, 17, 17, 17, 17, 17, 17, 17, 17, 17, 17, 17, 17, 17, 17, 17, 17, 17, 17, 17, 17, 17], "robot_cols": [43, 43, 43, 43, 43, 43, 43, 43, 43, 43, 43, 43, 43, 43, 44, 45, 47, 49, 52, 55, 58, 60, 63, 66, 69, 71, 74, 77, 80, 83, 86, 89, 92, 95, 97, 97, 97, 97, 96, 96], "robot_speeds": [0, 0, 1, 2, 3, 3, 3, 3, 3, 3, 2, 1, 0, 0, 1, 1, 2, 2, 3, 3, 3, 2, 3, 3, 3, 2, 3, 3, 3, 3, 3, 3, 3, 3, 2, 0, 0, 0, 1, 0], "robot_directions": [0, 1, 1, 1, 1, 1, 1, 1, 1, 1, 1, 1, 1, 2, 2, 2, 2, 2, 2, 2, 2, 2, 2, 2, 2, 2, 2, 2, 2, 2, 2, 2, 2, 2, 2, 2, 3, 0, 0, 0], "action_accs": [0, 1, 1, 1, 0, 0, 0, 0, 0, -1, -1, -1, 0, 1, 0, 1, 0, 1, 0, 0, -1, 1, 0, 0, -1, 1, 0, 1, 0, 0, 0, 0, 0, -1, -1, 0, 0, 1, -1], "action_rots": [1, 0, 0, 0, 0, 0, 0, 0, 0, 0, 0, 0, 1, 0, 0, 0, 0, 0, 0, 0, 0, 0, 0, 0, 0, 0, 0, 0, 0, 0, 0, 0, 0, 0, 0, 1, 1, 0, 0], "steps": 39, "is_goal": true}