{"map_file_path": "grid_maps/Wiconisco/occ_grid_small.txt", "start_pos": [16, 17], "goal_pos": [16, 69], "robot_rows": [16, 16, 16, 16, 16, 16, 16, 16, 16, 16, 16, 16, 16, 16, 16, 17, 17, 17, 17, 16, 14, 13, 11, 10, 8, 7, 5, 4, 4, 3, 3, 3, 3, 3, 3, 3, 3, 3, 3, 3, 3, 3, 3, 3, 3, 3, 3, 3, 3, 3, 4, 6, 7, 9, 10, 11, 13, 14, 16, 18, 19, 21, 22, 24, 25, 26, 28, 29, 31, 32, 34, 35, 37, 38, 39, 41, 42, 44, 45, 47, 46, 47, 47, 47, 47, 47, 47, 47, 47, 47, 47, 47, 47, 47, 47, 47, 47, 47, 47, 47, 47, 46, 45, 43, 42, 40, 40], "robot_cols": [17, 16, 14, 13, 11, 10, 8, 7, 5, 4, 2, 1, 1, 1, 1, 1, 1, 1, 1, 1, 1, 1, 1, 1, 1, 1, 1, 1, 1, 1, 1, 1, 2, 4, 6, 7, 9, 10, 12, 13, 15, 16, 18, 19, 19, 19, 20, 20, 20, 20, 20, 20, 20, 20, 20, 20, 20, 20, 20, 20, 20, 20, 20, 20, 20, 20, 20, 20, 20, 20, 20, 20, 20, 20, 20, 20, 20, 20, 20, 20, 20, 20, 20, 20, 19, 17, 16, 15, 13, 11, 10, 8, 7, 5, 4, 2, 2, 1, 1, 1, 1, 1, 1, 1, 1, 1, 1], "robot_speeds": [0, 1, 2, 1, 2, 1, 2, 1, 2, 1, 2, 1, 0, 0, 0, 1, 0, 0, 0, 1, 2, 1, 2, 1, 2, 1, 2, 1, 0, 1, 0, 0, 1, 2, 2, 1, 2, 1, 2, 1, 2, 1, 2, 1, 0, 0, 1, 0, 0, 0, 1, 2, 1, 2, 1, 1, 2, 1, 2, 2, 1, 2, 1, 2, 1, 1, 2, 1, 2, 1, 2, 1, 2, 1, 1, 2, 1, 2, 1, 2, 0, 1, 0, 0, 1, 2, 1, 1, 2, 2, 1, 2, 1, 2, 1, 2, 0, 1, 0, 0, 0, 1, 1, 2, 1, 2, 0], "robot_directions": [0, 0, 0, 0, 0, 0, 0, 0, 0, 0, 0, 0, 0, 3, 3, 3, 3, 0, 1, 1, 1, 1, 1, 1, 1, 1, 1, 1, 1, 1, 1, 2, 2, 2, 2, 2, 2, 2, 2, 2, 2, 2, 2, 2, 2, 2, 2, 2, 3, 3, 3, 3, 3, 3, 3, 3, 3, 3, 3, 3, 3, 3, 3, 3, 3, 3, 3, 3, 3, 3, 3, 3, 3, 3, 3, 3, 3, 3, 3, 3, 3, 3, 3, 0, 0, 0, 0, 0, 0, 0, 0, 0, 0, 0, 0, 0, 0, 0, 0, 1, 1, 1, 1, 1, 1, 1, 1], "action_accs": [1, 1, -1, 1, -1, 1, -1, 1, -1, 1, -1, -1, 0, 0, 1, -1, 0, 0, 1, 1, -1, 1, -1, 1, -1, 1, -1, -1, 1, 0, 0, 1, 1, 0, -1, 1, -1, 1, -1, 1, -1, 1, -1, -1, 0, 1, -1, 0, 0, 1, 1, -1, 1, -1, 0, 1, -1, 1, 0, -1, 1, -1, 1, -1, 0, 1, -1, 1, -1, 1, -1, 1, -1, 0, 1, -1, 1, -1, 1, 0, 1, 0, 0, 1, 1, -1, 0, 1, 0, -1, 1, -1, 1, -1, 1, 0, 1, -1, 0, 0, 1, 0, 1, -1, 1, -1], "action_rots": [0, 0, 0, 0, 0, 0, 0, 0, 0, 0, 0, 0, -1, 0, 0, 0, 1, 1, 0, 0, 0, 0, 0, 0, 0, 0, 0, 0, 0, 0, 1, 0, 0, 0, 0, 0, 0, 0, 0, 0, 0, 0, 0, 0, 0, 0, 0, 1, 0, 0, 0, 0, 0, 0, 0, 0, 0, 0, 0, 0, 0, 0, 0, 0, 0, 0, 0, 0, 0, 0, 0, 0, 0, 0, 0, 0, 0, 0, 0, 0, 0, 0, 1, 0, 0, 0, 0, 0, 0, 0, 0, 0, 0, 0, 0, 0, 0, 0, 1, 0, 0, 0, 0, 0, 0, 0], "steps": 106, "is_goal": false}