{"map_file_path": "grid_maps/Wiconisco/occ_grid_small.txt", "start_pos": [22, 29], "goal_pos": [64, 15], "robot_rows": [22, 22, 22, 22, 22, 22, 22, 22, 22, 22, 22, 23, 25, 28, 31, 34, 37, 40, 43, 46, 48, 51, 54, 57, 60, 62, 63, 64, 64, 64, 64, 64], "robot_cols": [29, 29, 28, 26, 23, 20, 17, 15, 14, 14, 14, 14, 14, 14, 14, 14, 14, 14, 14, 14, 14, 14, 14, 14, 14, 14, 14, 14, 14, 14, 15, 15], "robot_speeds": [0, 0, 1, 2, 3, 3, 3, 2, 1, 0, 0, 1, 2, 3, 3, 3, 3, 3, 3, 3, 2, 3, 3, 3, 3, 2, 1, 1, 0, 0, 1, 0], "robot_directions": [0, 0, 0, 0, 0, 0, 0, 0, 0, 0, 3, 3, 3, 3, 3, 3, 3, 3, 3, 3, 3, 3, 3, 3, 3, 3, 3, 3, 3, 2, 2, 2], "action_accs": [-1, 1, 1, 1, 0, 0, -1, -1, -1, 0, 1, 1, 1, 0, 0, 0, 0, 0, 0, -1, 1, 0, 0, 0, -1, -1, 0, -1, 0, 1, -1], "action_rots": [0, 0, 0, 0, 0, 0, 0, 0, 0, -1, 0, 0, 0, 0, 0, 0, 0, 0, 0, 0, 0, 0, 0, 0, 0, 0, 0, 0, -1, 0, 0], "steps": 31, "is_goal": true}