{"map_file_path": "grid_maps/Ihlen/occ_grid_small.txt", "start_pos": [54, 89], "goal_pos": [12, 66], "robot_rows": [54, 54, 54, 54, 54, 54, 54, 54, 54, 54, 54, 53, 51, 48, 45, 42, 39, 36, 33, 30, 27, 24, 21, 18, 15, 13, 11, 10, 10, 10, 10, 10, 10, 10, 10, 10, 10, 10, 10, 10, 11, 12, 12, 12, 12, 12, 12, 12, 12, 12], "robot_cols": [89, 89, 89, 88, 86, 83, 80, 78, 77, 77, 77, 77, 77, 77, 77, 77, 77, 77, 77, 77, 77, 77, 77, 77, 77, 77, 77, 77, 77, 77, 76, 74, 71, 69, 66, 64, 63, 63, 63, 63, 63, 63, 63, 63, 63, 64, 64, 65, 66, 66], "robot_speeds": [0, 0, 0, 1, 2, 3, 3, 2, 1, 0, 0, 1, 2, 3, 3, 3, 3, 3, 3, 3, 3, 3, 3, 3, 3, 2, 2, 1, 0, 0, 1, 2, 3, 2, 3, 2, 1, 0, 0, 0, 1, 1, 0, 0, 0, 1, 0, 1, 1, 0], "robot_directions": [0, 0, 0, 0, 0, 0, 0, 0, 0, 0, 1, 1, 1, 1, 1, 1, 1, 1, 1, 1, 1, 1, 1, 1, 1, 1, 1, 1, 1, 0, 0, 0, 0, 0, 0, 0, 0, 0, 3, 3, 3, 3, 3, 2, 2, 2, 2, 2, 2, 2], "action_accs": [-1, 0, 1, 1, 1, 0, -1, -1, -1, 0, 1, 1, 1, 0, 0, 0, 0, 0, 0, 0, 0, 0, 0, 0, -1, 0, -1, -1, 0, 1, 1, 1, -1, 1, -1, -1, -1, 0, 0, 1, 0, -1, 0, 0, 1, -1, 1, 0, -1], "action_rots": [0, 0, 0, 0, 0, 0, 0, 0, 0, 1, 0, 0, 0, 0, 0, 0, 0, 0, 0, 0, 0, 0, 0, 0, 0, 0, 0, 0, -1, 0, 0, 0, 0, 0, 0, 0, 0, -1, 0, 0, 0, 0, -1, 0, 0, 0, 0, 0, 0], "steps": 49, "is_goal": true}