{"map_file_path": "grid_maps/Ihlen/occ_grid_small.txt", "start_pos": [37, 2], "goal_pos": [46, 44], "robot_rows": [37, 37, 37, 38, 40, 43, 45, 48, 51, 54, 56, 57, 58, 58, 58, 58, 58, 58, 58, 58, 58, 58, 58, 58, 58, 58, 58, 58, 58, 57, 55, 52, 50, 48, 47, 47, 47, 47, 47, 47, 47, 47, 47, 47, 47, 47, 47, 47, 46, 46, 46, 46, 46], "robot_cols": [2, 2, 2, 2, 2, 2, 2, 2, 2, 2, 2, 2, 2, 2, 2, 3, 5, 8, 11, 14, 17, 20, 23, 26, 28, 29, 30, 30, 30, 30, 30, 30, 30, 30, 30, 30, 30, 30, 31, 32, 34, 37, 39, 42, 44, 45, 45, 45, 45, 45, 45, 44, 44], "robot_speeds": [0, 0, 0, 1, 2, 3, 2, 3, 3, 3, 2, 1, 1, 0, 0, 1, 2, 3, 3, 3, 3, 3, 3, 3, 2, 1, 1, 0, 0, 1, 2, 3, 2, 2, 1, 0, 0, 0, 1, 1, 2, 3, 2, 3, 2, 1, 0, 0, 1, 0, 0, 1, 0], "robot_directions": [0, 0, 3, 3, 3, 3, 3, 3, 3, 3, 3, 3, 3, 3, 2, 2, 2, 2, 2, 2, 2, 2, 2, 2, 2, 2, 2, 2, 1, 1, 1, 1, 1, 1, 1, 1, 1, 2, 2, 2, 2, 2, 2, 2, 2, 2, 2, 1, 1, 1, 0, 0, 0], "action_accs": [-1, 0, 1, 1, 1, -1, 1, 0, 0, -1, -1, 0, -1, 0, 1, 1, 1, 0, 0, 0, 0, 0, 0, -1, -1, 0, -1, 0, 1, 1, 1, -1, 0, -1, -1, 0, 0, 1, 0, 1, 1, -1, 1, -1, -1, -1, 0, 1, -1, 0, 1, -1], "action_rots": [0, -1, 0, 0, 0, 0, 0, 0, 0, 0, 0, 0, 0, -1, 0, 0, 0, 0, 0, 0, 0, 0, 0, 0, 0, 0, 0, -1, 0, 0, 0, 0, 0, 0, 0, 0, 1, 0, 0, 0, 0, 0, 0, 0, 0, 0, -1, 0, 0, -1, 0, 0], "steps": 52, "is_goal": true}