{"map_file_path": "grid_maps/Wiconisco/occ_grid_small.txt", "start_pos": [79, 31], "goal_pos": [5, 62], "robot_rows": [79, 79, 79, 79, 79, 79, 79, 79, 79, 79, 79, 79, 79, 79, 78, 76, 73, 70, 68, 66, 63, 60, 57, 54, 51, 48, 45, 42, 39, 36, 33, 31, 28, 25, 22, 19, 19, 19, 18, 17, 17, 17, 17, 17, 17, 17, 17, 17, 17, 17, 17, 17, 17, 17, 17, 16, 14, 11, 8, 6, 5, 4, 4, 4, 4, 4, 4, 5, 5], "robot_cols": [31, 31, 31, 31, 31, 31, 32, 34, 37, 39, 40, 41, 41, 41, 41, 41, 41, 41, 41, 41, 41, 41, 41, 41, 41, 41, 41, 41, 41, 41, 41, 41, 41, 41, 41, 41, 41, 41, 41, 41, 41, 41, 42, 44, 46, 48, 51, 54, 57, 59, 61, 62, 63, 63, 63, 63, 63, 63, 63, 63, 63, 63, 63, 63, 62, 62, 62, 62, 62], "robot_speeds": [0, 0, 0, 0, 0, 0, 1, 2, 3, 2, 1, 1, 0, 0, 1, 2, 3, 3, 2, 2, 3, 3, 3, 3, 3, 3, 3, 3, 3, 3, 3, 2, 3, 3, 3, 3, 0, 0, 1, 1, 0, 0, 1, 2, 2, 2, 3, 3, 3, 2, 2, 1, 1, 0, 0, 1, 2, 3, 3, 2, 1, 1, 0, 0, 1, 0, 0, 1, 0], "robot_directions": [0, 0, 3, 3, 2, 2, 2, 2, 2, 2, 2, 2, 2, 1, 1, 1, 1, 1, 1, 1, 1, 1, 1, 1, 1, 1, 1, 1, 1, 1, 1, 1, 1, 1, 1, 1, 1, 1, 1, 1, 1, 2, 2, 2, 2, 2, 2, 2, 2, 2, 2, 2, 2, 2, 1, 1, 1, 1, 1, 1, 1, 1, 1, 0, 0, 0, 3, 3, 3], "action_accs": [-1, 0, 0, 0, 0, 1, 1, 1, -1, -1, 0, -1, 0, 1, 1, 1, 0, -1, 0, 1, 0, 0, 0, 0, 0, 0, 0, 0, 0, 0, -1, 1, 0, 0, 0, 0, 0, 1, 0, -1, 0, 1, 1, 0, 0, 1, 0, 0, -1, 0, -1, 0, -1, 0, 1, 1, 1, 0, -1, -1, 0, -1, 0, 1, -1, 0, 1, -1], "action_rots": [0, -1, 0, -1, 0, 0, 0, 0, 0, 0, 0, 0, -1, 0, 0, 0, 0, 0, 0, 0, 0, 0, 0, 0, 0, 0, 0, 0, 0, 0, 0, 0, 0, 0, 0, 0, 0, 0, 0, 0, 1, 0, 0, 0, 0, 0, 0, 0, 0, 0, 0, 0, 0, -1, 0, 0, 0, 0, 0, 0, 0, 0, -1, 0, 0, -1, 0, 0], "steps": 68, "is_goal": true}