{"map_file_path": "grid_maps/Wiconisco/occ_grid_small.txt", "start_pos": [21, 52], "goal_pos": [85, 28], "robot_rows": [21, 21, 21, 21, 21, 21, 21, 21, 21, 21, 21, 21, 21, 21, 21, 22, 24, 27, 30, 33, 36, 39, 42, 45, 47, 50, 53, 56, 59, 62, 65, 68, 71, 74, 77, 80, 82, 84, 86, 87, 87, 87, 87, 87, 87, 87, 87, 87, 86, 85, 85], "robot_cols": [52, 52, 51, 49, 46, 43, 40, 37, 34, 31, 29, 27, 26, 26, 26, 26, 26, 26, 26, 26, 26, 26, 26, 26, 26, 26, 26, 26, 26, 26, 26, 26, 26, 26, 26, 26, 26, 26, 26, 26, 26, 26, 26, 27, 28, 28, 28, 28, 28, 28, 28], "robot_speeds": [0, 0, 1, 2, 3, 3, 3, 3, 3, 3, 2, 2, 1, 0, 0, 1, 2, 3, 3, 3, 3, 3, 3, 3, 2, 3, 3, 3, 3, 3, 3, 3, 3, 3, 3, 3, 2, 2, 2, 1, 0, 0, 0, 1, 1, 0, 0, 0, 1, 1, 0], "robot_directions": [0, 0, 0, 0, 0, 0, 0, 0, 0, 0, 0, 0, 0, 0, 3, 3, 3, 3, 3, 3, 3, 3, 3, 3, 3, 3, 3, 3, 3, 3, 3, 3, 3, 3, 3, 3, 3, 3, 3, 3, 3, 3, 2, 2, 2, 2, 2, 1, 1, 1, 1], "action_accs": [-1, 1, 1, 1, 0, 0, 0, 0, 1, -1, 0, -1, -1, 0, 1, 1, 1, 0, 0, 0, 1, 0, 0, -1, 1, 0, 0, 0, 0, 1, 0, 0, 0, 0, 0, -1, 0, 0, -1, -1, 0, 0, 1, 0, -1, 0, 0, 1, 0, -1], "action_rots": [0, 0, 0, 0, 0, 0, 0, 0, 0, 0, 0, 0, 0, -1, 0, 0, 0, 0, 0, 0, 0, 0, 0, 0, 0, 0, 0, 0, 0, 0, 0, 0, 0, 0, 0, 0, 0, 0, 0, 0, 0, -1, 0, 0, 0, 0, -1, 0, 0, 0], "steps": 50, "is_goal": true}