{"map_file_path": "grid_maps/Wiconisco/occ_grid_small.txt", "start_pos": [10, 48], "goal_pos": [81, 20], "robot_rows": [10, 10, 10, 11, 13, 16, 19, 22, 25, 28, 30, 32, 33, 33, 33, 33, 33, 33, 33, 33, 33, 33, 33, 33, 33, 33, 33, 33, 33, 33, 33, 33, 33, 33, 34, 36, 39, 42, 45, 48, 51, 54, 57, 59, 62, 65, 67, 70, 73, 76, 78, 80, 81, 81, 81, 81, 81, 81, 81, 81, 81, 81, 81, 81, 81, 81], "robot_cols": [48, 48, 48, 48, 48, 48, 48, 48, 48, 48, 48, 48, 48, 48, 48, 47, 45, 42, 40, 37, 35, 32, 29, 27, 25, 23, 22, 22, 22, 22, 23, 24, 24, 24, 24, 24, 24, 24, 24, 24, 24, 24, 24, 24, 24, 24, 24, 24, 24, 24, 24, 24, 24, 24, 24, 23, 21, 20, 19, 18, 18, 18, 18, 19, 20, 20], "robot_speeds": [0, 0, 0, 1, 2, 3, 3, 3, 3, 3, 2, 2, 1, 0, 0, 1, 2, 3, 2, 3, 2, 3, 3, 2, 2, 2, 1, 0, 0, 0, 1, 1, 0, 0, 1, 2, 3, 3, 3, 3, 3, 3, 3, 2, 3, 3, 2, 3, 3, 3, 2, 2, 1, 0, 0, 1, 2, 1, 1, 1, 0, 0, 0, 1, 1, 0], "robot_directions": [0, 0, 3, 3, 3, 3, 3, 3, 3, 3, 3, 3, 3, 3, 0, 0, 0, 0, 0, 0, 0, 0, 0, 0, 0, 0, 0, 0, 3, 2, 2, 2, 2, 3, 3, 3, 3, 3, 3, 3, 3, 3, 3, 3, 3, 3, 3, 3, 3, 3, 3, 3, 3, 3, 0, 0, 0, 0, 0, 0, 0, 3, 2, 2, 2, 2], "action_accs": [-1, 0, 1, 1, 1, 0, 0, 0, 0, -1, 0, -1, -1, 0, 1, 1, 1, -1, 1, -1, 1, 0, -1, 0, 0, -1, -1, 0, 0, 1, 0, -1, 0, 1, 1, 1, 0, 0, 1, 0, 0, 0, -1, 1, 0, -1, 1, 0, 0, -1, 0, -1, -1, 0, 1, 1, -1, 0, 0, -1, 0, 0, 1, 0, -1], "action_rots": [0, -1, 0, 0, 0, 0, 0, 0, 0, 0, 0, 0, 0, 1, 0, 0, 0, 0, 0, 0, 0, 0, 0, 0, 0, 0, 0, -1, -1, 0, 0, 0, 1, 0, 0, 0, 0, 0, 0, 0, 0, 0, 0, 0, 0, 0, 0, 0, 0, 0, 0, 0, 0, 1, 0, 0, 0, 0, 0, 0, -1, -1, 0, 0, 0], "steps": 65, "is_goal": true}