{"map_file_path": "grid_maps/Wiconisco/occ_grid_small.txt", "start_pos": [4, 68], "goal_pos": [58, 42], "robot_rows": [4, 4, 5, 7, 10, 13, 16, 18, 19, 19, 19, 19, 19, 19, 19, 19, 19, 19, 19, 19, 19, 19, 19, 19, 20, 22, 24, 27, 30, 33, 36, 39, 42, 45, 48, 51, 53, 55, 57, 58, 58], "robot_cols": [68, 68, 68, 68, 68, 68, 68, 68, 68, 68, 68, 67, 65, 63, 60, 57, 54, 51, 48, 45, 43, 42, 42, 42, 42, 42, 42, 42, 42, 42, 42, 42, 42, 42, 42, 42, 42, 42, 42, 42, 42], "robot_speeds": [0, 0, 1, 2, 3, 3, 3, 2, 1, 0, 0, 1, 2, 2, 3, 3, 3, 3, 3, 3, 2, 1, 0, 0, 1, 2, 2, 3, 3, 3, 3, 3, 3, 3, 3, 3, 2, 2, 2, 1, 0], "robot_directions": [0, 3, 3, 3, 3, 3, 3, 3, 3, 3, 0, 0, 0, 0, 0, 0, 0, 0, 0, 0, 0, 0, 0, 3, 3, 3, 3, 3, 3, 3, 3, 3, 3, 3, 3, 3, 3, 3, 3, 3, 3], "action_accs": [0, 1, 1, 1, 0, 1, -1, -1, -1, 0, 1, 1, 0, 1, 0, 0, 0, 0, 0, -1, -1, -1, 0, 1, 1, 0, 1, 0, 0, 0, 0, 0, 0, 0, 0, -1, 0, 0, -1, -1], "action_rots": [-1, 0, 0, 0, 0, 0, 0, 0, 0, 1, 0, 0, 0, 0, 0, 0, 0, 0, 0, 0, 0, 0, -1, 0, 0, 0, 0, 0, 0, 0, 0, 0, 0, 0, 0, 0, 0, 0, 0, 0], "steps": 40, "is_goal": true}