{"map_file_path": "grid_maps/Wiconisco/occ_grid_small.txt", "start_pos": [35, 32], "goal_pos": [7, 68], "robot_rows": [35, 35, 34, 34, 34, 34, 34, 34, 34, 34, 34, 34, 34, 34, 34, 34, 34, 34, 34, 34, 34, 34, 33, 31, 28, 25, 22, 19, 16, 13, 10, 8, 7, 6, 6, 6, 6, 7, 7], "robot_cols": [32, 32, 32, 32, 32, 32, 33, 35, 38, 41, 44, 47, 50, 53, 56, 59, 62, 65, 67, 68, 68, 68, 68, 68, 68, 68, 68, 68, 68, 68, 68, 68, 68, 68, 68, 68, 68, 68, 68], "robot_speeds": [0, 0, 1, 0, 0, 0, 1, 2, 3, 3, 3, 3, 3, 3, 3, 3, 3, 3, 2, 1, 0, 0, 1, 2, 3, 3, 3, 3, 3, 3, 3, 2, 1, 1, 0, 0, 0, 1, 0], "robot_directions": [0, 1, 1, 1, 1, 2, 2, 2, 2, 2, 2, 2, 2, 2, 2, 2, 2, 2, 2, 2, 2, 1, 1, 1, 1, 1, 1, 1, 1, 1, 1, 1, 1, 1, 1, 0, 3, 3, 3], "action_accs": [0, 1, -1, 0, 0, 1, 1, 1, 0, 0, 0, 0, 0, 0, 1, 0, 0, -1, -1, -1, 0, 1, 1, 1, 0, 0, 0, 0, 0, 0, -1, -1, 0, -1, 0, 0, 1, -1], "action_rots": [1, 0, 0, 0, 1, 0, 0, 0, 0, 0, 0, 0, 0, 0, 0, 0, 0, 0, 0, 0, -1, 0, 0, 0, 0, 0, 0, 0, 0, 0, 0, 0, 0, 0, -1, -1, 0, 0], "steps": 38, "is_goal": true}