{"map_file_path": "grid_maps/Ihlen/occ_grid_small.txt", "start_pos": [46, 88], "goal_pos": [82, 55], "robot_rows": [46, 46, 46, 47, 49, 51, 53, 54, 54, 54, 54, 54, 54, 54, 53, 53, 53, 53, 53, 53, 53, 53, 53, 53, 53, 53, 53, 53, 53, 53, 53, 53, 54, 56, 59, 62, 65, 68, 71, 74, 77, 79, 81, 82, 82], "robot_cols": [88, 88, 88, 88, 88, 88, 88, 88, 88, 88, 88, 88, 88, 88, 88, 88, 88, 87, 85, 82, 79, 76, 73, 70, 67, 64, 61, 58, 56, 55, 55, 55, 55, 55, 55, 55, 55, 55, 55, 55, 55, 55, 55, 55, 55], "robot_speeds": [0, 0, 0, 1, 2, 2, 2, 1, 0, 0, 0, 0, 0, 0, 1, 0, 0, 1, 2, 3, 3, 3, 3, 3, 3, 3, 3, 3, 2, 1, 0, 0, 1, 2, 3, 3, 3, 3, 3, 3, 3, 2, 2, 1, 0], "robot_directions": [0, 0, 3, 3, 3, 3, 3, 3, 3, 0, 0, 1, 1, 1, 1, 1, 0, 0, 0, 0, 0, 0, 0, 0, 0, 0, 0, 0, 0, 0, 0, 3, 3, 3, 3, 3, 3, 3, 3, 3, 3, 3, 3, 3, 3], "action_accs": [-1, 0, 1, 1, 0, 0, -1, -1, 0, 0, 0, 0, 0, 1, -1, 0, 1, 1, 1, 0, 0, 0, 0, 0, 0, 0, 0, -1, -1, -1, 0, 1, 1, 1, 1, 0, 0, 0, 0, 0, -1, 0, -1, -1], "action_rots": [0, -1, 0, 0, 0, 0, 0, 0, 1, 0, 1, 0, 0, 0, 0, -1, 0, 0, 0, 0, 0, 0, 0, 0, 0, 0, 0, 0, 0, 0, -1, 0, 0, 0, 0, 0, 0, 0, 0, 0, 0, 0, 0, 0], "steps": 44, "is_goal": true}