{"map_file_path": "grid_maps/Wiconisco/occ_grid_small.txt", "start_pos": [12, 23], "goal_pos": [1, 95], "robot_rows": [12, 12, 13, 15, 16, 17, 17, 17, 17, 17, 17, 17, 17, 17, 17, 17, 17, 17, 17, 17, 17, 17, 17, 17, 17, 17, 17, 17, 17, 17, 17, 17, 17, 17, 17, 17, 17, 17, 16, 14, 11, 8, 5, 3, 2, 1, 1], "robot_cols": [23, 23, 23, 23, 23, 23, 23, 23, 23, 24, 26, 29, 32, 35, 37, 40, 43, 46, 49, 52, 55, 58, 61, 64, 67, 70, 73, 76, 79, 81, 84, 87, 90, 92, 94, 95, 95, 95, 95, 95, 95, 95, 95, 95, 95, 95, 95], "robot_speeds": [0, 0, 1, 2, 1, 1, 0, 0, 0, 1, 2, 3, 3, 3, 2, 3, 3, 3, 3, 3, 3, 3, 3, 3, 3, 3, 3, 3, 3, 2, 3, 3, 3, 2, 2, 1, 0, 0, 1, 2, 3, 3, 3, 2, 1, 1, 0], "robot_directions": [0, 3, 3, 3, 3, 3, 3, 3, 2, 2, 2, 2, 2, 2, 2, 2, 2, 2, 2, 2, 2, 2, 2, 2, 2, 2, 2, 2, 2, 2, 2, 2, 2, 2, 2, 2, 2, 1, 1, 1, 1, 1, 1, 1, 1, 1, 1], "action_accs": [0, 1, 1, -1, 0, -1, 0, 0, 1, 1, 1, 0, 0, -1, 1, 0, 0, 0, 0, 0, 0, 0, 1, 0, 0, 0, 0, 0, -1, 1, 0, 0, -1, 0, -1, -1, 0, 1, 1, 1, 0, 0, -1, -1, 0, -1], "action_rots": [-1, 0, 0, 0, 0, 0, 0, -1, 0, 0, 0, 0, 0, 0, 0, 0, 0, 0, 0, 0, 0, 0, 0, 0, 0, 0, 0, 0, 0, 0, 0, 0, 0, 0, 0, 0, -1, 0, 0, 0, 0, 0, 0, 0, 0, 0], "steps": 46, "is_goal": true}