{"map_file_path": "grid_maps/Wiconisco/occ_grid_small.txt", "start_pos": [72, 45], "goal_pos": [40, 78], "robot_rows": [72, 72, 72, 72, 72, 72, 72, 72, 71, 69, 66, 64, 61, 58, 55, 53, 52, 50, 49, 49, 49, 49, 49, 49, 49, 49, 49, 49, 49, 49, 49, 50, 51, 52, 53, 53, 53, 53, 53, 53, 53, 53, 53, 53, 53, 53, 53, 53, 53, 53, 53, 53, 53, 53, 52, 50, 47, 44, 42, 41, 40, 40, 40, 40, 40, 40], "robot_cols": [45, 45, 44, 43, 41, 40, 40, 40, 40, 40, 40, 40, 40, 40, 40, 40, 40, 40, 40, 40, 40, 41, 43, 45, 47, 48, 48, 48, 48, 48, 48, 48, 48, 48, 48, 48, 48, 48, 49, 51, 54, 57, 60, 63, 66, 69, 72, 75, 77, 79, 80, 80, 80, 80, 80, 80, 80, 80, 80, 80, 80, 80, 80, 79, 78, 78], "robot_speeds": [0, 0, 1, 1, 2, 1, 0, 0, 1, 2, 3, 2, 3, 3, 3, 2, 1, 2, 1, 0, 0, 1, 2, 2, 2, 1, 0, 0, 0, 0, 0, 1, 1, 1, 1, 0, 0, 0, 1, 2, 3, 3, 3, 3, 3, 3, 3, 3, 2, 2, 1, 0, 0, 0, 1, 2, 3, 3, 2, 1, 1, 0, 0, 1, 1, 0], "robot_directions": [0, 0, 0, 0, 0, 0, 0, 1, 1, 1, 1, 1, 1, 1, 1, 1, 1, 1, 1, 1, 2, 2, 2, 2, 2, 2, 2, 2, 2, 2, 3, 3, 3, 3, 3, 3, 2, 2, 2, 2, 2, 2, 2, 2, 2, 2, 2, 2, 2, 2, 2, 2, 2, 1, 1, 1, 1, 1, 1, 1, 1, 1, 0, 0, 0, 0], "action_accs": [-1, 1, 0, 1, -1, -1, 0, 1, 1, 1, -1, 1, 0, 0, -1, -1, 1, -1, -1, 0, 1, 1, 0, 0, -1, -1, 0, 0, 0, 0, 1, 0, 0, 0, -1, 0, 0, 1, 1, 1, 0, 0, 0, 0, 0, 0, 0, -1, 0, -1, -1, 0, 0, 1, 1, 1, 0, -1, -1, 0, -1, 0, 1, 0, -1], "action_rots": [0, 0, 0, 0, 0, 0, 1, 0, 0, 0, 0, 0, 0, 0, 0, 0, 0, 0, 0, 1, 0, 0, 0, 0, 0, 0, 0, 0, 0, 1, 0, 0, 0, 0, 0, -1, 0, 0, 0, 0, 0, 0, 0, 0, 0, 0, 0, 0, 0, 0, 0, 0, -1, 0, 0, 0, 0, 0, 0, 0, 0, -1, 0, 0, 0], "steps": 65, "is_goal": true}