{"map_file_path": "grid_maps/Wiconisco/occ_grid_small.txt", "start_pos": [75, 14], "goal_pos": [16, 5], "robot_rows": [75, 75, 75, 74, 72, 69, 66, 63, 60, 58, 55, 52, 49, 46, 44, 41, 38, 35, 32, 29, 27, 24, 22, 19, 17, 16, 16, 16, 16, 16, 16, 16, 16, 16, 16], "robot_cols": [14, 14, 14, 14, 14, 14, 14, 14, 14, 14, 14, 14, 14, 14, 14, 14, 14, 14, 14, 14, 14, 14, 14, 14, 14, 14, 14, 14, 14, 13, 11, 8, 6, 5, 5], "robot_speeds": [0, 0, 0, 1, 2, 3, 3, 3, 3, 2, 3, 3, 3, 3, 2, 3, 3, 3, 3, 3, 2, 3, 2, 3, 2, 1, 0, 0, 0, 1, 2, 3, 2, 1, 0], "robot_directions": [0, 0, 1, 1, 1, 1, 1, 1, 1, 1, 1, 1, 1, 1, 1, 1, 1, 1, 1, 1, 1, 1, 1, 1, 1, 1, 1, 0, 0, 0, 0, 0, 0, 0, 0], "action_accs": [-1, 0, 1, 1, 1, 0, 0, 0, -1, 1, 0, 0, 0, -1, 1, 0, 0, 0, 0, -1, 1, -1, 1, -1, -1, -1, 0, 0, 1, 1, 1, -1, -1, -1], "action_rots": [0, 1, 0, 0, 0, 0, 0, 0, 0, 0, 0, 0, 0, 0, 0, 0, 0, 0, 0, 0, 0, 0, 0, 0, 0, 0, -1, 0, 0, 0, 0, 0, 0, 0], "steps": 34, "is_goal": true}