{"map_file_path": "grid_maps/Wiconisco/occ_grid_small.txt", "start_pos": [41, 77], "goal_pos": [36, 7], "robot_rows": [41, 41, 41, 41, 41, 41, 41, 41, 41, 40, 39, 38, 38, 38, 38, 39, 41, 43, 44, 45, 45, 45, 45, 45, 45, 45, 45, 45, 45, 44, 42, 39, 39, 38, 38, 38, 38, 38], "robot_cols": [77, 76, 74, 71, 69, 68, 67, 67, 67, 67, 67, 67, 67, 67, 67, 67, 67, 67, 67, 67, 67, 67, 68, 70, 72, 73, 74, 74, 74, 74, 74, 74, 74, 74, 74, 74, 74, 74], "robot_speeds": [0, 1, 2, 3, 2, 1, 1, 0, 0, 1, 1, 1, 0, 0, 0, 1, 2, 2, 1, 1, 0, 0, 1, 2, 2, 1, 1, 0, 0, 1, 2, 3, 0, 1, 0, 0, 0, 0], "robot_directions": [0, 0, 0, 0, 0, 0, 0, 0, 1, 1, 1, 1, 1, 2, 3, 3, 3, 3, 3, 3, 3, 2, 2, 2, 2, 2, 2, 2, 1, 1, 1, 1, 1, 1, 1, 1, 1, 1], "action_accs": [1, 1, 1, -1, -1, 0, -1, 0, 1, 0, 0, -1, 0, 0, 1, 1, 0, -1, 0, -1, 0, 1, 1, 0, -1, 0, -1, 0, 1, 1, 1, -1, 1, 0, 1, 1, 1], "action_rots": [0, 0, 0, 0, 0, 0, 0, 1, 0, 0, 0, 0, 1, 1, 0, 0, 0, 0, 0, 0, -1, 0, 0, 0, 0, 0, 0, -1, 0, 0, 0, 0, 0, 0, 0, 0, 0], "steps": 37, "is_goal": false}