{"map_file_path": "grid_maps/Wiconisco/occ_grid_small.txt", "start_pos": [76, 32], "goal_pos": [16, 58], "robot_rows": [76, 76, 76, 76, 76, 76, 76, 76, 76, 76, 76, 75, 74, 72, 69, 66, 63, 60, 57, 54, 51, 48, 45, 42, 40, 37, 34, 31, 28, 25, 22, 20, 18, 17, 17, 17, 17, 17, 17, 17, 17, 17, 17, 17, 17, 17, 17, 17, 16, 16], "robot_cols": [32, 32, 32, 32, 33, 35, 37, 39, 40, 40, 40, 40, 40, 40, 40, 40, 40, 40, 40, 40, 40, 40, 40, 40, 40, 40, 40, 40, 40, 40, 40, 40, 40, 40, 40, 40, 41, 43, 46, 49, 52, 55, 57, 58, 58, 58, 58, 58, 58, 58], "robot_speeds": [0, 0, 0, 0, 1, 2, 2, 2, 1, 0, 0, 1, 1, 2, 3, 3, 3, 3, 3, 3, 3, 3, 3, 3, 2, 3, 3, 3, 3, 3, 3, 2, 2, 1, 0, 0, 1, 2, 3, 3, 3, 3, 2, 1, 0, 0, 0, 0, 1, 0], "robot_directions": [0, 0, 3, 2, 2, 2, 2, 2, 2, 2, 1, 1, 1, 1, 1, 1, 1, 1, 1, 1, 1, 1, 1, 1, 1, 1, 1, 1, 1, 1, 1, 1, 1, 1, 1, 2, 2, 2, 2, 2, 2, 2, 2, 2, 2, 2, 1, 1, 1, 1], "action_accs": [-1, 0, 0, 1, 1, 0, 0, -1, -1, 0, 1, 0, 1, 1, 0, 0, 0, 0, 0, 0, 0, 0, 0, -1, 1, 0, 0, 0, 0, 0, -1, 0, -1, 0, 0, 1, 1, 1, 0, 0, 0, -1, -1, -1, 0, 0, 0, 1, -1], "action_rots": [0, -1, -1, 0, 0, 0, 0, 0, 0, -1, 0, 0, 0, 0, 0, 0, 0, 0, 0, 0, 0, 0, 0, 0, 0, 0, 0, 0, 0, 0, 0, 0, 0, 0, 1, 0, 0, 0, 0, 0, 0, 0, 0, 0, 0, -1, 0, 0, 0], "steps": 49, "is_goal": true}