{"map_file_path": "grid_maps/Ihlen/occ_grid_small.txt", "start_pos": [26, 1], "goal_pos": [48, 71], "robot_rows": [26, 26, 26, 26, 26, 26, 26, 26, 26, 26, 25, 24, 22, 19, 17, 16, 16, 16, 16, 16, 16, 16, 16, 16, 16, 16, 16, 16, 16, 16, 16, 16, 16, 16, 16, 16, 16, 16, 16, 17, 19, 22, 24, 27, 30, 32, 35, 38, 41, 44, 46, 48, 50, 51, 51, 51, 51, 51, 51, 51, 51, 51, 51, 51, 51, 51, 51, 51, 51, 50, 49, 48, 48, 48, 48, 48, 48, 48], "robot_cols": [1, 1, 1, 1, 1, 2, 4, 5, 5, 5, 5, 5, 5, 5, 5, 5, 5, 5, 6, 8, 11, 14, 17, 20, 23, 26, 29, 32, 35, 38, 41, 44, 47, 50, 52, 53, 53, 53, 53, 53, 53, 53, 53, 53, 53, 53, 53, 53, 53, 53, 53, 53, 53, 53, 53, 53, 54, 56, 59, 61, 64, 67, 69, 70, 72, 74, 75, 75, 75, 75, 75, 75, 75, 75, 74, 72, 71, 71], "robot_speeds": [0, 0, 0, 0, 0, 1, 2, 1, 0, 0, 1, 1, 2, 3, 2, 1, 0, 0, 1, 2, 3, 3, 3, 3, 3, 3, 3, 3, 3, 3, 3, 3, 3, 3, 2, 1, 0, 0, 0, 1, 2, 3, 2, 3, 3, 2, 3, 3, 3, 3, 2, 2, 2, 1, 0, 0, 1, 2, 3, 2, 3, 3, 2, 1, 2, 2, 1, 0, 0, 1, 1, 1, 0, 0, 1, 2, 1, 0], "robot_directions": [0, 0, 0, 3, 2, 2, 2, 2, 2, 1, 1, 1, 1, 1, 1, 1, 1, 2, 2, 2, 2, 2, 2, 2, 2, 2, 2, 2, 2, 2, 2, 2, 2, 2, 2, 2, 2, 3, 3, 3, 3, 3, 3, 3, 3, 3, 3, 3, 3, 3, 3, 3, 3, 3, 3, 2, 2, 2, 2, 2, 2, 2, 2, 2, 2, 2, 2, 2, 1, 1, 1, 1, 1, 0, 0, 0, 0, 0], "action_accs": [0, 0, 0, 0, 1, 1, -1, -1, 0, 1, 0, 1, 1, -1, -1, -1, 0, 1, 1, 1, 0, 0, 0, 0, 0, 0, 0, 0, 0, 0, 0, 0, 0, -1, -1, -1, 0, 0, 1, 1, 1, -1, 1, 0, -1, 1, 0, 0, 0, -1, 0, 0, -1, -1, 0, 1, 1, 1, -1, 1, 1, -1, -1, 1, 0, -1, -1, 0, 1, 0, 0, -1, 0, 1, 1, -1, -1], "action_rots": [0, 0, -1, -1, 0, 0, 0, 0, -1, 0, 0, 0, 0, 0, 0, 0, 1, 0, 0, 0, 0, 0, 0, 0, 0, 0, 0, 0, 0, 0, 0, 0, 0, 0, 0, 0, 1, 0, 0, 0, 0, 0, 0, 0, 0, 0, 0, 0, 0, 0, 0, 0, 0, 0, -1, 0, 0, 0, 0, 0, 0, 0, 0, 0, 0, 0, 0, -1, 0, 0, 0, 0, -1, 0, 0, 0, 0], "steps": 77, "is_goal": true}