{"map_file_path": "grid_maps/Ihlen/occ_grid_small.txt", "start_pos": [89, 64], "goal_pos": [8, 39], "robot_rows": [89, 89, 89, 88, 86, 83, 81, 80, 80, 80, 80, 80, 80, 80, 80, 80, 80, 80, 80, 80, 79, 77, 74, 71, 68, 65, 62, 59, 56, 53, 50, 47, 44, 41, 38, 35, 32, 30, 27, 24, 21, 18, 15, 13, 11, 9, 8, 8, 8, 8, 8, 8, 8, 8, 8, 8, 8, 8, 8, 8, 8], "robot_cols": [64, 64, 64, 64, 64, 64, 64, 64, 64, 64, 64, 63, 61, 58, 55, 53, 51, 50, 50, 50, 50, 50, 50, 50, 50, 50, 50, 50, 50, 50, 50, 50, 50, 50, 50, 50, 50, 50, 50, 50, 50, 50, 50, 50, 50, 50, 50, 50, 50, 49, 47, 45, 43, 41, 39, 38, 38, 38, 38, 39, 39], "robot_speeds": [0, 0, 0, 1, 2, 3, 2, 1, 0, 0, 0, 1, 2, 3, 3, 2, 2, 1, 0, 0, 1, 2, 3, 3, 3, 3, 3, 3, 3, 3, 3, 3, 3, 3, 3, 3, 3, 2, 3, 3, 3, 3, 3, 2, 2, 2, 1, 0, 0, 1, 2, 2, 2, 2, 2, 1, 0, 0, 0, 1, 0], "robot_directions": [0, 0, 1, 1, 1, 1, 1, 1, 1, 0, 0, 0, 0, 0, 0, 0, 0, 0, 0, 1, 1, 1, 1, 1, 1, 1, 1, 1, 1, 1, 1, 1, 1, 1, 1, 1, 1, 1, 1, 1, 1, 1, 1, 1, 1, 1, 1, 1, 0, 0, 0, 0, 0, 0, 0, 0, 0, 3, 2, 2, 2], "action_accs": [0, 0, 1, 1, 1, -1, -1, -1, 0, 0, 1, 1, 1, 0, -1, 0, -1, -1, 0, 1, 1, 1, 0, 0, 0, 0, 0, 0, 0, 0, 0, 0, 0, 0, 1, 0, -1, 1, 0, 0, 0, 0, -1, 0, 0, -1, -1, 0, 1, 1, 0, 0, 0, 0, -1, -1, 0, 0, 1, -1], "action_rots": [0, 1, 0, 0, 0, 0, 0, 0, -1, 0, 0, 0, 0, 0, 0, 0, 0, 0, 1, 0, 0, 0, 0, 0, 0, 0, 0, 0, 0, 0, 0, 0, 0, 0, 0, 0, 0, 0, 0, 0, 0, 0, 0, 0, 0, 0, 0, -1, 0, 0, 0, 0, 0, 0, 0, 0, -1, -1, 0, 0], "steps": 60, "is_goal": true}