{"map_file_path": "grid_maps/Wiconisco/occ_grid_small.txt", "start_pos": [20, 80], "goal_pos": [29, 14], "robot_rows": [20, 20, 20, 20, 20, 20, 20, 20, 20, 20, 20, 20, 20, 20, 20, 20, 20, 20, 20, 20, 20, 20, 20, 20, 20, 20, 20, 20, 20, 20, 21, 23, 26, 28, 29, 29, 29, 29, 29, 29], "robot_cols": [80, 79, 77, 75, 73, 70, 67, 64, 61, 58, 55, 52, 50, 47, 45, 42, 39, 36, 33, 30, 27, 24, 21, 18, 15, 13, 12, 12, 12, 12, 12, 12, 12, 12, 12, 12, 12, 13, 14, 14], "robot_speeds": [0, 1, 2, 2, 2, 3, 3, 3, 3, 3, 3, 3, 2, 3, 2, 3, 3, 3, 3, 3, 3, 3, 3, 3, 3, 2, 1, 0, 0, 0, 1, 2, 3, 2, 1, 0, 0, 1, 1, 0], "robot_directions": [0, 0, 0, 0, 0, 0, 0, 0, 0, 0, 0, 0, 0, 0, 0, 0, 0, 0, 0, 0, 0, 0, 0, 0, 0, 0, 0, 0, 3, 3, 3, 3, 3, 3, 3, 3, 2, 2, 2, 2], "action_accs": [1, 1, 0, 0, 1, 0, 0, 0, 1, 0, 0, -1, 1, -1, 1, 0, 0, 0, 0, 0, 0, 0, 0, 0, -1, -1, -1, 0, 0, 1, 1, 1, -1, -1, -1, 0, 1, 0, -1], "action_rots": [0, 0, 0, 0, 0, 0, 0, 0, 0, 0, 0, 0, 0, 0, 0, 0, 0, 0, 0, 0, 0, 0, 0, 0, 0, 0, 0, -1, 0, 0, 0, 0, 0, 0, 0, -1, 0, 0, 0], "steps": 39, "is_goal": true}