{"map_file_path": "grid_maps/Ihlen/occ_grid_small.txt", "start_pos": [47, 46], "goal_pos": [55, 2], "robot_rows": [47, 47, 47, 47, 47, 47, 47, 47, 47, 47, 47, 47, 48, 50, 53, 55, 57, 58, 58, 58, 58, 58, 58, 58, 58, 58, 58, 58, 58, 58, 58, 58, 58, 58, 57, 55, 54, 54, 54, 54, 55, 55], "robot_cols": [46, 46, 45, 43, 40, 37, 34, 31, 29, 28, 28, 28, 28, 28, 28, 28, 28, 28, 28, 28, 28, 27, 25, 22, 19, 16, 13, 10, 8, 5, 3, 2, 2, 2, 2, 2, 2, 2, 2, 2, 2, 2], "robot_speeds": [0, 0, 1, 2, 3, 3, 3, 3, 2, 1, 0, 0, 1, 2, 3, 2, 2, 1, 0, 0, 0, 1, 2, 3, 3, 3, 3, 3, 2, 3, 2, 1, 0, 0, 1, 2, 1, 0, 0, 0, 1, 0], "robot_directions": [0, 0, 0, 0, 0, 0, 0, 0, 0, 0, 0, 3, 3, 3, 3, 3, 3, 3, 3, 3, 0, 0, 0, 0, 0, 0, 0, 0, 0, 0, 0, 0, 0, 1, 1, 1, 1, 1, 0, 3, 3, 3], "action_accs": [-1, 1, 1, 1, 0, 0, 0, -1, -1, -1, 0, 1, 1, 1, -1, 0, -1, -1, 0, 0, 1, 1, 1, 0, 0, 0, 0, -1, 1, -1, -1, -1, 0, 1, 1, -1, -1, 0, 0, 1, -1], "action_rots": [0, 0, 0, 0, 0, 0, 0, 0, 0, 0, -1, 0, 0, 0, 0, 0, 0, 0, 0, 1, 0, 0, 0, 0, 0, 0, 0, 0, 0, 0, 0, 0, 1, 0, 0, 0, 0, -1, -1, 0, 0], "steps": 41, "is_goal": true}