{"map_file_path": "grid_maps/Ihlen/occ_grid_small.txt", "start_pos": [78, 64], "goal_pos": [52, 25], "robot_rows": [78, 78, 78, 78, 79, 79, 79, 79, 79, 79, 79, 79, 79, 79, 79, 79, 79, 78, 76, 73, 70, 67, 64, 61, 58, 55, 53, 50, 48, 47, 46, 45, 45, 45, 45, 46, 48, 50, 51, 51, 51, 51, 50, 50, 50, 50, 50, 50, 50, 50, 50, 50, 50, 50, 50, 50, 50, 50, 51, 52, 52, 52, 52, 52, 52], "robot_cols": [64, 64, 64, 64, 64, 64, 64, 63, 61, 58, 55, 52, 50, 49, 49, 49, 49, 49, 49, 49, 49, 49, 49, 49, 49, 49, 49, 49, 49, 49, 49, 49, 49, 49, 49, 49, 49, 49, 49, 49, 49, 49, 49, 49, 49, 49, 48, 46, 43, 40, 37, 34, 31, 29, 28, 27, 27, 27, 27, 27, 27, 27, 26, 25, 25], "robot_speeds": [0, 0, 0, 0, 1, 0, 0, 1, 2, 3, 3, 3, 2, 1, 0, 0, 0, 1, 2, 3, 3, 3, 3, 3, 3, 3, 2, 3, 2, 1, 1, 1, 0, 0, 0, 1, 2, 2, 1, 0, 0, 0, 1, 0, 0, 0, 1, 2, 3, 3, 3, 3, 3, 2, 1, 1, 0, 0, 1, 1, 0, 0, 1, 1, 0], "robot_directions": [0, 0, 3, 3, 3, 3, 0, 0, 0, 0, 0, 0, 0, 0, 0, 1, 1, 1, 1, 1, 1, 1, 1, 1, 1, 1, 1, 1, 1, 1, 1, 1, 1, 0, 3, 3, 3, 3, 3, 3, 0, 1, 1, 1, 1, 0, 0, 0, 0, 0, 0, 0, 0, 0, 0, 0, 0, 3, 3, 3, 3, 0, 0, 0, 0], "action_accs": [-1, 0, 0, 1, -1, 0, 1, 1, 1, 0, 1, -1, -1, -1, 0, 0, 1, 1, 1, 0, 0, 0, 0, 0, 0, -1, 1, -1, -1, 0, 0, -1, 0, 0, 1, 1, 0, -1, -1, 0, 0, 1, -1, 0, 0, 1, 1, 1, 0, 0, 0, 0, -1, -1, 0, -1, 0, 1, 0, -1, 0, 1, 0, -1], "action_rots": [0, -1, 0, 0, 0, 1, 0, 0, 0, 0, 0, 0, 0, 0, 1, 0, 0, 0, 0, 0, 0, 0, 0, 0, 0, 0, 0, 0, 0, 0, 0, 0, -1, -1, 0, 0, 0, 0, 0, 1, 1, 0, 0, 0, -1, 0, 0, 0, 0, 0, 0, 0, 0, 0, 0, 0, -1, 0, 0, 0, 1, 0, 0, 0], "steps": 64, "is_goal": true}