{"map_file_path": "grid_maps/Ihlen/occ_grid_small.txt", "start_pos": [96, 17], "goal_pos": [57, 90], "robot_rows": [96, 96, 96, 96, 96, 96, 96, 96, 96, 96, 96, 95, 93, 90, 87, 84, 81, 79, 78, 78, 78, 78, 79, 79, 79, 79, 79, 79, 79, 79, 79, 79, 79, 79, 79, 79, 79, 79, 79, 79, 79, 79, 79, 79, 79, 79, 79, 78, 76, 73, 70, 67, 65, 62, 59, 56, 54, 53, 53, 53, 53, 53, 53, 53, 53, 53, 53, 53, 53, 53, 53, 53, 53, 53, 53, 53, 54, 56, 57, 57], "robot_cols": [17, 17, 16, 14, 11, 9, 8, 7, 6, 6, 6, 6, 6, 6, 6, 6, 6, 6, 6, 6, 6, 6, 6, 6, 6, 7, 9, 12, 15, 18, 21, 24, 27, 29, 32, 35, 38, 41, 44, 47, 50, 52, 53, 54, 55, 55, 55, 55, 55, 55, 55, 55, 55, 55, 55, 55, 55, 55, 55, 55, 56, 58, 61, 64, 67, 70, 73, 76, 79, 82, 84, 87, 89, 90, 90, 90, 90, 90, 90, 90], "robot_speeds": [0, 0, 1, 2, 3, 2, 1, 1, 1, 0, 0, 1, 2, 3, 3, 3, 3, 2, 1, 0, 0, 0, 1, 0, 0, 1, 2, 3, 3, 3, 3, 3, 3, 2, 3, 3, 3, 3, 3, 3, 3, 2, 1, 1, 1, 0, 0, 1, 2, 3, 3, 3, 2, 3, 3, 3, 2, 1, 0, 0, 1, 2, 3, 3, 3, 3, 3, 3, 3, 3, 2, 3, 2, 1, 0, 0, 1, 2, 1, 0], "robot_directions": [0, 0, 0, 0, 0, 0, 0, 0, 0, 0, 1, 1, 1, 1, 1, 1, 1, 1, 1, 1, 0, 3, 3, 3, 2, 2, 2, 2, 2, 2, 2, 2, 2, 2, 2, 2, 2, 2, 2, 2, 2, 2, 2, 2, 2, 2, 1, 1, 1, 1, 1, 1, 1, 1, 1, 1, 1, 1, 1, 2, 2, 2, 2, 2, 2, 2, 2, 2, 2, 2, 2, 2, 2, 2, 2, 3, 3, 3, 3, 3], "action_accs": [-1, 1, 1, 1, -1, -1, 0, 0, -1, 0, 1, 1, 1, 0, 0, 0, -1, -1, -1, 0, 0, 1, -1, 0, 1, 1, 1, 0, 0, 0, 0, 0, -1, 1, 0, 0, 0, 0, 0, 0, -1, -1, 0, 0, -1, 0, 1, 1, 1, 0, 0, -1, 1, 0, 0, -1, -1, -1, 0, 1, 1, 1, 0, 0, 0, 0, 0, 0, 0, -1, 1, -1, -1, -1, 0, 1, 1, -1, -1], "action_rots": [0, 0, 0, 0, 0, 0, 0, 0, 0, 1, 0, 0, 0, 0, 0, 0, 0, 0, 0, -1, -1, 0, 0, -1, 0, 0, 0, 0, 0, 0, 0, 0, 0, 0, 0, 0, 0, 0, 0, 0, 0, 0, 0, 0, 0, -1, 0, 0, 0, 0, 0, 0, 0, 0, 0, 0, 0, 0, 1, 0, 0, 0, 0, 0, 0, 0, 0, 0, 0, 0, 0, 0, 0, 0, 1, 0, 0, 0, 0], "steps": 79, "is_goal": true}