{"map_file_path": "grid_maps/Ihlen/occ_grid_small.txt", "start_pos": [46, 88], "goal_pos": [16, 52], "robot_rows": [46, 46, 46, 46, 46, 46, 46, 46, 46, 46, 45, 43, 41, 38, 35, 32, 29, 26, 23, 20, 18, 17, 16, 16, 16, 16, 16, 16, 16, 16, 16, 16, 16, 16, 16, 16, 16, 16, 16], "robot_cols": [88, 88, 87, 85, 82, 80, 79, 78, 78, 78, 78, 78, 78, 78, 78, 78, 78, 78, 78, 78, 78, 78, 78, 78, 78, 77, 76, 75, 73, 70, 67, 64, 61, 59, 56, 54, 53, 52, 52], "robot_speeds": [0, 0, 1, 2, 3, 2, 1, 1, 0, 0, 1, 2, 2, 3, 3, 3, 3, 3, 3, 3, 2, 1, 1, 0, 0, 1, 1, 1, 2, 3, 3, 3, 3, 2, 3, 2, 1, 1, 0], "robot_directions": [0, 0, 0, 0, 0, 0, 0, 0, 0, 1, 1, 1, 1, 1, 1, 1, 1, 1, 1, 1, 1, 1, 1, 1, 0, 0, 0, 0, 0, 0, 0, 0, 0, 0, 0, 0, 0, 0, 0], "action_accs": [-1, 1, 1, 1, -1, -1, 0, -1, 0, 1, 1, 0, 1, 0, 0, 0, 0, 0, 0, -1, -1, 0, -1, 0, 1, 0, 0, 1, 1, 0, 0, 0, -1, 1, -1, -1, 0, -1], "action_rots": [0, 0, 0, 0, 0, 0, 0, 0, 1, 0, 0, 0, 0, 0, 0, 0, 0, 0, 0, 0, 0, 0, 0, -1, 0, 0, 0, 0, 0, 0, 0, 0, 0, 0, 0, 0, 0, 0], "steps": 38, "is_goal": true}