{"map_file_path": "grid_maps/Ihlen/occ_grid_small.txt", "start_pos": [4, 25], "goal_pos": [59, 11], "robot_rows": [4, 4, 4, 4, 4, 4, 4, 4, 4, 4, 4, 4, 4, 4, 4, 4, 4, 5, 7, 10, 13, 16, 19, 22, 24, 27, 30, 33, 36, 39, 42, 45, 47, 49, 50, 50, 50, 50, 50, 50, 50, 50, 50, 50, 50, 50, 50, 50, 51, 53, 56, 58, 59, 59, 59, 59, 59, 59, 59, 59, 59, 59, 59, 59, 59], "robot_cols": [25, 25, 25, 25, 26, 28, 31, 34, 36, 39, 42, 45, 47, 49, 50, 50, 50, 50, 50, 50, 50, 50, 50, 50, 50, 50, 50, 50, 50, 50, 50, 50, 50, 50, 50, 50, 50, 49, 47, 44, 41, 38, 35, 32, 30, 29, 29, 29, 29, 29, 29, 29, 29, 29, 29, 28, 26, 23, 20, 18, 15, 13, 12, 11, 11], "robot_speeds": [0, 0, 0, 0, 1, 2, 3, 3, 2, 3, 3, 3, 2, 2, 1, 0, 0, 1, 2, 3, 3, 3, 3, 3, 2, 3, 3, 3, 3, 3, 3, 3, 2, 2, 1, 0, 0, 1, 2, 3, 3, 3, 3, 3, 2, 1, 0, 0, 1, 2, 3, 2, 1, 0, 0, 1, 2, 3, 3, 2, 3, 2, 1, 1, 0], "robot_directions": [0, 0, 3, 2, 2, 2, 2, 2, 2, 2, 2, 2, 2, 2, 2, 2, 3, 3, 3, 3, 3, 3, 3, 3, 3, 3, 3, 3, 3, 3, 3, 3, 3, 3, 3, 3, 0, 0, 0, 0, 0, 0, 0, 0, 0, 0, 0, 3, 3, 3, 3, 3, 3, 3, 0, 0, 0, 0, 0, 0, 0, 0, 0, 0, 0], "action_accs": [-1, 0, 0, 1, 1, 1, 0, -1, 1, 0, 1, -1, 0, -1, -1, 0, 1, 1, 1, 0, 0, 0, 0, -1, 1, 0, 1, 0, 0, 0, 0, -1, 0, -1, -1, 0, 1, 1, 1, 0, 0, 0, 0, -1, -1, -1, 0, 1, 1, 1, -1, -1, -1, 0, 1, 1, 1, 0, -1, 1, -1, -1, 0, -1], "action_rots": [0, -1, -1, 0, 0, 0, 0, 0, 0, 0, 0, 0, 0, 0, 0, 1, 0, 0, 0, 0, 0, 0, 0, 0, 0, 0, 0, 0, 0, 0, 0, 0, 0, 0, 0, 1, 0, 0, 0, 0, 0, 0, 0, 0, 0, 0, -1, 0, 0, 0, 0, 0, 0, 1, 0, 0, 0, 0, 0, 0, 0, 0, 0, 0], "steps": 64, "is_goal": true}