{"map_file_path": "grid_maps/Ihlen/occ_grid_small.txt", "start_pos": [83, 55], "goal_pos": [20, 94], "robot_rows": [83, 83, 83, 83, 83, 82, 80, 77, 74, 72, 69, 66, 63, 60, 57, 54, 51, 48, 46, 43, 40, 37, 34, 31, 28, 25, 22, 20, 19, 18, 18, 18, 18, 18, 18, 18, 18, 18, 18, 18, 18, 18, 18, 18, 18, 18, 18, 18, 18, 18, 19, 20, 20], "robot_cols": [55, 55, 54, 54, 54, 54, 54, 54, 54, 54, 54, 54, 54, 54, 54, 54, 54, 54, 54, 54, 54, 54, 54, 54, 54, 54, 54, 54, 54, 54, 54, 54, 55, 57, 60, 63, 66, 69, 72, 75, 78, 81, 84, 86, 89, 91, 93, 94, 94, 94, 94, 94, 94], "robot_speeds": [0, 0, 1, 0, 0, 1, 2, 3, 3, 2, 3, 3, 3, 3, 3, 3, 3, 3, 2, 3, 3, 3, 3, 3, 3, 3, 3, 2, 1, 1, 0, 0, 1, 2, 3, 3, 3, 3, 3, 3, 3, 3, 3, 2, 3, 2, 2, 1, 0, 0, 1, 1, 0], "robot_directions": [0, 0, 0, 0, 1, 1, 1, 1, 1, 1, 1, 1, 1, 1, 1, 1, 1, 1, 1, 1, 1, 1, 1, 1, 1, 1, 1, 1, 1, 1, 1, 2, 2, 2, 2, 2, 2, 2, 2, 2, 2, 2, 2, 2, 2, 2, 2, 2, 2, 3, 3, 3, 3], "action_accs": [-1, 1, -1, 0, 1, 1, 1, 0, -1, 1, 0, 0, 0, 0, 0, 0, 0, -1, 1, 0, 0, 0, 0, 0, 0, 0, -1, -1, 0, -1, 0, 1, 1, 1, 0, 0, 0, 0, 0, 0, 0, 0, -1, 1, -1, 0, -1, -1, 0, 1, 0, -1], "action_rots": [0, 0, 0, 1, 0, 0, 0, 0, 0, 0, 0, 0, 0, 0, 0, 0, 0, 0, 0, 0, 0, 0, 0, 0, 0, 0, 0, 0, 0, 0, 1, 0, 0, 0, 0, 0, 0, 0, 0, 0, 0, 0, 0, 0, 0, 0, 0, 0, 1, 0, 0, 0], "steps": 52, "is_goal": true}