{"map_file_path": "grid_maps/Ihlen/occ_grid_small.txt", "start_pos": [51, 28], "goal_pos": [4, 55], "robot_rows": [51, 51, 51, 50, 49, 49, 49, 49, 49, 49, 49, 49, 49, 49, 49, 49, 49, 49, 49, 49, 48, 46, 43, 40, 37, 34, 31, 28, 25, 22, 19, 16, 13, 10, 7, 5, 3, 2, 2, 2, 2, 2, 2, 3, 4, 4], "robot_cols": [28, 28, 28, 28, 28, 28, 28, 29, 31, 34, 37, 40, 43, 46, 49, 51, 53, 54, 54, 54, 54, 54, 54, 54, 54, 54, 54, 54, 54, 54, 54, 54, 54, 54, 54, 54, 54, 54, 54, 54, 55, 55, 55, 55, 55, 55], "robot_speeds": [0, 0, 0, 1, 1, 0, 0, 1, 2, 3, 3, 3, 3, 3, 3, 2, 2, 1, 0, 0, 1, 2, 3, 3, 3, 3, 3, 3, 3, 3, 3, 3, 3, 3, 3, 2, 2, 1, 0, 0, 1, 0, 0, 1, 1, 0], "robot_directions": [0, 0, 1, 1, 1, 1, 2, 2, 2, 2, 2, 2, 2, 2, 2, 2, 2, 2, 2, 1, 1, 1, 1, 1, 1, 1, 1, 1, 1, 1, 1, 1, 1, 1, 1, 1, 1, 1, 1, 2, 2, 2, 3, 3, 3, 3], "action_accs": [-1, 0, 1, 0, -1, 0, 1, 1, 1, 0, 0, 0, 0, 0, -1, 0, -1, -1, 0, 1, 1, 1, 0, 0, 0, 0, 0, 1, 0, 0, 0, 0, 0, 0, -1, 0, -1, -1, 0, 1, -1, 0, 1, 0, -1], "action_rots": [0, 1, 0, 0, 0, 1, 0, 0, 0, 0, 0, 0, 0, 0, 0, 0, 0, 0, -1, 0, 0, 0, 0, 0, 0, 0, 0, 0, 0, 0, 0, 0, 0, 0, 0, 0, 0, 0, 1, 0, 0, 1, 0, 0, 0], "steps": 45, "is_goal": true}