{"map_file_path": "grid_maps/Ihlen/occ_grid_small.txt", "start_pos": [81, 80], "goal_pos": [82, 29], "robot_rows": [81, 81, 81, 81, 81, 81, 81, 81, 81, 81, 81, 81, 81, 81, 81, 81, 81, 81, 81, 81, 81, 81, 81, 81, 81, 81, 81, 82, 82, 82, 82, 82, 82], "robot_cols": [80, 80, 80, 79, 77, 74, 71, 69, 66, 63, 60, 58, 55, 52, 49, 46, 43, 40, 37, 34, 32, 30, 28, 27, 27, 27, 27, 27, 27, 27, 28, 29, 29], "robot_speeds": [0, 0, 0, 1, 2, 3, 3, 2, 3, 3, 3, 2, 3, 3, 3, 3, 3, 3, 3, 3, 2, 2, 2, 1, 0, 0, 0, 1, 0, 0, 1, 1, 0], "robot_directions": [0, 0, 0, 0, 0, 0, 0, 0, 0, 0, 0, 0, 0, 0, 0, 0, 0, 0, 0, 0, 0, 0, 0, 0, 0, 3, 3, 3, 3, 2, 2, 2, 2], "action_accs": [-1, 0, 1, 1, 1, 0, -1, 1, 0, 0, -1, 1, 0, 0, 0, 0, 0, 0, 0, -1, 0, 0, -1, -1, 0, 0, 1, -1, 0, 1, 0, -1], "action_rots": [0, 0, 0, 0, 0, 0, 0, 0, 0, 0, 0, 0, 0, 0, 0, 0, 0, 0, 0, 0, 0, 0, 0, 0, -1, 0, 0, 0, -1, 0, 0, 0], "steps": 32, "is_goal": true}