{"map_file_path": "grid_maps/Ihlen/occ_grid_small.txt", "start_pos": [60, 12], "goal_pos": [40, 51], "robot_rows": [60, 60, 60, 60, 60, 60, 60, 60, 60, 60, 60, 60, 60, 60, 60, 59, 57, 54, 51, 49, 48, 48, 48, 48, 48, 48, 48, 48, 48, 48, 48, 48, 48, 48, 48, 47, 45, 43, 41, 40, 40], "robot_cols": [12, 12, 12, 12, 13, 14, 16, 19, 22, 24, 26, 27, 28, 28, 28, 28, 28, 28, 28, 28, 28, 28, 28, 29, 31, 34, 37, 40, 43, 45, 48, 50, 51, 51, 51, 51, 51, 51, 51, 51, 51], "robot_speeds": [0, 0, 0, 0, 1, 1, 2, 3, 3, 2, 2, 1, 1, 0, 0, 1, 2, 3, 3, 2, 1, 0, 0, 1, 2, 3, 3, 3, 3, 2, 3, 2, 1, 0, 0, 1, 2, 2, 2, 1, 0], "robot_directions": [0, 0, 3, 2, 2, 2, 2, 2, 2, 2, 2, 2, 2, 2, 1, 1, 1, 1, 1, 1, 1, 1, 2, 2, 2, 2, 2, 2, 2, 2, 2, 2, 2, 2, 1, 1, 1, 1, 1, 1, 1], "action_accs": [-1, 0, 0, 1, 0, 1, 1, 0, -1, 0, -1, 0, -1, 0, 1, 1, 1, 0, -1, -1, -1, 0, 1, 1, 1, 0, 0, 0, -1, 1, -1, -1, -1, 0, 1, 1, 0, 0, -1, -1], "action_rots": [0, -1, -1, 0, 0, 0, 0, 0, 0, 0, 0, 0, 0, -1, 0, 0, 0, 0, 0, 0, 0, 1, 0, 0, 0, 0, 0, 0, 0, 0, 0, 0, 0, -1, 0, 0, 0, 0, 0, 0], "steps": 40, "is_goal": true}