{"map_file_path": "grid_maps/Ihlen/occ_grid_small.txt", "start_pos": [80, 60], "goal_pos": [20, 88], "robot_rows": [80, 80, 80, 80, 80, 80, 80, 80, 79, 77, 74, 71, 68, 65, 62, 59, 57, 54, 52, 49, 46, 43, 40, 37, 34, 31, 28, 25, 22, 20, 19, 19, 18, 18, 18, 18, 18, 18, 18, 18, 18, 18, 18, 18, 18, 18, 18, 18, 18, 18, 18, 19, 20, 20], "robot_cols": [60, 60, 59, 57, 55, 54, 54, 54, 54, 54, 54, 54, 54, 54, 54, 54, 54, 54, 54, 54, 54, 54, 54, 54, 54, 54, 54, 54, 54, 54, 54, 54, 54, 54, 54, 55, 57, 59, 62, 65, 68, 71, 74, 77, 80, 83, 85, 87, 88, 88, 88, 88, 88, 88], "robot_speeds": [0, 0, 1, 2, 2, 1, 0, 0, 1, 2, 3, 3, 3, 3, 3, 3, 2, 3, 2, 3, 3, 3, 3, 3, 3, 3, 3, 3, 3, 2, 1, 0, 1, 0, 0, 1, 2, 2, 3, 3, 3, 3, 3, 3, 3, 3, 2, 2, 1, 0, 0, 1, 1, 0], "robot_directions": [0, 0, 0, 0, 0, 0, 0, 1, 1, 1, 1, 1, 1, 1, 1, 1, 1, 1, 1, 1, 1, 1, 1, 1, 1, 1, 1, 1, 1, 1, 1, 1, 1, 1, 2, 2, 2, 2, 2, 2, 2, 2, 2, 2, 2, 2, 2, 2, 2, 2, 3, 3, 3, 3], "action_accs": [-1, 1, 1, 0, -1, -1, 0, 1, 1, 1, 0, 0, 0, 0, 0, -1, 1, -1, 1, 0, 0, 0, 0, 0, 0, 0, 0, 0, -1, -1, -1, 1, -1, 0, 1, 1, 0, 1, 0, 0, 0, 0, 0, 0, 0, -1, 0, -1, -1, 0, 1, 0, -1], "action_rots": [0, 0, 0, 0, 0, 0, 1, 0, 0, 0, 0, 0, 0, 0, 0, 0, 0, 0, 0, 0, 0, 0, 0, 0, 0, 0, 0, 0, 0, 0, 0, 0, 0, 1, 0, 0, 0, 0, 0, 0, 0, 0, 0, 0, 0, 0, 0, 0, 0, 1, 0, 0, 0], "steps": 53, "is_goal": true}