{"map_file_path": "grid_maps/Ihlen/occ_grid_small.txt", "start_pos": [86, 42], "goal_pos": [24, 47], "robot_rows": [86, 86, 86, 85, 84, 84, 84, 84, 84, 84, 84, 84, 84, 84, 84, 83, 81, 78, 75, 72, 69, 66, 63, 60, 57, 54, 51, 48, 45, 42, 39, 36, 33, 30, 27, 25, 24, 24, 24, 24, 24, 24, 24], "robot_cols": [42, 42, 42, 42, 42, 42, 42, 42, 43, 45, 47, 49, 50, 50, 50, 50, 50, 50, 50, 50, 50, 50, 50, 50, 50, 50, 50, 50, 50, 50, 50, 50, 50, 50, 50, 50, 50, 50, 50, 49, 48, 47, 47], "robot_speeds": [0, 0, 0, 1, 1, 0, 0, 0, 1, 2, 2, 2, 1, 0, 0, 1, 2, 3, 3, 3, 3, 3, 3, 3, 3, 3, 3, 3, 3, 3, 3, 3, 3, 3, 3, 2, 1, 0, 0, 1, 1, 1, 0], "robot_directions": [0, 0, 1, 1, 1, 1, 2, 2, 2, 2, 2, 2, 2, 2, 1, 1, 1, 1, 1, 1, 1, 1, 1, 1, 1, 1, 1, 1, 1, 1, 1, 1, 1, 1, 1, 1, 1, 1, 0, 0, 0, 0, 0], "action_accs": [-1, 0, 1, 0, -1, 0, 0, 1, 1, 0, 0, -1, -1, 0, 1, 1, 1, 0, 0, 0, 0, 0, 0, 0, 0, 0, 0, 0, 0, 0, 0, 0, 0, 0, -1, -1, -1, 0, 1, 0, 0, -1], "action_rots": [0, 1, 0, 0, 0, 1, 0, 0, 0, 0, 0, 0, 0, -1, 0, 0, 0, 0, 0, 0, 0, 0, 0, 0, 0, 0, 0, 0, 0, 0, 0, 0, 0, 0, 0, 0, 0, -1, 0, 0, 0, 0], "steps": 42, "is_goal": true}