{"map_file_path": "grid_maps/Wiconisco/occ_grid_small.txt", "start_pos": [59, 42], "goal_pos": [41, 7], "robot_rows": [59, 59, 58, 56, 53, 50, 47, 44, 42, 41, 41, 41, 41, 41, 41, 41, 41, 41, 41, 41, 41, 41, 41, 41, 41, 41, 41, 41, 41, 41, 41, 41, 41, 41, 41], "robot_cols": [42, 42, 42, 42, 42, 42, 42, 42, 42, 42, 42, 42, 41, 39, 36, 33, 30, 27, 24, 21, 18, 15, 12, 10, 7, 5, 4, 4, 4, 4, 4, 5, 6, 7, 7], "robot_speeds": [0, 0, 1, 2, 3, 3, 3, 3, 2, 1, 0, 0, 1, 2, 3, 3, 3, 3, 3, 3, 3, 3, 3, 2, 3, 2, 1, 0, 0, 0, 0, 1, 1, 1, 0], "robot_directions": [0, 1, 1, 1, 1, 1, 1, 1, 1, 1, 1, 0, 0, 0, 0, 0, 0, 0, 0, 0, 0, 0, 0, 0, 0, 0, 0, 0, 0, 3, 2, 2, 2, 2, 2], "action_accs": [0, 1, 1, 1, 0, 0, 0, -1, -1, -1, 0, 1, 1, 1, 0, 0, 1, 0, 0, 0, 0, 0, -1, 1, -1, -1, -1, 0, 0, 0, 1, 0, 0, -1], "action_rots": [1, 0, 0, 0, 0, 0, 0, 0, 0, 0, -1, 0, 0, 0, 0, 0, 0, 0, 0, 0, 0, 0, 0, 0, 0, 0, 0, 0, -1, -1, 0, 0, 0, 0], "steps": 34, "is_goal": true}