{"map_file_path": "grid_maps/Ihlen/occ_grid_small.txt", "start_pos": [5, 55], "goal_pos": [55, 78], "robot_rows": [5, 5, 5, 5, 6, 8, 11, 14, 17, 19, 22, 24, 25, 25, 25, 25, 25, 25, 25, 25, 25, 25, 25, 25, 25, 25, 25, 26, 28, 31, 34, 37, 40, 43, 46, 49, 51, 53, 54, 55, 55, 55, 55, 55], "robot_cols": [55, 55, 55, 55, 55, 55, 55, 55, 55, 55, 55, 55, 55, 55, 55, 56, 58, 61, 64, 67, 70, 73, 76, 78, 79, 79, 79, 79, 79, 79, 79, 79, 79, 79, 79, 79, 79, 79, 79, 79, 79, 79, 78, 78], "robot_speeds": [0, 0, 0, 0, 1, 2, 3, 3, 3, 2, 3, 2, 1, 0, 0, 1, 2, 3, 3, 3, 3, 3, 3, 2, 1, 0, 0, 1, 2, 3, 3, 3, 3, 3, 3, 3, 2, 2, 1, 1, 0, 0, 1, 0], "robot_directions": [0, 0, 3, 3, 3, 3, 3, 3, 3, 3, 3, 3, 3, 3, 2, 2, 2, 2, 2, 2, 2, 2, 2, 2, 2, 2, 3, 3, 3, 3, 3, 3, 3, 3, 3, 3, 3, 3, 3, 3, 3, 0, 0, 0], "action_accs": [0, 0, 0, 1, 1, 1, 0, 0, -1, 1, -1, -1, -1, 0, 1, 1, 1, 0, 0, 0, 1, 0, -1, -1, -1, 0, 1, 1, 1, 0, 0, 0, 0, 0, 0, -1, 0, -1, 0, -1, 0, 1, -1], "action_rots": [0, -1, 0, 0, 0, 0, 0, 0, 0, 0, 0, 0, 0, -1, 0, 0, 0, 0, 0, 0, 0, 0, 0, 0, 0, 1, 0, 0, 0, 0, 0, 0, 0, 0, 0, 0, 0, 0, 0, 0, 1, 0, 0], "steps": 43, "is_goal": true}