{"map_file_path": "grid_maps/Wiconisco/occ_grid_small.txt", "start_pos": [55, 67], "goal_pos": [35, 7], "robot_rows": [55, 55, 54, 53, 53, 53, 53, 53, 53, 53, 53, 53, 53, 53, 53, 53, 53, 53, 52, 50, 47, 44, 41, 38, 36, 35, 35, 35, 35, 35, 35, 35, 35, 35, 35, 35, 35, 35, 35, 35, 35, 35, 35, 35, 35, 35], "robot_cols": [67, 67, 67, 67, 67, 67, 66, 64, 62, 59, 56, 53, 50, 47, 48, 47, 47, 47, 47, 47, 47, 47, 47, 47, 47, 47, 47, 47, 47, 46, 44, 41, 38, 35, 32, 29, 26, 23, 20, 17, 14, 12, 10, 8, 7, 7], "robot_speeds": [0, 0, 1, 1, 0, 0, 1, 2, 2, 3, 3, 3, 3, 3, 0, 1, 0, 0, 1, 2, 3, 3, 3, 3, 2, 1, 0, 0, 0, 1, 2, 3, 3, 3, 3, 3, 3, 3, 3, 3, 3, 2, 2, 2, 1, 0], "robot_directions": [0, 1, 1, 1, 1, 0, 0, 0, 0, 0, 0, 0, 0, 0, 0, 0, 0, 1, 1, 1, 1, 1, 1, 1, 1, 1, 1, 1, 0, 0, 0, 0, 0, 0, 0, 0, 0, 0, 0, 0, 0, 0, 0, 0, 0, 0], "action_accs": [0, 1, 0, -1, 0, 1, 1, 0, 1, 0, 0, 0, 0, -1, 1, -1, 0, 1, 1, 1, 0, 1, 1, -1, -1, -1, 0, 0, 1, 1, 1, 0, 0, 0, 0, 0, 0, 0, 0, 0, -1, 0, 0, -1, -1], "action_rots": [1, 0, 0, 0, -1, 0, 0, 0, 0, 0, 0, 0, 0, 0, 0, 0, 1, 0, 0, 0, 0, 0, 0, 0, 0, 0, 0, -1, 0, 0, 0, 0, 0, 0, 0, 0, 0, 0, 0, 0, 0, 0, 0, 0, 0], "steps": 45, "is_goal": true}