{"map_file_path": "grid_maps/Wiconisco/occ_grid_small.txt", "start_pos": [11, 59], "goal_pos": [28, 20], "robot_rows": [11, 11, 12, 14, 17, 20, 23, 25, 27, 28, 29, 29, 29, 29, 29, 29, 29, 29, 29, 29, 29, 29, 29, 29, 29, 29, 29, 29, 29, 29, 29, 28, 28], "robot_cols": [59, 59, 59, 59, 59, 59, 59, 59, 59, 59, 59, 59, 59, 58, 56, 53, 50, 47, 44, 41, 39, 36, 33, 30, 27, 24, 22, 21, 20, 20, 20, 20, 20], "robot_speeds": [0, 0, 1, 2, 3, 3, 3, 2, 2, 1, 1, 0, 0, 1, 2, 3, 3, 3, 3, 3, 2, 3, 3, 3, 3, 3, 2, 1, 1, 0, 0, 1, 0], "robot_directions": [0, 3, 3, 3, 3, 3, 3, 3, 3, 3, 3, 3, 0, 0, 0, 0, 0, 0, 0, 0, 0, 0, 0, 0, 0, 0, 0, 0, 0, 0, 1, 1, 1], "action_accs": [0, 1, 1, 1, 0, 0, -1, 0, -1, 0, -1, 0, 1, 1, 1, 0, 0, 0, 0, -1, 1, 0, 0, 0, 0, -1, -1, 0, -1, 0, 1, -1], "action_rots": [-1, 0, 0, 0, 0, 0, 0, 0, 0, 0, 0, 1, 0, 0, 0, 0, 0, 0, 0, 0, 0, 0, 0, 0, 0, 0, 0, 0, 0, 1, 0, 0], "steps": 32, "is_goal": true}