{"map_file_path": "grid_maps/Wiconisco/occ_grid_small.txt", "start_pos": [63, 41], "goal_pos": [5, 50], "robot_rows": [63, 63, 62, 60, 58, 55, 52, 49, 46, 43, 40, 37, 34, 31, 28, 25, 22, 19, 17, 17, 17, 17, 17, 17, 17, 17, 17, 17, 16, 14, 11, 8, 6, 5, 5], "robot_cols": [41, 41, 41, 41, 41, 41, 41, 41, 41, 41, 41, 41, 41, 41, 41, 41, 41, 41, 41, 41, 41, 42, 44, 47, 49, 50, 50, 50, 50, 50, 50, 50, 50, 50, 50], "robot_speeds": [0, 0, 1, 2, 2, 3, 3, 3, 3, 3, 3, 3, 3, 3, 3, 3, 3, 3, 2, 0, 0, 1, 2, 3, 2, 1, 0, 0, 1, 2, 3, 3, 2, 1, 0], "robot_directions": [0, 1, 1, 1, 1, 1, 1, 1, 1, 1, 1, 1, 1, 1, 1, 1, 1, 1, 1, 1, 2, 2, 2, 2, 2, 2, 2, 1, 1, 1, 1, 1, 1, 1, 1], "action_accs": [0, 1, 1, 0, 1, 0, 0, 0, 0, 0, 0, 0, 0, 0, 0, 0, 0, -1, -1, 0, 1, 1, 1, -1, -1, -1, 0, 1, 1, 1, 0, -1, -1, -1], "action_rots": [1, 0, 0, 0, 0, 0, 0, 0, 0, 0, 0, 0, 0, 0, 0, 0, 0, 0, 0, 1, 0, 0, 0, 0, 0, 0, -1, 0, 0, 0, 0, 0, 0, 0], "steps": 34, "is_goal": true}