{"map_file_path": "grid_maps/Wiconisco/occ_grid_small.txt", "start_pos": [76, 23], "goal_pos": [31, 82], "robot_rows": [76, 76, 76, 76, 76, 76, 76, 76, 76, 75, 74, 72, 69, 66, 63, 61, 58, 55, 52, 49, 46, 43, 40, 37, 34, 32, 31, 31, 31, 31, 31, 31, 31, 31, 31, 31, 31, 31, 31, 31, 31, 31, 31, 31, 31, 31, 31, 31, 31, 31, 31], "robot_cols": [23, 23, 23, 23, 24, 25, 26, 26, 26, 26, 26, 26, 26, 26, 26, 26, 26, 26, 26, 26, 26, 26, 26, 26, 26, 26, 26, 26, 26, 27, 29, 32, 35, 38, 41, 44, 47, 50, 53, 56, 59, 62, 65, 68, 71, 74, 77, 79, 81, 82, 82], "robot_speeds": [0, 0, 0, 0, 1, 1, 1, 0, 0, 1, 1, 2, 3, 3, 3, 2, 3, 3, 3, 3, 3, 3, 3, 3, 3, 2, 1, 0, 0, 1, 2, 3, 3, 3, 3, 3, 3, 3, 3, 3, 3, 3, 3, 3, 3, 3, 3, 2, 2, 1, 0], "robot_directions": [0, 0, 3, 2, 2, 2, 2, 2, 1, 1, 1, 1, 1, 1, 1, 1, 1, 1, 1, 1, 1, 1, 1, 1, 1, 1, 1, 1, 2, 2, 2, 2, 2, 2, 2, 2, 2, 2, 2, 2, 2, 2, 2, 2, 2, 2, 2, 2, 2, 2, 2], "action_accs": [0, 0, 0, 1, 0, 0, -1, 0, 1, 0, 1, 1, 0, 0, -1, 1, 0, 0, 0, 1, 0, 0, 0, 0, -1, -1, -1, 0, 1, 1, 1, 0, 1, 0, 1, 0, 0, 0, 0, 0, 0, 0, 0, 0, 0, 0, -1, 0, -1, -1], "action_rots": [0, -1, -1, 0, 0, 0, 0, -1, 0, 0, 0, 0, 0, 0, 0, 0, 0, 0, 0, 0, 0, 0, 0, 0, 0, 0, 0, 1, 0, 0, 0, 0, 0, 0, 0, 0, 0, 0, 0, 0, 0, 0, 0, 0, 0, 0, 0, 0, 0, 0], "steps": 50, "is_goal": true}