{"map_file_path": "grid_maps/Wiconisco/occ_grid_small.txt", "start_pos": [48, 26], "goal_pos": [52, 79], "robot_rows": [48, 48, 48, 47, 46, 46, 46, 46, 46, 46, 46, 46, 46, 46, 46, 46, 46, 46, 47, 49, 51, 52, 54, 54, 54, 54, 54, 54, 54, 54, 54, 54, 54, 54, 54, 54, 54, 54, 54, 54, 54, 53, 52, 52, 52, 52, 52, 52, 52, 52, 52, 52, 52, 52], "robot_cols": [26, 26, 26, 26, 26, 26, 26, 27, 29, 32, 35, 38, 41, 44, 46, 48, 48, 48, 48, 48, 48, 48, 48, 48, 48, 49, 51, 54, 57, 60, 63, 66, 69, 72, 75, 77, 78, 79, 80, 80, 80, 80, 80, 80, 80, 80, 79, 78, 78, 78, 78, 78, 79, 79], "robot_speeds": [0, 0, 0, 1, 1, 0, 0, 1, 2, 3, 3, 3, 3, 3, 2, 2, 0, 0, 1, 2, 2, 1, 2, 0, 0, 1, 2, 3, 3, 3, 3, 3, 3, 3, 3, 2, 1, 1, 1, 0, 0, 1, 1, 0, 0, 0, 1, 1, 0, 0, 0, 0, 1, 0], "robot_directions": [0, 0, 1, 1, 1, 1, 2, 2, 2, 2, 2, 2, 2, 2, 2, 2, 2, 3, 3, 3, 3, 3, 3, 3, 2, 2, 2, 2, 2, 2, 2, 2, 2, 2, 2, 2, 2, 2, 2, 2, 1, 1, 1, 1, 1, 0, 0, 0, 0, 0, 3, 2, 2, 2], "action_accs": [-1, 0, 1, 0, -1, 0, 1, 1, 1, 0, 1, 0, 0, -1, 0, -1, 0, 1, 1, 0, -1, 1, -1, 0, 1, 1, 1, 0, 0, 1, 0, 0, 0, 0, -1, -1, 0, 0, -1, 0, 1, 0, -1, 0, 0, 1, 0, -1, 0, 0, 0, 1, -1], "action_rots": [0, 1, 0, 0, 0, 1, 0, 0, 0, 0, 0, 0, 0, 0, 0, 0, 1, 0, 0, 0, 0, 0, 0, -1, 0, 0, 0, 0, 0, 0, 0, 0, 0, 0, 0, 0, 0, 0, 0, -1, 0, 0, 0, 0, -1, 0, 0, 0, 0, -1, -1, 0, 0], "steps": 53, "is_goal": true}