{"map_file_path": "grid_maps/Wiconisco/occ_grid_small.txt", "start_pos": [9, 7], "goal_pos": [61, 13], "robot_rows": [9, 9, 9, 9, 9, 9, 9, 9, 9, 9, 10, 12, 15, 17, 20, 23, 26, 29, 32, 35, 38, 41, 44, 47, 50, 53, 56, 58, 59, 60, 61, 62, 62, 62, 62, 61, 61], "robot_cols": [7, 7, 7, 7, 8, 10, 12, 13, 13, 13, 13, 13, 13, 13, 13, 13, 13, 13, 13, 13, 13, 13, 13, 13, 13, 13, 13, 13, 13, 13, 13, 13, 13, 13, 13, 13, 13], "robot_speeds": [0, 0, 0, 0, 1, 2, 2, 1, 0, 0, 1, 2, 3, 2, 3, 3, 3, 3, 3, 3, 3, 3, 3, 3, 3, 3, 3, 2, 1, 1, 1, 1, 0, 0, 0, 1, 0], "robot_directions": [0, 0, 3, 2, 2, 2, 2, 2, 2, 3, 3, 3, 3, 3, 3, 3, 3, 3, 3, 3, 3, 3, 3, 3, 3, 3, 3, 3, 3, 3, 3, 3, 3, 0, 1, 1, 1], "action_accs": [-1, 0, 0, 1, 1, 0, -1, -1, 0, 1, 1, 1, -1, 1, 0, 0, 0, 0, 0, 0, 0, 0, 0, 0, 0, 0, -1, -1, 0, 0, 0, -1, 0, 0, 1, -1], "action_rots": [0, -1, -1, 0, 0, 0, 0, 0, 1, 0, 0, 0, 0, 0, 0, 0, 0, 0, 0, 0, 0, 0, 0, 0, 0, 0, 0, 0, 0, 0, 0, 0, 1, 1, 0, 0], "steps": 36, "is_goal": true}