{"map_file_path": "grid_maps/Wiconisco/occ_grid_small.txt", "start_pos": [46, 28], "goal_pos": [42, 82], "robot_rows": [46, 46, 46, 46, 46, 46, 46, 46, 46, 46, 46, 46, 46, 46, 46, 46, 46, 46, 47, 49, 52, 52, 53, 53, 53, 53, 53, 53, 53, 53, 53, 53, 53, 53, 53, 53, 53, 53, 53, 53, 53, 52, 50, 47, 45, 43, 42, 42], "robot_cols": [28, 28, 28, 28, 28, 28, 29, 31, 34, 37, 40, 43, 45, 46, 47, 48, 48, 48, 48, 48, 48, 48, 48, 48, 48, 49, 51, 54, 57, 60, 63, 66, 69, 72, 75, 78, 80, 81, 82, 82, 82, 82, 82, 82, 82, 82, 82, 82], "robot_speeds": [0, 0, 0, 0, 0, 0, 1, 2, 3, 3, 3, 3, 2, 1, 1, 1, 0, 0, 1, 2, 3, 0, 1, 0, 0, 1, 2, 3, 3, 3, 3, 3, 3, 3, 3, 3, 2, 1, 1, 0, 0, 1, 2, 3, 2, 2, 1, 0], "robot_directions": [0, 0, 0, 0, 3, 2, 2, 2, 2, 2, 2, 2, 2, 2, 2, 2, 2, 3, 3, 3, 3, 3, 3, 3, 2, 2, 2, 2, 2, 2, 2, 2, 2, 2, 2, 2, 2, 2, 2, 2, 1, 1, 1, 1, 1, 1, 1, 1], "action_accs": [0, 0, 0, 0, 0, 1, 1, 1, 0, 0, 0, -1, -1, 0, 0, -1, 0, 1, 1, 1, 0, 1, -1, 0, 1, 1, 1, 0, 0, 0, 0, 0, 0, 0, 0, -1, -1, 0, -1, 0, 1, 1, 1, -1, 0, -1, -1], "action_rots": [0, 0, 0, -1, -1, 0, 0, 0, 0, 0, 0, 0, 0, 0, 0, 0, 1, 0, 0, 0, 0, 0, 0, -1, 0, 0, 0, 0, 0, 0, 0, 0, 0, 0, 0, 0, 0, 0, 0, -1, 0, 0, 0, 0, 0, 0, 0], "steps": 47, "is_goal": true}