{"map_file_path": "grid_maps/Ihlen/occ_grid_small.txt", "start_pos": [85, 72], "goal_pos": [25, 67], "robot_rows": [85, 85, 85, 85, 85, 85, 85, 85, 85, 85, 85, 84, 82, 80, 79, 79, 79, 79, 79, 79, 79, 79, 79, 79, 79, 79, 79, 79, 79, 79, 78, 76, 73, 70, 67, 64, 61, 58, 55, 52, 49, 46, 43, 40, 37, 34, 31, 28, 26, 25, 25, 25, 25, 25, 25, 25, 25, 25, 25, 25, 25, 25, 25, 25, 25, 25, 25, 25, 25, 25], "robot_cols": [72, 72, 71, 69, 66, 64, 63, 62, 62, 62, 62, 62, 62, 62, 62, 62, 62, 61, 59, 56, 53, 51, 50, 49, 49, 49, 49, 50, 50, 50, 50, 50, 50, 50, 50, 50, 50, 50, 50, 50, 50, 50, 50, 50, 50, 50, 50, 50, 50, 50, 50, 50, 50, 51, 53, 55, 58, 61, 64, 66, 68, 69, 69, 69, 69, 68, 68, 68, 67, 67], "robot_speeds": [0, 0, 1, 2, 3, 2, 1, 1, 0, 0, 0, 1, 2, 2, 1, 0, 0, 1, 2, 3, 3, 2, 1, 1, 0, 0, 0, 1, 0, 0, 1, 2, 3, 3, 3, 3, 3, 3, 3, 3, 3, 3, 3, 3, 3, 3, 3, 3, 2, 1, 0, 0, 0, 1, 2, 2, 3, 3, 3, 2, 2, 1, 0, 0, 0, 1, 0, 0, 1, 0], "robot_directions": [0, 0, 0, 0, 0, 0, 0, 0, 0, 0, 1, 1, 1, 1, 1, 1, 0, 0, 0, 0, 0, 0, 0, 0, 0, 3, 2, 2, 2, 1, 1, 1, 1, 1, 1, 1, 1, 1, 1, 1, 1, 1, 1, 1, 1, 1, 1, 1, 1, 1, 1, 1, 2, 2, 2, 2, 2, 2, 2, 2, 2, 2, 2, 3, 0, 0, 0, 0, 0, 0], "action_accs": [0, 1, 1, 1, -1, -1, 0, -1, 0, 0, 1, 1, 0, -1, -1, 0, 1, 1, 1, 0, -1, -1, 0, -1, 0, 0, 1, -1, 0, 1, 1, 1, 0, 0, 0, 0, 0, 0, 0, 0, 0, 0, 0, 0, 0, 0, 0, -1, -1, -1, 0, 0, 1, 1, 0, 1, 0, 0, -1, 0, -1, -1, 0, 0, 1, -1, 0, 1, -1], "action_rots": [0, 0, 0, 0, 0, 0, 0, 0, 0, 1, 0, 0, 0, 0, 0, -1, 0, 0, 0, 0, 0, 0, 0, 0, -1, -1, 0, 0, -1, 0, 0, 0, 0, 0, 0, 0, 0, 0, 0, 0, 0, 0, 0, 0, 0, 0, 0, 0, 0, 0, 0, 1, 0, 0, 0, 0, 0, 0, 0, 0, 0, 0, 1, 1, 0, 0, 0, 0, 0], "steps": 69, "is_goal": true}