{"map_file_path": "grid_maps/Wiconisco/occ_grid_small.txt", "start_pos": [34, 91], "goal_pos": [23, 27], "robot_rows": [34, 34, 34, 34, 34, 34, 34, 34, 34, 34, 34, 34, 34, 34, 34, 34, 34, 34, 34, 34, 34, 34, 34, 34, 34, 34, 34, 34, 34, 33, 31, 28, 26, 24, 22, 21, 21, 21, 21, 22, 23, 23], "robot_cols": [91, 90, 88, 85, 82, 80, 77, 74, 71, 68, 66, 63, 60, 57, 54, 52, 49, 46, 43, 40, 37, 34, 32, 30, 28, 27, 27, 27, 27, 27, 27, 27, 27, 27, 27, 27, 27, 27, 27, 27, 27, 27], "robot_speeds": [0, 1, 2, 3, 3, 2, 3, 3, 3, 3, 2, 3, 3, 3, 3, 2, 3, 3, 3, 3, 3, 3, 2, 2, 2, 1, 0, 0, 0, 1, 2, 3, 2, 2, 2, 1, 0, 0, 0, 1, 1, 0], "robot_directions": [0, 0, 0, 0, 0, 0, 0, 0, 0, 0, 0, 0, 0, 0, 0, 0, 0, 0, 0, 0, 0, 0, 0, 0, 0, 0, 0, 1, 1, 1, 1, 1, 1, 1, 1, 1, 1, 0, 3, 3, 3, 3], "action_accs": [1, 1, 1, 0, -1, 1, 0, 0, 0, -1, 1, 0, 0, 0, -1, 1, 1, 0, 0, 0, 0, -1, 0, 0, -1, -1, 0, 0, 1, 1, 1, -1, 0, 0, -1, -1, 0, 0, 1, 0, -1], "action_rots": [0, 0, 0, 0, 0, 0, 0, 0, 0, 0, 0, 0, 0, 0, 0, 0, 0, 0, 0, 0, 0, 0, 0, 0, 0, 0, 1, 0, 0, 0, 0, 0, 0, 0, 0, 0, -1, -1, 0, 0, 0], "steps": 41, "is_goal": true}