{"map_file_path": "grid_maps/Ihlen/occ_grid_small.txt", "start_pos": [59, 89], "goal_pos": [24, 69], "robot_rows": [59, 59, 59, 58, 57, 57, 57, 57, 57, 57, 57, 57, 57, 57, 57, 57, 56, 54, 51, 48, 45, 42, 39, 37, 34, 31, 28, 26, 25, 25, 25, 25, 25, 25, 25, 25, 25, 25, 25, 24, 24], "robot_cols": [89, 89, 89, 89, 89, 89, 89, 88, 86, 83, 80, 78, 77, 77, 77, 77, 77, 77, 77, 77, 77, 77, 77, 77, 77, 77, 77, 77, 77, 77, 77, 76, 74, 72, 70, 69, 69, 69, 69, 69, 69], "robot_speeds": [0, 0, 0, 1, 1, 0, 0, 1, 2, 3, 3, 2, 1, 0, 0, 0, 1, 2, 3, 3, 3, 3, 3, 2, 3, 3, 3, 2, 1, 0, 0, 1, 2, 2, 2, 1, 0, 0, 0, 1, 0], "robot_directions": [0, 0, 1, 1, 1, 1, 0, 0, 0, 0, 0, 0, 0, 0, 0, 1, 1, 1, 1, 1, 1, 1, 1, 1, 1, 1, 1, 1, 1, 1, 0, 0, 0, 0, 0, 0, 0, 1, 1, 1, 1], "action_accs": [-1, 0, 1, 0, -1, 0, 1, 1, 1, 0, -1, -1, -1, 0, 0, 1, 1, 1, 0, 0, 0, 0, -1, 1, 0, 0, -1, -1, -1, 0, 1, 1, 0, 0, -1, -1, 0, 0, 1, -1], "action_rots": [0, 1, 0, 0, 0, -1, 0, 0, 0, 0, 0, 0, 0, 0, 1, 0, 0, 0, 0, 0, 0, 0, 0, 0, 0, 0, 0, 0, 0, -1, 0, 0, 0, 0, 0, 0, 1, 0, 0, 0], "steps": 40, "is_goal": true}