{"map_file_path": "grid_maps/Wiconisco/occ_grid_small.txt", "start_pos": [50, 40], "goal_pos": [40, 82], "robot_rows": [50, 50, 50, 50, 50, 50, 50, 50, 50, 50, 51, 52, 53, 53, 53, 53, 53, 53, 53, 53, 53, 53, 53, 53, 53, 53, 53, 53, 53, 53, 53, 52, 50, 47, 44, 41, 39, 39, 39, 39, 40, 41, 41, 41, 41, 41, 40, 40], "robot_cols": [40, 40, 40, 41, 42, 44, 46, 47, 47, 47, 47, 47, 47, 47, 47, 48, 50, 53, 56, 59, 62, 64, 67, 70, 73, 76, 79, 81, 82, 82, 82, 82, 82, 82, 82, 82, 82, 82, 82, 82, 82, 82, 82, 82, 82, 82, 82, 82], "robot_speeds": [0, 0, 0, 1, 1, 2, 2, 1, 0, 0, 1, 1, 1, 0, 0, 1, 2, 3, 3, 3, 3, 2, 3, 3, 3, 3, 3, 2, 1, 0, 0, 1, 2, 3, 3, 3, 2, 0, 0, 0, 1, 1, 0, 0, 0, 0, 1, 0], "robot_directions": [0, 3, 2, 2, 2, 2, 2, 2, 2, 3, 3, 3, 3, 3, 2, 2, 2, 2, 2, 2, 2, 2, 2, 2, 2, 2, 2, 2, 2, 2, 1, 1, 1, 1, 1, 1, 1, 1, 0, 3, 3, 3, 3, 0, 1, 1, 1, 1], "action_accs": [0, 0, 1, 0, 1, 0, -1, -1, 0, 1, 0, 0, -1, 0, 1, 1, 1, 0, 0, 0, -1, 1, 0, 0, 0, 0, -1, -1, -1, 0, 1, 1, 1, 0, 0, -1, -1, 0, 0, 1, 0, -1, 0, 0, 0, 1, -1], "action_rots": [-1, -1, 0, 0, 0, 0, 0, 0, 1, 0, 0, 0, 0, -1, 0, 0, 0, 0, 0, 0, 0, 0, 0, 0, 0, 0, 0, 0, 0, -1, 0, 0, 0, 0, 0, 0, 0, -1, -1, 0, 0, 0, 1, 1, 0, 0, 0], "steps": 47, "is_goal": true}