{"map_file_path": "grid_maps/Wiconisco/occ_grid_small.txt", "start_pos": [42, 17], "goal_pos": [71, 44], "robot_rows": [42, 42, 42, 42, 42, 42, 42, 43, 45, 48, 51, 54, 57, 60, 63, 66, 68, 70, 71, 71, 71, 71, 71, 71, 71, 71, 71, 71, 71, 71, 71, 71, 71, 71, 71], "robot_cols": [17, 17, 16, 15, 14, 14, 14, 14, 14, 14, 14, 14, 14, 14, 14, 14, 14, 14, 14, 14, 14, 15, 17, 20, 23, 26, 28, 31, 34, 37, 39, 41, 43, 44, 44], "robot_speeds": [0, 0, 1, 1, 1, 0, 0, 1, 2, 3, 3, 3, 3, 3, 3, 3, 2, 2, 1, 0, 0, 1, 2, 3, 3, 3, 2, 3, 3, 3, 2, 2, 2, 1, 0], "robot_directions": [0, 0, 0, 0, 0, 0, 3, 3, 3, 3, 3, 3, 3, 3, 3, 3, 3, 3, 3, 3, 2, 2, 2, 2, 2, 2, 2, 2, 2, 2, 2, 2, 2, 2, 2], "action_accs": [0, 1, 0, 0, -1, 0, 1, 1, 1, 0, 0, 1, 0, 0, 0, -1, 0, -1, -1, 0, 1, 1, 1, 0, 0, -1, 1, 0, 0, -1, 0, 0, -1, -1], "action_rots": [0, 0, 0, 0, 0, -1, 0, 0, 0, 0, 0, 0, 0, 0, 0, 0, 0, 0, 0, -1, 0, 0, 0, 0, 0, 0, 0, 0, 0, 0, 0, 0, 0, 0], "steps": 34, "is_goal": true}