{"map_file_path": "grid_maps/Wiconisco/occ_grid_small.txt", "start_pos": [28, 18], "goal_pos": [6, 58], "robot_rows": [28, 28, 28, 28, 28, 28, 28, 28, 28, 28, 28, 28, 28, 28, 28, 28, 28, 28, 28, 28, 28, 28, 28, 28, 27, 25, 23, 20, 17, 14, 11, 9, 7, 6, 6, 6, 6, 6, 6, 6, 6, 6, 6, 6, 6, 6, 6, 6, 6, 6, 6, 6, 6], "robot_cols": [18, 18, 18, 18, 19, 21, 24, 27, 30, 33, 36, 39, 42, 44, 47, 50, 53, 55, 57, 59, 60, 60, 60, 60, 60, 60, 60, 60, 60, 60, 60, 60, 60, 60, 60, 60, 59, 57, 56, 56, 56, 56, 57, 58, 59, 60, 60, 60, 60, 60, 59, 58, 58], "robot_speeds": [0, 0, 0, 0, 1, 2, 3, 3, 3, 3, 3, 3, 3, 2, 3, 3, 3, 2, 2, 2, 1, 0, 0, 0, 1, 2, 2, 3, 3, 3, 3, 2, 2, 1, 0, 0, 1, 2, 1, 0, 0, 0, 1, 1, 1, 1, 0, 0, 0, 0, 1, 1, 0], "robot_directions": [0, 0, 3, 2, 2, 2, 2, 2, 2, 2, 2, 2, 2, 2, 2, 2, 2, 2, 2, 2, 2, 2, 2, 1, 1, 1, 1, 1, 1, 1, 1, 1, 1, 1, 1, 0, 0, 0, 0, 0, 3, 2, 2, 2, 2, 2, 2, 3, 0, 0, 0, 0, 0], "action_accs": [-1, 0, 0, 1, 1, 1, 0, 0, 0, 0, 0, 0, -1, 1, 0, 0, -1, 0, 0, -1, -1, 0, 0, 1, 1, 0, 1, 0, 0, 0, -1, 0, -1, -1, 0, 1, 1, -1, -1, 0, 0, 1, 0, 0, 0, -1, 0, 0, 0, 1, 0, -1], "action_rots": [0, -1, -1, 0, 0, 0, 0, 0, 0, 0, 0, 0, 0, 0, 0, 0, 0, 0, 0, 0, 0, 0, -1, 0, 0, 0, 0, 0, 0, 0, 0, 0, 0, 0, -1, 0, 0, 0, 0, -1, -1, 0, 0, 0, 0, 0, 1, 1, 0, 0, 0, 0], "steps": 52, "is_goal": true}