{"map_file_path": "grid_maps/Wiconisco/occ_grid_small.txt", "start_pos": [29, 71], "goal_pos": [82, 41], "robot_rows": [29, 29, 29, 29, 29, 29, 29, 29, 29, 29, 29, 29, 29, 29, 29, 29, 30, 32, 35, 38, 41, 44, 47, 49, 52, 55, 58, 60, 63, 66, 69, 72, 75, 78, 80, 81, 82, 82, 82, 82, 82, 82], "robot_cols": [71, 70, 68, 65, 62, 59, 56, 53, 50, 47, 44, 42, 40, 39, 39, 39, 39, 39, 39, 39, 39, 39, 39, 39, 39, 39, 39, 39, 39, 39, 39, 39, 39, 39, 39, 39, 39, 39, 39, 40, 41, 41], "robot_speeds": [0, 1, 2, 3, 3, 3, 3, 3, 3, 3, 3, 2, 2, 1, 0, 0, 1, 2, 3, 3, 3, 3, 3, 2, 3, 3, 3, 2, 3, 3, 3, 3, 3, 3, 2, 1, 1, 0, 0, 1, 1, 0], "robot_directions": [0, 0, 0, 0, 0, 0, 0, 0, 0, 0, 0, 0, 0, 0, 0, 3, 3, 3, 3, 3, 3, 3, 3, 3, 3, 3, 3, 3, 3, 3, 3, 3, 3, 3, 3, 3, 3, 3, 2, 2, 2, 2], "action_accs": [1, 1, 1, 0, 0, 0, 0, 0, 0, 0, -1, 0, -1, -1, 0, 1, 1, 1, 0, 0, 0, 0, -1, 1, 0, 0, -1, 1, 0, 0, 0, 0, 0, -1, -1, 0, -1, 0, 1, 0, -1], "action_rots": [0, 0, 0, 0, 0, 0, 0, 0, 0, 0, 0, 0, 0, 0, -1, 0, 0, 0, 0, 0, 0, 0, 0, 0, 0, 0, 0, 0, 0, 0, 0, 0, 0, 0, 0, 0, 0, -1, 0, 0, 0], "steps": 41, "is_goal": true}