{"map_file_path": "grid_maps/Ihlen/occ_grid_small.txt", "start_pos": [8, 59], "goal_pos": [33, 95], "robot_rows": [8, 8, 8, 8, 8, 8, 8, 8, 8, 8, 8, 8, 8, 8, 8, 8, 8, 8, 8, 8, 9, 11, 14, 17, 20, 23, 26, 29, 31, 32, 33, 33, 33, 33, 33, 33], "robot_cols": [59, 59, 59, 59, 60, 62, 65, 68, 71, 74, 77, 80, 83, 86, 89, 92, 95, 97, 97, 97, 97, 97, 97, 97, 97, 97, 97, 97, 97, 97, 97, 97, 97, 96, 95, 95], "robot_speeds": [0, 0, 0, 0, 1, 2, 3, 3, 3, 3, 3, 3, 3, 3, 3, 3, 3, 2, 0, 0, 1, 2, 3, 3, 3, 3, 3, 3, 2, 1, 1, 0, 0, 1, 1, 0], "robot_directions": [0, 0, 3, 2, 2, 2, 2, 2, 2, 2, 2, 2, 2, 2, 2, 2, 2, 2, 2, 3, 3, 3, 3, 3, 3, 3, 3, 3, 3, 3, 3, 3, 0, 0, 0, 0], "action_accs": [-1, 0, 0, 1, 1, 1, 0, 0, 0, 0, 0, 0, 0, 0, 0, 0, -1, -1, 0, 1, 1, 1, 0, 0, 0, 0, 0, -1, -1, 0, -1, 0, 1, 0, -1], "action_rots": [0, -1, -1, 0, 0, 0, 0, 0, 0, 0, 0, 0, 0, 0, 0, 0, 0, 0, 1, 0, 0, 0, 0, 0, 0, 0, 0, 0, 0, 0, 0, 1, 0, 0, 0], "steps": 35, "is_goal": true}