{"map_file_path": "grid_maps/Ihlen/occ_grid_small.txt", "start_pos": [48, 38], "goal_pos": [27, 86], "robot_rows": [48, 48, 48, 49, 49, 49, 49, 49, 49, 49, 49, 49, 49, 49, 49, 49, 49, 49, 49, 49, 49, 49, 49, 49, 49, 49, 49, 49, 48, 46, 44, 41, 38, 35, 32, 30, 29, 28, 28, 28, 28, 28, 28, 28, 28, 28, 27, 27], "robot_cols": [38, 38, 38, 38, 38, 38, 38, 39, 41, 44, 47, 49, 52, 55, 58, 61, 64, 67, 70, 73, 76, 78, 79, 80, 81, 81, 81, 81, 81, 81, 81, 81, 81, 81, 81, 81, 81, 81, 81, 81, 82, 84, 85, 86, 86, 86, 86, 86], "robot_speeds": [0, 0, 0, 1, 0, 0, 0, 1, 2, 3, 3, 2, 3, 3, 3, 3, 3, 3, 3, 3, 3, 2, 1, 1, 1, 0, 0, 0, 1, 2, 2, 3, 3, 3, 3, 2, 1, 1, 0, 0, 1, 2, 1, 1, 0, 0, 1, 0], "robot_directions": [0, 0, 3, 3, 3, 3, 2, 2, 2, 2, 2, 2, 2, 2, 2, 2, 2, 2, 2, 2, 2, 2, 2, 2, 2, 2, 1, 1, 1, 1, 1, 1, 1, 1, 1, 1, 1, 1, 1, 2, 2, 2, 2, 2, 2, 1, 1, 1], "action_accs": [-1, 0, 1, -1, 0, 0, 1, 1, 1, 0, -1, 1, 0, 0, 0, 0, 0, 0, 0, 0, -1, -1, 0, 0, -1, 0, 0, 1, 1, 0, 1, 0, 0, 0, -1, -1, 0, -1, 0, 1, 1, -1, 0, -1, 0, 1, -1], "action_rots": [0, -1, 0, 0, 0, -1, 0, 0, 0, 0, 0, 0, 0, 0, 0, 0, 0, 0, 0, 0, 0, 0, 0, 0, 0, -1, 0, 0, 0, 0, 0, 0, 0, 0, 0, 0, 0, 0, 1, 0, 0, 0, 0, 0, -1, 0, 0], "steps": 47, "is_goal": true}