{"map_file_path": "grid_maps/Wiconisco/occ_grid_small.txt", "start_pos": [1, 92], "goal_pos": [14, 21], "robot_rows": [1, 1, 1, 2, 4, 7, 10, 13, 15, 16, 17, 17, 17, 17, 17, 17, 17, 17, 17, 17, 17, 17, 17, 17, 17, 17, 17, 17, 17, 17, 17, 17, 17, 17, 17, 17, 17, 17, 17, 17, 17, 17, 17, 16, 15, 14, 13, 13, 13, 13, 14, 15, 16, 17, 17, 17, 17, 16, 15, 14, 14], "robot_cols": [92, 92, 92, 92, 92, 92, 92, 92, 92, 92, 92, 92, 92, 92, 91, 89, 86, 83, 80, 77, 74, 71, 68, 65, 62, 59, 56, 53, 50, 47, 44, 41, 38, 35, 32, 29, 26, 24, 22, 21, 21, 21, 21, 21, 21, 21, 21, 21, 21, 21, 21, 21, 21, 21, 21, 21, 21, 21, 21, 21, 21], "robot_speeds": [0, 0, 0, 1, 2, 3, 3, 3, 2, 1, 1, 0, 0, 0, 1, 2, 3, 3, 3, 3, 3, 3, 3, 3, 3, 3, 3, 3, 3, 3, 3, 3, 3, 3, 3, 3, 3, 2, 2, 1, 0, 0, 0, 1, 1, 1, 1, 0, 0, 0, 1, 1, 1, 1, 0, 0, 0, 1, 1, 1, 0], "robot_directions": [0, 0, 3, 3, 3, 3, 3, 3, 3, 3, 3, 3, 0, 0, 0, 0, 0, 0, 0, 0, 0, 0, 0, 0, 0, 0, 0, 0, 0, 0, 0, 0, 0, 0, 0, 0, 0, 0, 0, 0, 0, 1, 1, 1, 1, 1, 1, 1, 0, 3, 3, 3, 3, 3, 3, 0, 1, 1, 1, 1, 1], "action_accs": [-1, 0, 1, 1, 1, 0, 0, -1, -1, 0, -1, 0, 0, 1, 1, 1, 0, 0, 1, 0, 0, 0, 0, 0, 0, 0, 0, 0, 0, 0, 0, 0, 0, 0, 1, 0, -1, 0, -1, -1, 0, 0, 1, 0, 0, 0, -1, 0, 0, 1, 0, 0, 0, -1, 0, 0, 1, 0, 0, -1], "action_rots": [0, -1, 0, 0, 0, 0, 0, 0, 0, 0, 0, 1, 0, 0, 0, 0, 0, 0, 0, 0, 0, 0, 0, 0, 0, 0, 0, 0, 0, 0, 0, 0, 0, 0, 0, 0, 0, 0, 0, 0, 1, 0, 0, 0, 0, 0, 0, -1, -1, 0, 0, 0, 0, 0, 1, 1, 0, 0, 0, 0], "steps": 60, "is_goal": true}