{"map_file_path": "grid_maps/Ihlen/occ_grid_small.txt", "start_pos": [24, 92], "goal_pos": [2, 24], "robot_rows": [24, 24, 24, 23, 21, 18, 15, 12, 9, 7, 7, 7, 7, 8, 8, 8, 8, 8, 8, 8, 8, 8, 8, 8, 8, 8, 8, 8, 8, 8, 8, 8, 8, 8, 8, 8, 8, 8, 8, 8, 8, 8, 8, 8, 7, 5, 3, 2, 2, 2, 2, 2, 2], "robot_cols": [92, 92, 92, 92, 92, 92, 92, 92, 92, 92, 92, 92, 92, 92, 92, 92, 91, 89, 87, 84, 82, 79, 76, 73, 70, 67, 64, 61, 58, 55, 52, 49, 46, 43, 40, 37, 34, 31, 28, 28, 27, 26, 26, 26, 26, 26, 26, 26, 26, 26, 25, 24, 24], "robot_speeds": [0, 0, 0, 1, 2, 3, 3, 3, 3, 2, 0, 0, 0, 1, 0, 0, 1, 2, 2, 3, 2, 3, 3, 3, 3, 3, 3, 3, 3, 3, 3, 3, 3, 3, 3, 3, 3, 3, 3, 0, 1, 1, 0, 0, 1, 2, 2, 1, 0, 0, 1, 1, 0], "robot_directions": [0, 0, 1, 1, 1, 1, 1, 1, 1, 1, 1, 0, 3, 3, 3, 0, 0, 0, 0, 0, 0, 0, 0, 0, 0, 0, 0, 0, 0, 0, 0, 0, 0, 0, 0, 0, 0, 0, 0, 0, 0, 0, 0, 1, 1, 1, 1, 1, 1, 0, 0, 0, 0], "action_accs": [-1, 0, 1, 1, 1, 0, 0, 0, -1, -1, 0, 0, 1, -1, 0, 1, 1, 0, 1, -1, 1, 0, 0, 0, 0, 0, 0, 0, 0, 0, 0, 0, 0, 0, 0, 0, 0, 0, 0, 1, 0, 0, 0, 1, 1, 0, -1, -1, 0, 1, 0, -1], "action_rots": [0, 1, 0, 0, 0, 0, 0, 0, 0, 0, -1, -1, 0, 0, 1, 0, 0, 0, 0, 0, 0, 0, 0, 0, 0, 0, 0, 0, 0, 0, 0, 0, 0, 0, 0, 0, 0, 0, 0, 0, 0, 0, 1, 0, 0, 0, 0, 0, -1, 0, 0, 0], "steps": 52, "is_goal": true}