{"map_file_path": "grid_maps/Wiconisco/occ_grid_small.txt", "start_pos": [80, 37], "goal_pos": [44, 64], "robot_rows": [80, 80, 80, 80, 80, 80, 80, 80, 80, 80, 80, 80, 80, 80, 79, 77, 74, 71, 69, 66, 63, 60, 57, 54, 52, 50, 49, 49, 49, 49, 49, 49, 49, 49, 49, 50, 52, 53, 53, 53, 53, 53, 53, 53, 53, 53, 53, 53, 53, 53, 53, 53, 53, 53, 53, 53, 53, 52, 50, 47, 45, 44, 44, 44, 44, 44, 44, 44, 44, 44, 44, 44, 44], "robot_cols": [37, 37, 37, 37, 38, 40, 42, 43, 43, 43, 43, 42, 42, 42, 42, 42, 42, 42, 42, 42, 42, 42, 42, 42, 42, 42, 42, 42, 42, 43, 45, 47, 48, 48, 48, 48, 48, 48, 48, 48, 48, 48, 48, 49, 51, 54, 57, 60, 62, 65, 68, 71, 74, 76, 77, 77, 77, 77, 77, 77, 77, 77, 77, 77, 77, 76, 74, 71, 68, 66, 65, 64, 64], "robot_speeds": [0, 0, 0, 0, 1, 2, 2, 1, 0, 0, 0, 1, 0, 0, 1, 2, 3, 3, 2, 3, 3, 3, 3, 3, 2, 2, 1, 0, 0, 1, 2, 2, 1, 0, 0, 1, 2, 1, 0, 0, 0, 0, 0, 1, 2, 3, 3, 3, 2, 3, 3, 3, 3, 2, 1, 0, 0, 1, 2, 3, 2, 1, 0, 0, 0, 1, 2, 3, 3, 2, 1, 1, 0], "robot_directions": [0, 0, 3, 2, 2, 2, 2, 2, 2, 3, 0, 0, 0, 1, 1, 1, 1, 1, 1, 1, 1, 1, 1, 1, 1, 1, 1, 1, 2, 2, 2, 2, 2, 2, 3, 3, 3, 3, 3, 2, 2, 2, 2, 2, 2, 2, 2, 2, 2, 2, 2, 2, 2, 2, 2, 2, 1, 1, 1, 1, 1, 1, 1, 0, 0, 0, 0, 0, 0, 0, 0, 0, 0], "action_accs": [-1, 0, 0, 1, 1, 0, -1, -1, 0, 0, 1, -1, 0, 1, 1, 1, 1, -1, 1, 0, 0, 1, 0, -1, 0, -1, -1, 0, 1, 1, 0, -1, -1, 0, 1, 1, -1, -1, 0, 0, 0, 0, 1, 1, 1, 0, 0, -1, 1, 0, 0, 0, -1, -1, -1, 0, 1, 1, 1, -1, -1, -1, 0, 0, 1, 1, 1, 0, -1, -1, 0, -1], "action_rots": [0, -1, -1, 0, 0, 0, 0, 0, 1, 1, 0, 0, 1, 0, 0, 0, 0, 0, 0, 0, 0, 0, 0, 0, 0, 0, 0, 1, 0, 0, 0, 0, 0, 1, 0, 0, 0, 0, -1, 0, 0, 0, 0, 0, 0, 0, 0, 0, 0, 0, 0, 0, 0, 0, 0, -1, 0, 0, 0, 0, 0, 0, -1, 0, 0, 0, 0, 0, 0, 0, 0, 0], "steps": 72, "is_goal": true}