{"map_file_path": "grid_maps/Wiconisco/occ_grid_small.txt", "start_pos": [22, 36], "goal_pos": [45, 93], "robot_rows": [22, 22, 22, 22, 22, 22, 22, 22, 22, 22, 22, 22, 22, 22, 22, 22, 22, 22, 22, 22, 22, 22, 22, 22, 22, 22, 22, 22, 22, 23, 25, 27, 30, 33, 36, 39, 42, 44, 46, 48, 49, 49, 49, 49, 49, 49, 49, 48, 47, 46, 45, 45], "robot_cols": [36, 36, 36, 36, 37, 39, 42, 45, 48, 51, 54, 57, 60, 63, 66, 69, 71, 74, 77, 80, 83, 86, 89, 91, 92, 94, 95, 95, 95, 95, 95, 95, 95, 95, 95, 95, 95, 95, 95, 95, 95, 95, 95, 94, 93, 93, 93, 93, 93, 93, 93, 93], "robot_speeds": [0, 0, 0, 0, 1, 2, 3, 3, 3, 3, 3, 3, 3, 3, 3, 3, 2, 3, 3, 3, 3, 3, 3, 2, 1, 2, 1, 0, 0, 1, 2, 2, 3, 3, 3, 3, 3, 2, 2, 2, 1, 0, 0, 1, 1, 0, 0, 1, 1, 1, 1, 0], "robot_directions": [0, 0, 3, 2, 2, 2, 2, 2, 2, 2, 2, 2, 2, 2, 2, 2, 2, 2, 2, 2, 2, 2, 2, 2, 2, 2, 2, 2, 3, 3, 3, 3, 3, 3, 3, 3, 3, 3, 3, 3, 3, 3, 0, 0, 0, 0, 1, 1, 1, 1, 1, 1], "action_accs": [-1, 0, 0, 1, 1, 1, 0, 1, 0, 0, 0, 0, 0, 0, 0, -1, 1, 0, 0, 0, 0, 0, -1, -1, 1, -1, -1, 0, 1, 1, 0, 1, 0, 0, 0, 0, -1, 0, 0, -1, -1, 0, 1, 0, -1, 0, 1, 0, 0, 0, -1], "action_rots": [0, -1, -1, 0, 0, 0, 0, 0, 0, 0, 0, 0, 0, 0, 0, 0, 0, 0, 0, 0, 0, 0, 0, 0, 0, 0, 0, 1, 0, 0, 0, 0, 0, 0, 0, 0, 0, 0, 0, 0, 0, 1, 0, 0, 0, 1, 0, 0, 0, 0, 0], "steps": 51, "is_goal": true}