{"map_file_path": "grid_maps/Ihlen/occ_grid_small.txt", "start_pos": [27, 51], "goal_pos": [62, 24], "robot_rows": [27, 27, 27, 27, 28, 30, 33, 36, 39, 41, 44, 47, 49, 50, 50, 50, 50, 50, 50, 50, 50, 50, 50, 50, 50, 50, 50, 50, 50, 51, 53, 56, 58, 59, 59, 60, 60, 60, 60, 60, 60, 60, 60, 60, 61, 62, 62], "robot_cols": [51, 51, 51, 51, 51, 51, 51, 51, 51, 51, 51, 51, 51, 51, 51, 51, 50, 48, 46, 43, 40, 37, 34, 31, 29, 28, 27, 27, 27, 27, 27, 27, 27, 27, 27, 27, 27, 27, 27, 26, 25, 24, 24, 24, 24, 24, 24], "robot_speeds": [0, 0, 0, 0, 1, 2, 3, 3, 3, 2, 3, 3, 2, 1, 0, 0, 1, 2, 2, 3, 3, 3, 3, 3, 2, 1, 1, 0, 0, 1, 2, 3, 2, 1, 0, 1, 0, 0, 0, 1, 1, 1, 0, 0, 1, 1, 0], "robot_directions": [0, 0, 0, 3, 3, 3, 3, 3, 3, 3, 3, 3, 3, 3, 3, 0, 0, 0, 0, 0, 0, 0, 0, 0, 0, 0, 0, 0, 3, 3, 3, 3, 3, 3, 3, 3, 3, 3, 0, 0, 0, 0, 0, 3, 3, 3, 3], "action_accs": [-1, 0, 0, 1, 1, 1, 1, 0, -1, 1, 0, -1, -1, -1, 0, 1, 1, 0, 1, 0, 0, 0, 0, -1, -1, 0, -1, 0, 1, 1, 1, -1, -1, -1, 1, -1, 0, 0, 1, 0, 0, -1, 0, 1, 0, -1], "action_rots": [0, 0, -1, 0, 0, 0, 0, 0, 0, 0, 0, 0, 0, 0, 1, 0, 0, 0, 0, 0, 0, 0, 0, 0, 0, 0, 0, -1, 0, 0, 0, 0, 0, 0, 0, 0, 0, 1, 0, 0, 0, 0, -1, 0, 0, 0], "steps": 46, "is_goal": true}