{"map_file_path": "grid_maps/Wiconisco/occ_grid_small.txt", "start_pos": [51, 71], "goal_pos": [42, 15], "robot_rows": [51, 51, 52, 53, 54, 55, 55, 55, 55, 54, 54, 54, 54, 54, 54, 54, 54, 54, 54, 54, 54, 54, 54, 54, 53, 51, 48, 45, 43, 42, 42, 42, 42, 42, 42, 42, 42, 42, 42, 42, 42, 42, 42, 42, 42, 42, 42, 42, 42], "robot_cols": [71, 71, 71, 71, 71, 71, 71, 71, 71, 71, 71, 71, 70, 68, 65, 62, 59, 56, 53, 51, 49, 48, 48, 48, 48, 48, 48, 48, 48, 48, 48, 48, 48, 48, 47, 45, 42, 39, 37, 34, 31, 28, 25, 22, 19, 17, 16, 15, 15], "robot_speeds": [0, 0, 1, 1, 1, 1, 0, 0, 0, 1, 0, 0, 1, 2, 3, 3, 3, 3, 3, 2, 2, 1, 0, 0, 1, 2, 3, 3, 2, 1, 0, 0, 0, 0, 1, 2, 3, 3, 2, 3, 3, 3, 3, 3, 3, 2, 1, 1, 0], "robot_directions": [0, 3, 3, 3, 3, 3, 3, 0, 1, 1, 1, 0, 0, 0, 0, 0, 0, 0, 0, 0, 0, 0, 0, 1, 1, 1, 1, 1, 1, 1, 1, 1, 1, 0, 0, 0, 0, 0, 0, 0, 0, 0, 0, 0, 0, 0, 0, 0, 0], "action_accs": [0, 1, 0, 0, 0, -1, 0, 0, 1, -1, 0, 1, 1, 1, 0, 0, 0, 0, -1, 0, -1, 0, 0, 1, 1, 1, 0, -1, -1, -1, 0, 0, 0, 1, 1, 1, 0, -1, 1, 0, 0, 0, 0, 0, -1, -1, 0, -1], "action_rots": [-1, 0, 0, 0, 0, 0, 1, 1, 0, 0, -1, 0, 0, 0, 0, 0, 0, 0, 0, 0, 0, 0, 1, 0, 0, 0, 0, 0, 0, 0, 0, 0, -1, 0, 0, 0, 0, 0, 0, 0, 0, 0, 0, 0, 0, 0, 0, 0], "steps": 48, "is_goal": true}