{"map_file_path": "grid_maps/Wiconisco/occ_grid_small.txt", "start_pos": [40, 42], "goal_pos": [5, 59], "robot_rows": [40, 40, 40, 39, 37, 34, 31, 28, 25, 22, 20, 18, 17, 17, 17, 17, 17, 17, 17, 17, 17, 17, 17, 17, 17, 16, 14, 11, 8, 6, 5, 5], "robot_cols": [42, 42, 42, 42, 42, 42, 42, 42, 42, 42, 42, 42, 42, 42, 42, 43, 45, 48, 51, 54, 56, 58, 59, 59, 59, 59, 59, 59, 59, 59, 59, 59], "robot_speeds": [0, 0, 0, 1, 2, 3, 3, 3, 3, 3, 2, 2, 1, 0, 0, 1, 2, 3, 3, 3, 2, 2, 1, 0, 0, 1, 2, 3, 3, 2, 1, 0], "robot_directions": [0, 0, 1, 1, 1, 1, 1, 1, 1, 1, 1, 1, 1, 1, 2, 2, 2, 2, 2, 2, 2, 2, 2, 2, 1, 1, 1, 1, 1, 1, 1, 1], "action_accs": [-1, 0, 1, 1, 1, 0, 1, 0, 0, -1, 0, -1, -1, 0, 1, 1, 1, 0, 0, -1, 0, -1, -1, 0, 1, 1, 1, 0, -1, -1, -1], "action_rots": [0, 1, 0, 0, 0, 0, 0, 0, 0, 0, 0, 0, 0, 1, 0, 0, 0, 0, 0, 0, 0, 0, 0, -1, 0, 0, 0, 0, 0, 0, 0], "steps": 31, "is_goal": true}