{"map_file_path": "grid_maps/Wiconisco/occ_grid_small.txt", "start_pos": [62, 3], "goal_pos": [4, 3], "robot_rows": [62, 62, 61, 59, 56, 53, 50, 47, 44, 42, 40, 39, 39, 39, 39, 39, 39, 39, 38, 36, 33, 30, 27, 24, 21, 18, 15, 12, 9, 7, 5, 4, 4, 4, 4, 4], "robot_cols": [3, 3, 3, 3, 3, 3, 3, 3, 3, 3, 3, 3, 3, 3, 4, 4, 4, 4, 4, 4, 4, 4, 4, 4, 4, 4, 4, 4, 4, 4, 4, 4, 4, 4, 3, 3], "robot_speeds": [0, 0, 1, 2, 3, 3, 3, 3, 3, 2, 2, 1, 0, 0, 1, 0, 0, 0, 1, 2, 3, 3, 3, 3, 3, 3, 3, 3, 3, 2, 2, 1, 0, 0, 1, 0], "robot_directions": [0, 1, 1, 1, 1, 1, 1, 1, 1, 1, 1, 1, 1, 2, 2, 2, 2, 1, 1, 1, 1, 1, 1, 1, 1, 1, 1, 1, 1, 1, 1, 1, 1, 0, 0, 0], "action_accs": [0, 1, 1, 1, 0, 0, 0, 0, -1, 0, -1, -1, 0, 1, -1, 0, 0, 1, 1, 1, 0, 0, 0, 1, 0, 0, 0, 0, -1, 0, -1, -1, 0, 1, -1], "action_rots": [1, 0, 0, 0, 0, 0, 0, 0, 0, 0, 0, 0, 1, 0, 0, 0, -1, 0, 0, 0, 0, 0, 0, 0, 0, 0, 0, 0, 0, 0, 0, 0, -1, 0, 0], "steps": 35, "is_goal": true}