{"map_file_path": "grid_maps/Wiconisco/occ_grid_small.txt", "start_pos": [11, 53], "goal_pos": [57, 9], "robot_rows": [11, 11, 11, 12, 14, 17, 20, 23, 26, 29, 32, 34, 34, 34, 34, 34, 34, 34, 34, 34, 34, 34, 34, 34, 34, 34, 34, 34, 34, 34, 34, 34, 34, 34, 34, 34, 35, 37, 40, 43, 45, 47, 48, 48, 48, 48, 48, 48, 49, 51, 54, 56, 57, 57, 57, 57, 57, 57, 57, 57], "robot_cols": [53, 53, 53, 53, 53, 53, 53, 53, 53, 53, 53, 53, 53, 53, 53, 52, 50, 47, 44, 41, 38, 35, 32, 29, 26, 23, 20, 17, 14, 12, 10, 8, 6, 4, 4, 4, 4, 4, 4, 4, 4, 4, 4, 4, 4, 3, 3, 3, 3, 3, 3, 3, 3, 3, 3, 4, 6, 8, 9, 9], "robot_speeds": [0, 0, 0, 1, 2, 3, 3, 3, 3, 3, 3, 2, 0, 0, 0, 1, 2, 3, 3, 3, 3, 3, 3, 3, 3, 3, 3, 3, 3, 2, 2, 2, 2, 2, 0, 0, 1, 2, 3, 3, 2, 2, 1, 0, 0, 1, 0, 0, 1, 2, 3, 2, 1, 0, 0, 1, 2, 2, 1, 0], "robot_directions": [0, 0, 3, 3, 3, 3, 3, 3, 3, 3, 3, 3, 3, 0, 0, 0, 0, 0, 0, 0, 0, 0, 0, 0, 0, 0, 0, 0, 0, 0, 0, 0, 0, 0, 0, 3, 3, 3, 3, 3, 3, 3, 3, 3, 0, 0, 0, 3, 3, 3, 3, 3, 3, 3, 2, 2, 2, 2, 2, 2], "action_accs": [-1, 0, 1, 1, 1, 0, 0, 0, 0, 0, -1, -1, 0, 0, 1, 1, 1, 0, 0, 0, 0, 0, 0, 0, 0, 0, 0, 0, -1, 0, 0, 0, 0, -1, 0, 1, 1, 1, 0, -1, 0, -1, -1, 0, 1, -1, 0, 1, 1, 1, -1, -1, -1, 0, 1, 1, 0, -1, -1], "action_rots": [0, -1, 0, 0, 0, 0, 0, 0, 0, 0, 0, 0, 1, 0, 0, 0, 0, 0, 0, 0, 0, 0, 0, 0, 0, 0, 0, 0, 0, 0, 0, 0, 0, 0, -1, 0, 0, 0, 0, 0, 0, 0, 0, 1, 0, 0, -1, 0, 0, 0, 0, 0, 0, -1, 0, 0, 0, 0, 0], "steps": 59, "is_goal": true}