{"map_file_path": "grid_maps/Ihlen/occ_grid_small.txt", "start_pos": [23, 9], "goal_pos": [15, 82], "robot_rows": [23, 23, 23, 22, 21, 19, 17, 16, 16, 16, 16, 16, 16, 16, 16, 16, 16, 16, 16, 16, 16, 16, 16, 16, 16, 16, 16, 16, 16, 16, 16, 16, 16, 16, 16, 16, 16, 16, 16, 15, 14, 13, 13, 13, 13, 13, 13, 13, 13, 14, 15, 15], "robot_cols": [9, 9, 9, 9, 9, 9, 9, 9, 9, 9, 10, 11, 13, 16, 19, 22, 25, 28, 31, 34, 37, 40, 43, 46, 49, 52, 55, 58, 61, 64, 66, 69, 72, 75, 77, 78, 78, 78, 78, 78, 78, 78, 78, 78, 79, 81, 82, 82, 82, 82, 82, 82], "robot_speeds": [0, 0, 0, 1, 1, 2, 2, 1, 0, 0, 1, 1, 2, 3, 3, 3, 3, 3, 3, 3, 3, 3, 3, 3, 3, 3, 3, 3, 3, 3, 2, 3, 3, 3, 2, 1, 0, 0, 0, 1, 1, 1, 0, 0, 1, 2, 1, 0, 0, 1, 1, 0], "robot_directions": [0, 0, 1, 1, 1, 1, 1, 1, 1, 2, 2, 2, 2, 2, 2, 2, 2, 2, 2, 2, 2, 2, 2, 2, 2, 2, 2, 2, 2, 2, 2, 2, 2, 2, 2, 2, 2, 2, 1, 1, 1, 1, 1, 2, 2, 2, 2, 2, 3, 3, 3, 3], "action_accs": [0, 0, 1, 0, 1, 0, -1, -1, 0, 1, 0, 1, 1, 0, 0, 0, 0, 0, 0, 0, 0, 0, 0, 0, 0, 0, 0, 0, 0, -1, 1, 0, 0, -1, -1, -1, 0, 0, 1, 0, 0, -1, 0, 1, 1, -1, -1, 0, 1, 0, -1], "action_rots": [0, 1, 0, 0, 0, 0, 0, 0, 1, 0, 0, 0, 0, 0, 0, 0, 0, 0, 0, 0, 0, 0, 0, 0, 0, 0, 0, 0, 0, 0, 0, 0, 0, 0, 0, 0, 0, -1, 0, 0, 0, 0, 1, 0, 0, 0, 0, 1, 0, 0, 0], "steps": 51, "is_goal": true}