{"map_file_path": "grid_maps/Ihlen/occ_grid_small.txt", "start_pos": [35, 33], "goal_pos": [95, 43], "robot_rows": [35, 35, 35, 36, 38, 41, 44, 47, 49, 50, 50, 50, 50, 50, 50, 50, 50, 50, 50, 50, 50, 50, 51, 53, 56, 59, 62, 65, 68, 71, 74, 77, 80, 83, 83, 83, 83, 83, 83, 83, 83, 83, 83, 84, 86, 89, 92, 94, 95, 95, 95, 95, 95], "robot_cols": [33, 33, 33, 33, 33, 33, 33, 33, 33, 33, 33, 33, 34, 36, 39, 42, 45, 47, 48, 49, 49, 49, 49, 49, 49, 49, 49, 49, 49, 49, 49, 49, 49, 49, 49, 49, 48, 46, 44, 43, 42, 42, 42, 42, 42, 42, 42, 42, 42, 42, 42, 43, 43], "robot_speeds": [0, 0, 0, 1, 2, 3, 3, 3, 2, 1, 0, 0, 1, 2, 3, 3, 3, 2, 1, 1, 0, 0, 1, 2, 3, 3, 3, 3, 3, 3, 3, 3, 3, 3, 0, 0, 1, 2, 2, 1, 1, 0, 0, 1, 2, 3, 3, 2, 1, 0, 0, 1, 0], "robot_directions": [0, 0, 3, 3, 3, 3, 3, 3, 3, 3, 3, 2, 2, 2, 2, 2, 2, 2, 2, 2, 2, 3, 3, 3, 3, 3, 3, 3, 3, 3, 3, 3, 3, 3, 3, 0, 0, 0, 0, 0, 0, 0, 3, 3, 3, 3, 3, 3, 3, 3, 2, 2, 2], "action_accs": [-1, 0, 1, 1, 1, 0, 0, -1, -1, -1, 0, 1, 1, 1, 0, 0, -1, -1, 0, -1, 0, 1, 1, 1, 0, 0, 0, 0, 0, 0, 0, 0, 0, -1, 0, 1, 1, 0, -1, 0, -1, 0, 1, 1, 1, 0, -1, -1, -1, 0, 1, -1], "action_rots": [0, -1, 0, 0, 0, 0, 0, 0, 0, 0, -1, 0, 0, 0, 0, 0, 0, 0, 0, 0, 1, 0, 0, 0, 0, 0, 0, 0, 0, 0, 0, 0, 0, 0, 1, 0, 0, 0, 0, 0, 0, -1, 0, 0, 0, 0, 0, 0, 0, -1, 0, 0], "steps": 52, "is_goal": true}