{"map_file_path": "grid_maps/Ihlen/occ_grid_small.txt", "start_pos": [33, 82], "goal_pos": [49, 30], "robot_rows": [33, 33, 33, 33, 33, 34, 36, 39, 42, 45, 47, 49, 50, 50, 50, 50, 50, 50, 50, 50, 50, 50, 50, 50, 50, 50, 50, 50, 50, 50, 50, 50, 50, 50, 50, 50, 50, 50, 49, 49], "robot_cols": [82, 82, 81, 81, 81, 81, 81, 81, 81, 81, 81, 81, 81, 81, 81, 80, 78, 75, 72, 69, 66, 63, 60, 57, 55, 52, 49, 46, 43, 40, 37, 34, 32, 31, 30, 30, 30, 30, 30, 30], "robot_speeds": [0, 0, 1, 0, 0, 1, 2, 3, 3, 3, 2, 2, 1, 0, 0, 1, 2, 3, 3, 3, 3, 3, 3, 3, 2, 3, 3, 3, 3, 3, 3, 3, 2, 1, 1, 0, 0, 0, 1, 0], "robot_directions": [0, 0, 0, 0, 3, 3, 3, 3, 3, 3, 3, 3, 3, 3, 0, 0, 0, 0, 0, 0, 0, 0, 0, 0, 0, 0, 0, 0, 0, 0, 0, 0, 0, 0, 0, 0, 1, 1, 1, 1], "action_accs": [-1, 1, -1, 0, 1, 1, 1, 0, 0, -1, 0, -1, -1, 0, 1, 1, 1, 0, 0, 0, 0, 0, 0, -1, 1, 0, 0, 0, 0, 0, 0, -1, -1, 0, -1, 0, 0, 1, -1], "action_rots": [0, 0, 0, -1, 0, 0, 0, 0, 0, 0, 0, 0, 0, 1, 0, 0, 0, 0, 0, 0, 0, 0, 0, 0, 0, 0, 0, 0, 0, 0, 0, 0, 0, 0, 0, 1, 0, 0, 0], "steps": 39, "is_goal": true}