{"map_file_path": "grid_maps/Ihlen/occ_grid_small.txt", "start_pos": [84, 66], "goal_pos": [7, 75], "robot_rows": [84, 84, 84, 83, 82, 82, 82, 82, 82, 82, 82, 82, 82, 82, 82, 82, 81, 79, 77, 74, 71, 68, 65, 62, 59, 56, 53, 50, 47, 44, 41, 38, 35, 32, 29, 26, 23, 20, 18, 15, 12, 10, 9, 9, 8, 7, 7, 7, 7, 7, 8, 8, 8, 8, 8, 8, 8, 8, 8, 8, 8, 8, 8, 8, 7, 7], "robot_cols": [66, 66, 66, 66, 66, 66, 66, 66, 65, 63, 60, 57, 55, 54, 54, 54, 54, 54, 54, 54, 54, 54, 54, 54, 54, 54, 54, 54, 54, 54, 54, 54, 54, 54, 54, 54, 54, 54, 54, 54, 54, 54, 54, 54, 54, 54, 54, 54, 54, 54, 54, 54, 54, 55, 57, 60, 63, 66, 69, 72, 74, 75, 75, 75, 75, 75], "robot_speeds": [0, 0, 0, 1, 1, 0, 0, 0, 1, 2, 3, 3, 2, 1, 0, 0, 1, 2, 2, 3, 3, 3, 3, 3, 3, 3, 3, 3, 3, 3, 3, 3, 3, 3, 3, 3, 3, 3, 2, 3, 3, 2, 1, 0, 1, 1, 0, 0, 0, 0, 1, 0, 0, 1, 2, 3, 3, 3, 3, 3, 2, 1, 0, 0, 1, 0], "robot_directions": [0, 0, 1, 1, 1, 1, 0, 0, 0, 0, 0, 0, 0, 0, 0, 1, 1, 1, 1, 1, 1, 1, 1, 1, 1, 1, 1, 1, 1, 1, 1, 1, 1, 1, 1, 1, 1, 1, 1, 1, 1, 1, 1, 1, 1, 1, 1, 1, 0, 3, 3, 3, 2, 2, 2, 2, 2, 2, 2, 2, 2, 2, 2, 1, 1, 1], "action_accs": [0, 0, 1, 0, -1, 0, 0, 1, 1, 1, 0, -1, -1, -1, 0, 1, 1, 0, 1, 0, 0, 0, 0, 0, 0, 0, 0, 0, 0, 0, 0, 0, 0, 0, 0, 0, 0, -1, 1, 0, -1, -1, -1, 1, 0, -1, 0, 0, 0, 1, -1, 0, 1, 1, 1, 0, 0, 0, 0, -1, -1, -1, 0, 1, -1], "action_rots": [0, 1, 0, 0, 0, -1, 0, 0, 0, 0, 0, 0, 0, 0, 1, 0, 0, 0, 0, 0, 0, 0, 0, 0, 0, 0, 0, 0, 0, 0, 0, 0, 0, 0, 0, 0, 0, 0, 0, 0, 0, 0, 0, 0, 0, 0, 0, -1, -1, 0, 0, -1, 0, 0, 0, 0, 0, 0, 0, 0, 0, 0, -1, 0, 0], "steps": 65, "is_goal": true}