{"map_file_path": "grid_maps/Ihlen/occ_grid_small.txt", "start_pos": [50, 65], "goal_pos": [4, 41], "robot_rows": [50, 50, 50, 50, 50, 50, 50, 50, 50, 50, 50, 49, 47, 45, 42, 39, 37, 34, 31, 28, 25, 23, 20, 17, 14, 11, 8, 6, 4, 3, 2, 2, 2, 2, 2, 2, 2, 2, 2, 2, 2, 3, 3, 4, 4], "robot_cols": [65, 65, 64, 62, 59, 56, 53, 51, 50, 50, 50, 50, 50, 50, 50, 50, 50, 50, 50, 50, 50, 50, 50, 50, 50, 50, 50, 50, 50, 50, 50, 50, 50, 49, 47, 44, 42, 41, 41, 41, 41, 41, 41, 41, 41], "robot_speeds": [0, 0, 1, 2, 3, 3, 3, 2, 1, 0, 0, 1, 2, 2, 3, 3, 2, 3, 3, 3, 3, 2, 3, 3, 3, 3, 3, 2, 2, 1, 1, 0, 0, 1, 2, 3, 2, 1, 0, 0, 0, 1, 0, 1, 0], "robot_directions": [0, 0, 0, 0, 0, 0, 0, 0, 0, 0, 1, 1, 1, 1, 1, 1, 1, 1, 1, 1, 1, 1, 1, 1, 1, 1, 1, 1, 1, 1, 1, 1, 0, 0, 0, 0, 0, 0, 0, 3, 3, 3, 3, 3, 3], "action_accs": [-1, 1, 1, 1, 0, 0, -1, -1, -1, 0, 1, 1, 0, 1, 0, -1, 1, 0, 0, 0, -1, 1, 0, 0, 0, 0, -1, 0, -1, 0, -1, 0, 1, 1, 1, -1, -1, -1, 0, 0, 1, -1, 1, -1], "action_rots": [0, 0, 0, 0, 0, 0, 0, 0, 0, 1, 0, 0, 0, 0, 0, 0, 0, 0, 0, 0, 0, 0, 0, 0, 0, 0, 0, 0, 0, 0, 0, -1, 0, 0, 0, 0, 0, 0, -1, 0, 0, 0, 0, 0], "steps": 44, "is_goal": true}