{"map_file_path": "grid_maps/Ihlen/occ_grid_small.txt", "start_pos": [62, 12], "goal_pos": [72, 90], "robot_rows": [62, 62, 62, 61, 59, 58, 58, 58, 58, 58, 58, 58, 58, 58, 58, 58, 58, 58, 57, 56, 54, 52, 50, 49, 48, 48, 48, 48, 49, 49, 49, 49, 49, 49, 49, 49, 49, 49, 49, 49, 49, 49, 49, 49, 49, 49, 49, 49, 49, 49, 49, 49, 49, 49, 49, 49, 50, 52, 55, 58, 61, 64, 67, 69, 71, 72, 72], "robot_cols": [12, 12, 12, 12, 12, 12, 12, 12, 13, 15, 18, 21, 24, 27, 29, 30, 30, 30, 30, 30, 30, 30, 30, 30, 30, 30, 30, 30, 30, 30, 30, 31, 33, 36, 39, 42, 45, 48, 51, 54, 57, 60, 63, 66, 69, 72, 75, 78, 81, 84, 86, 88, 89, 90, 90, 90, 90, 90, 90, 90, 90, 90, 90, 90, 90, 90, 90], "robot_speeds": [0, 0, 0, 1, 2, 1, 0, 0, 1, 2, 3, 3, 3, 3, 2, 1, 0, 0, 1, 1, 2, 2, 2, 1, 1, 0, 0, 0, 1, 0, 0, 1, 2, 3, 3, 3, 3, 3, 3, 3, 3, 3, 3, 3, 3, 3, 3, 3, 3, 3, 2, 2, 1, 1, 0, 0, 1, 2, 3, 3, 3, 3, 3, 2, 2, 1, 0], "robot_directions": [0, 0, 1, 1, 1, 1, 1, 2, 2, 2, 2, 2, 2, 2, 2, 2, 2, 1, 1, 1, 1, 1, 1, 1, 1, 1, 0, 3, 3, 3, 2, 2, 2, 2, 2, 2, 2, 2, 2, 2, 2, 2, 2, 2, 2, 2, 2, 2, 2, 2, 2, 2, 2, 2, 2, 3, 3, 3, 3, 3, 3, 3, 3, 3, 3, 3, 3], "action_accs": [-1, 0, 1, 1, -1, -1, 0, 1, 1, 1, 0, 0, 0, -1, -1, -1, 0, 1, 0, 1, 0, 0, -1, 0, -1, 0, 0, 1, -1, 0, 1, 1, 1, 0, 1, 0, 0, 0, 0, 0, 0, 0, 0, 0, 0, 0, 0, 0, 0, -1, 0, -1, 0, -1, 0, 1, 1, 1, 0, 0, 0, 0, -1, 0, -1, -1], "action_rots": [0, 1, 0, 0, 0, 0, 1, 0, 0, 0, 0, 0, 0, 0, 0, 0, -1, 0, 0, 0, 0, 0, 0, 0, 0, -1, -1, 0, 0, -1, 0, 0, 0, 0, 0, 0, 0, 0, 0, 0, 0, 0, 0, 0, 0, 0, 0, 0, 0, 0, 0, 0, 0, 0, 1, 0, 0, 0, 0, 0, 0, 0, 0, 0, 0, 0], "steps": 66, "is_goal": true}