{"map_file_path": "grid_maps/Ihlen/occ_grid_small.txt", "start_pos": [96, 27], "goal_pos": [47, 62], "robot_rows": [96, 96, 96, 95, 93, 90, 87, 84, 82, 80, 78, 78, 78, 78, 78, 79, 79, 79, 79, 79, 79, 79, 79, 79, 79, 79, 79, 79, 79, 79, 79, 79, 79, 78, 76, 74, 72, 69, 66, 63, 60, 57, 54, 52, 51, 50, 49, 49, 49, 49, 49, 49, 49, 49, 49, 48, 47, 47], "robot_cols": [27, 27, 27, 27, 27, 27, 27, 27, 27, 27, 27, 27, 27, 27, 27, 27, 27, 27, 28, 29, 31, 34, 37, 40, 43, 46, 49, 52, 54, 55, 56, 56, 56, 56, 56, 56, 56, 56, 56, 56, 56, 56, 56, 56, 56, 56, 56, 56, 56, 57, 59, 61, 62, 62, 62, 62, 62, 62], "robot_speeds": [0, 0, 0, 1, 2, 3, 3, 3, 2, 2, 2, 0, 0, 0, 0, 1, 0, 0, 1, 1, 2, 3, 3, 3, 3, 3, 3, 3, 2, 1, 1, 0, 0, 1, 2, 2, 2, 3, 3, 3, 3, 3, 3, 2, 1, 1, 1, 0, 0, 1, 2, 2, 1, 0, 0, 1, 1, 0], "robot_directions": [0, 0, 1, 1, 1, 1, 1, 1, 1, 1, 1, 1, 0, 0, 3, 3, 3, 2, 2, 2, 2, 2, 2, 2, 2, 2, 2, 2, 2, 2, 2, 2, 1, 1, 1, 1, 1, 1, 1, 1, 1, 1, 1, 1, 1, 1, 1, 1, 2, 2, 2, 2, 2, 2, 1, 1, 1, 1], "action_accs": [-1, 0, 1, 1, 1, 0, 0, -1, 0, 0, -1, 0, 0, 0, 1, -1, 0, 1, 0, 1, 1, 0, 0, 0, 0, 0, 0, -1, -1, 0, -1, 0, 1, 1, 0, 0, 1, 0, 0, 0, 0, 0, -1, -1, 0, 0, -1, 0, 1, 1, 0, -1, -1, 0, 1, 0, -1], "action_rots": [0, 1, 0, 0, 0, 0, 0, 0, 0, 0, 0, -1, 0, -1, 0, 0, -1, 0, 0, 0, 0, 0, 0, 0, 0, 0, 0, 0, 0, 0, 0, -1, 0, 0, 0, 0, 0, 0, 0, 0, 0, 0, 0, 0, 0, 0, 0, 1, 0, 0, 0, 0, 0, -1, 0, 0, 0], "steps": 57, "is_goal": true}