{"map_file_path": "grid_maps/Ihlen/occ_grid_small.txt", "start_pos": [86, 76], "goal_pos": [64, 11], "robot_rows": [86, 86, 86, 86, 86, 85, 83, 82, 82, 82, 82, 82, 82, 82, 82, 82, 82, 82, 82, 82, 82, 82, 82, 82, 81, 79, 77, 74, 71, 69, 66, 63, 60, 57, 54, 52, 50, 49, 49, 49, 49, 49, 49, 49, 49, 49, 49, 49, 49, 49, 49, 50, 52, 55, 57, 59, 60, 60, 60, 60, 60, 60, 60, 60, 60, 60, 60, 60, 60, 61, 63, 64, 64], "robot_cols": [76, 76, 76, 76, 76, 76, 76, 76, 76, 76, 75, 73, 71, 68, 65, 62, 59, 56, 53, 51, 50, 49, 49, 49, 49, 49, 49, 49, 49, 49, 49, 49, 49, 49, 49, 49, 49, 49, 49, 49, 48, 46, 43, 40, 37, 34, 31, 29, 28, 28, 28, 28, 28, 28, 28, 28, 28, 28, 28, 27, 25, 22, 19, 16, 14, 12, 11, 11, 11, 11, 11, 11, 11], "robot_speeds": [0, 0, 0, 0, 0, 1, 2, 1, 0, 0, 1, 2, 2, 3, 3, 3, 3, 3, 3, 2, 1, 1, 0, 0, 1, 2, 2, 3, 3, 2, 3, 3, 3, 3, 3, 2, 2, 1, 0, 0, 1, 2, 3, 3, 3, 3, 3, 2, 1, 0, 0, 1, 2, 3, 2, 2, 1, 0, 0, 1, 2, 3, 3, 3, 2, 2, 1, 0, 0, 1, 2, 1, 0], "robot_directions": [0, 0, 0, 1, 1, 1, 1, 1, 1, 0, 0, 0, 0, 0, 0, 0, 0, 0, 0, 0, 0, 0, 0, 1, 1, 1, 1, 1, 1, 1, 1, 1, 1, 1, 1, 1, 1, 1, 1, 0, 0, 0, 0, 0, 0, 0, 0, 0, 0, 0, 3, 3, 3, 3, 3, 3, 3, 3, 0, 0, 0, 0, 0, 0, 0, 0, 0, 0, 3, 3, 3, 3, 3], "action_accs": [-1, 0, 0, 0, 1, 1, -1, -1, 0, 1, 1, 0, 1, 0, 0, 0, 0, 0, -1, -1, 0, -1, 0, 1, 1, 0, 1, 0, -1, 1, 0, 0, 0, 0, -1, 0, -1, -1, 0, 1, 1, 1, 0, 0, 0, 0, -1, -1, -1, 0, 1, 1, 1, -1, 0, -1, -1, 0, 1, 1, 1, 0, 0, -1, 0, -1, -1, 0, 1, 1, -1, -1], "action_rots": [0, 0, 1, 0, 0, 0, 0, 0, -1, 0, 0, 0, 0, 0, 0, 0, 0, 0, 0, 0, 0, 0, 1, 0, 0, 0, 0, 0, 0, 0, 0, 0, 0, 0, 0, 0, 0, 0, -1, 0, 0, 0, 0, 0, 0, 0, 0, 0, 0, -1, 0, 0, 0, 0, 0, 0, 0, 1, 0, 0, 0, 0, 0, 0, 0, 0, 0, -1, 0, 0, 0, 0], "steps": 72, "is_goal": true}