{"map_file_path": "grid_maps/Ihlen/occ_grid_small.txt", "start_pos": [12, 60], "goal_pos": [58, 88], "robot_rows": [12, 12, 12, 12, 12, 12, 12, 12, 12, 12, 12, 12, 12, 12, 12, 12, 12, 12, 12, 12, 12, 12, 12, 12, 12, 13, 15, 18, 21, 24, 27, 30, 33, 36, 39, 42, 45, 48, 51, 54, 56, 57, 57, 57, 57, 57, 57, 57, 57, 57, 57, 57, 57, 58, 58, 58, 58, 58, 58, 58, 58, 58, 58], "robot_cols": [60, 60, 60, 60, 61, 63, 66, 69, 72, 75, 77, 79, 80, 81, 82, 82, 82, 82, 81, 81, 80, 78, 77, 77, 77, 77, 77, 77, 77, 77, 77, 77, 77, 77, 77, 77, 77, 77, 77, 77, 77, 77, 77, 77, 78, 80, 83, 85, 87, 88, 89, 89, 89, 89, 89, 89, 88, 87, 87, 87, 87, 88, 88], "robot_speeds": [0, 0, 0, 0, 1, 2, 3, 3, 3, 3, 2, 2, 1, 1, 1, 0, 0, 0, 1, 0, 1, 2, 1, 0, 0, 1, 2, 3, 3, 3, 3, 3, 3, 3, 3, 3, 3, 3, 3, 3, 2, 1, 0, 0, 1, 2, 3, 2, 2, 1, 1, 0, 0, 1, 0, 0, 1, 1, 0, 0, 0, 1, 0], "robot_directions": [0, 0, 3, 2, 2, 2, 2, 2, 2, 2, 2, 2, 2, 2, 2, 2, 3, 0, 0, 0, 0, 0, 0, 0, 3, 3, 3, 3, 3, 3, 3, 3, 3, 3, 3, 3, 3, 3, 3, 3, 3, 3, 3, 2, 2, 2, 2, 2, 2, 2, 2, 2, 3, 3, 3, 0, 0, 0, 0, 3, 2, 2, 2], "action_accs": [-1, 0, 0, 1, 1, 1, 0, 0, 0, -1, 0, -1, 0, 0, -1, 0, 0, 1, -1, 1, 1, -1, -1, 0, 1, 1, 1, 0, 0, 0, 0, 0, 0, 0, 0, 0, 0, 0, 0, -1, -1, -1, 0, 1, 1, 1, -1, 0, -1, 0, -1, 0, 1, -1, 0, 1, 0, -1, 0, 0, 1, -1], "action_rots": [0, -1, -1, 0, 0, 0, 0, 0, 0, 0, 0, 0, 0, 0, 0, 1, 1, 0, 0, 0, 0, 0, 0, -1, 0, 0, 0, 0, 0, 0, 0, 0, 0, 0, 0, 0, 0, 0, 0, 0, 0, 0, -1, 0, 0, 0, 0, 0, 0, 0, 0, 1, 0, 0, 1, 0, 0, 0, -1, -1, 0, 0], "steps": 62, "is_goal": true}