{"map_file_path": "grid_maps/Wiconisco/occ_grid_small.txt", "start_pos": [17, 43], "goal_pos": [8, 2], "robot_rows": [17, 17, 17, 17, 17, 17, 17, 17, 17, 17, 17, 17, 17, 17, 17, 17, 17, 17, 17, 17, 17, 17, 16, 14, 11, 9, 8, 8], "robot_cols": [43, 43, 42, 40, 38, 35, 33, 30, 27, 24, 22, 19, 16, 13, 10, 7, 5, 3, 2, 2, 2, 2, 2, 2, 2, 2, 2, 2], "robot_speeds": [0, 0, 1, 2, 2, 3, 2, 3, 3, 3, 2, 3, 3, 3, 3, 3, 2, 2, 1, 0, 0, 0, 1, 2, 3, 2, 1, 0], "robot_directions": [0, 0, 0, 0, 0, 0, 0, 0, 0, 0, 0, 0, 0, 0, 0, 0, 0, 0, 0, 0, 0, 1, 1, 1, 1, 1, 1, 1], "action_accs": [-1, 1, 1, 0, 1, -1, 1, 0, 0, -1, 1, 0, 0, 0, 0, -1, 0, -1, -1, 0, 0, 1, 1, 1, -1, -1, -1], "action_rots": [0, 0, 0, 0, 0, 0, 0, 0, 0, 0, 0, 0, 0, 0, 0, 0, 0, 0, 0, 0, 1, 0, 0, 0, 0, 0, 0], "steps": 27, "is_goal": true}