{"map_file_path": "grid_maps/Wiconisco/occ_grid_small.txt", "start_pos": [49, 88], "goal_pos": [24, 61], "robot_rows": [49, 49, 49, 49, 48, 47, 45, 42, 39, 36, 33, 30, 27, 25, 24, 23, 23, 23, 23, 23, 23, 23, 23, 23, 23, 23, 23, 23, 23, 23, 23, 23, 24, 24], "robot_cols": [88, 88, 88, 88, 88, 88, 88, 88, 88, 88, 88, 88, 88, 88, 88, 88, 88, 88, 87, 85, 82, 79, 76, 74, 71, 68, 65, 63, 62, 61, 61, 61, 61, 61], "robot_speeds": [0, 0, 0, 0, 1, 1, 2, 3, 3, 3, 3, 3, 3, 2, 1, 1, 0, 0, 1, 2, 3, 3, 3, 2, 3, 3, 3, 2, 1, 1, 0, 0, 1, 0], "robot_directions": [0, 0, 0, 1, 1, 1, 1, 1, 1, 1, 1, 1, 1, 1, 1, 1, 1, 0, 0, 0, 0, 0, 0, 0, 0, 0, 0, 0, 0, 0, 0, 3, 3, 3], "action_accs": [-1, 0, 0, 1, 0, 1, 1, 0, 0, 0, 0, 0, -1, -1, 0, -1, 0, 1, 1, 1, 1, 0, -1, 1, 1, 0, -1, -1, 0, -1, 0, 1, -1], "action_rots": [0, 0, 1, 0, 0, 0, 0, 0, 0, 0, 0, 0, 0, 0, 0, 0, -1, 0, 0, 0, 0, 0, 0, 0, 0, 0, 0, 0, 0, 0, -1, 0, 0], "steps": 33, "is_goal": true}