{"map_file_path": "grid_maps/Wiconisco/occ_grid_small.txt", "start_pos": [51, 40], "goal_pos": [17, 14], "robot_rows": [51, 51, 50, 48, 45, 42, 39, 36, 33, 30, 27, 24, 21, 19, 18, 17, 17, 17, 17, 17, 17, 17, 17, 17, 17, 17, 17, 17, 17, 17, 17, 17, 17, 17, 17, 17, 17], "robot_cols": [40, 40, 40, 40, 40, 40, 40, 40, 40, 40, 40, 40, 40, 40, 40, 40, 40, 40, 39, 37, 35, 32, 29, 26, 23, 20, 17, 14, 12, 11, 11, 11, 11, 12, 13, 14, 14], "robot_speeds": [0, 0, 1, 2, 3, 3, 3, 3, 3, 3, 3, 3, 3, 2, 1, 1, 0, 0, 1, 2, 2, 3, 3, 3, 3, 3, 3, 3, 2, 1, 0, 0, 0, 1, 1, 1, 0], "robot_directions": [0, 1, 1, 1, 1, 1, 1, 1, 1, 1, 1, 1, 1, 1, 1, 1, 1, 0, 0, 0, 0, 0, 0, 0, 0, 0, 0, 0, 0, 0, 0, 3, 2, 2, 2, 2, 2], "action_accs": [0, 1, 1, 1, 0, 0, 0, 0, 0, 0, 0, 0, -1, -1, 0, -1, 0, 1, 1, 0, 1, 0, 0, 0, 0, 0, 0, -1, -1, -1, 0, 0, 1, 0, 0, -1], "action_rots": [1, 0, 0, 0, 0, 0, 0, 0, 0, 0, 0, 0, 0, 0, 0, 0, -1, 0, 0, 0, 0, 0, 0, 0, 0, 0, 0, 0, 0, 0, -1, -1, 0, 0, 0, 0], "steps": 36, "is_goal": true}