{"map_file_path": "grid_maps/Ihlen/occ_grid_small.txt", "start_pos": [5, 6], "goal_pos": [8, 67], "robot_rows": [5, 5, 5, 5, 5, 5, 5, 5, 5, 5, 5, 5, 5, 5, 5, 5, 5, 5, 5, 5, 5, 5, 5, 5, 5, 6, 7, 8, 8, 8, 8, 8, 8, 8, 8, 8, 8], "robot_cols": [6, 6, 6, 6, 7, 9, 12, 15, 18, 21, 24, 27, 30, 33, 36, 39, 42, 45, 48, 51, 53, 54, 55, 55, 55, 55, 55, 55, 55, 55, 56, 58, 61, 64, 66, 67, 67], "robot_speeds": [0, 0, 0, 0, 1, 2, 3, 3, 3, 3, 3, 3, 3, 3, 3, 3, 3, 3, 3, 3, 2, 1, 1, 0, 0, 1, 1, 1, 0, 0, 1, 2, 3, 3, 2, 1, 0], "robot_directions": [0, 0, 3, 2, 2, 2, 2, 2, 2, 2, 2, 2, 2, 2, 2, 2, 2, 2, 2, 2, 2, 2, 2, 2, 3, 3, 3, 3, 3, 2, 2, 2, 2, 2, 2, 2, 2], "action_accs": [0, 0, 0, 1, 1, 1, 0, 1, 0, 0, 0, 0, 0, 0, 0, 0, 0, 0, 1, -1, -1, 0, -1, 0, 1, 0, 0, -1, 0, 1, 1, 1, 0, -1, -1, -1], "action_rots": [0, -1, -1, 0, 0, 0, 0, 0, 0, 0, 0, 0, 0, 0, 0, 0, 0, 0, 0, 0, 0, 0, 0, 1, 0, 0, 0, 0, -1, 0, 0, 0, 0, 0, 0, 0], "steps": 36, "is_goal": true}