{"map_file_path": "grid_maps/Ihlen/occ_grid_small.txt", "start_pos": [12, 72], "goal_pos": [56, 50], "robot_rows": [12, 12, 12, 12, 12, 12, 12, 12, 12, 12, 12, 12, 12, 12, 12, 12, 12, 12, 13, 15, 18, 21, 24, 27, 30, 33, 36, 39, 42, 45, 48, 51, 53, 55, 56, 56], "robot_cols": [72, 72, 71, 69, 66, 63, 60, 57, 54, 52, 50, 49, 49, 49, 49, 50, 50, 50, 50, 50, 50, 50, 50, 50, 50, 50, 50, 50, 50, 50, 50, 50, 50, 50, 50, 50], "robot_speeds": [0, 0, 1, 2, 3, 3, 3, 3, 3, 2, 2, 1, 0, 0, 0, 1, 0, 0, 1, 2, 3, 3, 3, 3, 3, 3, 3, 3, 3, 3, 3, 3, 2, 2, 1, 0], "robot_directions": [0, 0, 0, 0, 0, 0, 0, 0, 0, 0, 0, 0, 0, 3, 2, 2, 2, 3, 3, 3, 3, 3, 3, 3, 3, 3, 3, 3, 3, 3, 3, 3, 3, 3, 3, 3], "action_accs": [0, 1, 1, 1, 0, 0, 0, 0, -1, 0, -1, -1, 0, 0, 1, -1, 0, 1, 1, 1, 0, 0, 0, 0, 1, 0, 0, 0, 0, 0, 0, -1, 0, -1, -1], "action_rots": [0, 0, 0, 0, 0, 0, 0, 0, 0, 0, 0, 0, -1, -1, 0, 0, 1, 0, 0, 0, 0, 0, 0, 0, 0, 0, 0, 0, 0, 0, 0, 0, 0, 0, 0], "steps": 35, "is_goal": true}