{"map_file_path": "grid_maps/Ihlen/occ_grid_small.txt", "start_pos": [29, 53], "goal_pos": [42, 2], "robot_rows": [29, 29, 29, 30, 32, 35, 38, 41, 44, 46, 47, 47, 47, 47, 47, 47, 47, 47, 47, 47, 47, 47, 47, 47, 47, 47, 47, 48, 50, 52, 55, 57, 58, 58, 58, 58, 58, 58, 58, 58, 58, 58, 58, 58, 58, 58, 58, 58, 58, 58, 58, 58, 57, 55, 52, 49, 46, 44, 43, 42, 42], "robot_cols": [53, 53, 53, 53, 53, 53, 53, 53, 53, 53, 53, 53, 53, 53, 52, 50, 47, 44, 41, 38, 35, 32, 30, 28, 27, 27, 27, 27, 27, 27, 27, 27, 27, 27, 27, 26, 24, 21, 18, 15, 12, 9, 6, 4, 2, 1, 1, 1, 1, 2, 2, 2, 2, 2, 2, 2, 2, 2, 2, 2, 2], "robot_speeds": [0, 0, 0, 1, 2, 3, 3, 3, 3, 2, 1, 0, 0, 0, 1, 2, 3, 3, 3, 3, 3, 3, 2, 2, 1, 0, 0, 1, 2, 2, 3, 2, 1, 0, 0, 1, 2, 3, 3, 3, 3, 3, 3, 2, 2, 1, 0, 0, 0, 1, 0, 0, 1, 2, 3, 3, 3, 2, 1, 1, 0], "robot_directions": [0, 0, 3, 3, 3, 3, 3, 3, 3, 3, 3, 3, 0, 0, 0, 0, 0, 0, 0, 0, 0, 0, 0, 0, 0, 0, 3, 3, 3, 3, 3, 3, 3, 3, 0, 0, 0, 0, 0, 0, 0, 0, 0, 0, 0, 0, 0, 3, 2, 2, 2, 1, 1, 1, 1, 1, 1, 1, 1, 1, 1], "action_accs": [-1, 0, 1, 1, 1, 0, 0, 0, -1, -1, -1, 0, 0, 1, 1, 1, 0, 0, 0, 0, 0, -1, 0, -1, -1, 0, 1, 1, 0, 1, -1, -1, -1, 0, 1, 1, 1, 0, 0, 0, 0, 0, -1, 0, -1, -1, 0, 0, 1, -1, 0, 1, 1, 1, 0, 0, -1, -1, 0, -1], "action_rots": [0, -1, 0, 0, 0, 0, 0, 0, 0, 0, 0, 1, 0, 0, 0, 0, 0, 0, 0, 0, 0, 0, 0, 0, 0, -1, 0, 0, 0, 0, 0, 0, 0, 1, 0, 0, 0, 0, 0, 0, 0, 0, 0, 0, 0, 0, -1, -1, 0, 0, -1, 0, 0, 0, 0, 0, 0, 0, 0, 0], "steps": 60, "is_goal": true}