{"map_file_path": "grid_maps/Ihlen/occ_grid_small.txt", "start_pos": [40, 55], "goal_pos": [95, 65], "robot_rows": [40, 40, 40, 41, 43, 46, 49, 52, 55, 58, 61, 64, 67, 70, 73, 76, 79, 82, 84, 84, 84, 84, 83, 83, 83, 83, 83, 83, 83, 83, 83, 83, 83, 83, 83, 84, 86, 89, 92, 94, 95, 95, 95, 95, 95], "robot_cols": [55, 55, 55, 55, 55, 55, 55, 55, 55, 55, 55, 55, 55, 55, 55, 55, 55, 55, 55, 55, 55, 55, 55, 55, 55, 55, 56, 58, 61, 63, 64, 65, 66, 66, 66, 66, 66, 66, 66, 66, 66, 66, 66, 65, 65], "robot_speeds": [0, 0, 0, 1, 2, 3, 3, 3, 3, 3, 3, 3, 3, 3, 3, 3, 3, 3, 2, 0, 0, 0, 1, 0, 0, 0, 1, 2, 3, 2, 1, 1, 1, 0, 0, 1, 2, 3, 3, 2, 1, 0, 0, 1, 0], "robot_directions": [0, 0, 3, 3, 3, 3, 3, 3, 3, 3, 3, 3, 3, 3, 3, 3, 3, 3, 3, 3, 0, 1, 1, 1, 1, 2, 2, 2, 2, 2, 2, 2, 2, 2, 3, 3, 3, 3, 3, 3, 3, 3, 0, 0, 0], "action_accs": [-1, 0, 1, 1, 1, 0, 0, 0, 0, 0, 0, 0, 0, 0, 0, 0, 0, -1, -1, 0, 0, 1, -1, 0, 0, 1, 1, 1, -1, -1, 0, 0, -1, 0, 1, 1, 1, 0, -1, -1, -1, 0, 1, -1], "action_rots": [0, -1, 0, 0, 0, 0, 0, 0, 0, 0, 0, 0, 0, 0, 0, 0, 0, 0, 0, 1, 1, 0, 0, 0, 1, 0, 0, 0, 0, 0, 0, 0, 0, 1, 0, 0, 0, 0, 0, 0, 0, 1, 0, 0], "steps": 44, "is_goal": true}