{"map_file_path": "grid_maps/Ihlen/occ_grid_small.txt", "start_pos": [70, 50], "goal_pos": [4, 53], "robot_rows": [70, 70, 70, 69, 67, 65, 62, 59, 57, 54, 51, 48, 46, 43, 40, 37, 34, 31, 28, 25, 22, 19, 16, 13, 10, 7, 5, 4, 4, 4, 4, 4, 4, 4], "robot_cols": [50, 50, 50, 50, 50, 50, 50, 50, 50, 50, 50, 50, 50, 50, 50, 50, 50, 50, 50, 50, 50, 50, 50, 50, 50, 50, 50, 50, 50, 50, 51, 52, 53, 53], "robot_speeds": [0, 0, 0, 1, 2, 2, 3, 3, 2, 3, 3, 3, 2, 3, 3, 3, 3, 3, 3, 3, 3, 3, 3, 3, 3, 3, 2, 1, 0, 0, 1, 1, 1, 0], "robot_directions": [0, 0, 1, 1, 1, 1, 1, 1, 1, 1, 1, 1, 1, 1, 1, 1, 1, 1, 1, 1, 1, 1, 1, 1, 1, 1, 1, 1, 1, 2, 2, 2, 2, 2], "action_accs": [-1, 0, 1, 1, 0, 1, 0, -1, 1, 0, 0, -1, 1, 0, 0, 0, 0, 0, 0, 0, 0, 0, 0, 0, 0, -1, -1, -1, 0, 1, 0, 0, -1], "action_rots": [0, 1, 0, 0, 0, 0, 0, 0, 0, 0, 0, 0, 0, 0, 0, 0, 0, 0, 0, 0, 0, 0, 0, 0, 0, 0, 0, 0, 1, 0, 0, 0, 0], "steps": 33, "is_goal": true}