{"map_file_path": "grid_maps/Wiconisco/occ_grid_small.txt", "start_pos": [41, 5], "goal_pos": [22, 49], "robot_rows": [41, 41, 40, 38, 35, 32, 29, 26, 23, 21, 20, 20, 20, 20, 20, 20, 20, 20, 20, 20, 20, 20, 20, 20, 20, 20, 20, 20, 20, 20, 20, 20, 20, 20, 21, 22, 22, 22, 22, 22, 22, 22, 22, 22, 22, 22, 22], "robot_cols": [5, 5, 5, 5, 5, 5, 5, 5, 5, 5, 5, 5, 5, 6, 8, 11, 14, 17, 20, 22, 25, 27, 30, 33, 36, 39, 42, 45, 47, 48, 49, 50, 50, 50, 50, 50, 50, 50, 50, 50, 49, 48, 48, 48, 48, 49, 49], "robot_speeds": [0, 0, 1, 2, 3, 3, 3, 3, 3, 2, 1, 0, 0, 1, 2, 3, 3, 3, 3, 2, 3, 2, 3, 3, 3, 3, 3, 3, 2, 1, 1, 1, 0, 0, 1, 1, 0, 0, 0, 0, 1, 1, 0, 0, 0, 1, 0], "robot_directions": [0, 1, 1, 1, 1, 1, 1, 1, 1, 1, 1, 1, 2, 2, 2, 2, 2, 2, 2, 2, 2, 2, 2, 2, 2, 2, 2, 2, 2, 2, 2, 2, 2, 3, 3, 3, 3, 3, 0, 0, 0, 0, 0, 3, 2, 2, 2], "action_accs": [0, 1, 1, 1, 0, 0, 0, 0, -1, -1, -1, 0, 1, 1, 1, 0, 0, 0, -1, 1, -1, 1, 0, 0, 0, 0, 0, -1, -1, 0, 0, -1, 0, 1, 0, -1, 0, 0, 0, 1, 0, -1, 0, 0, 1, -1], "action_rots": [1, 0, 0, 0, 0, 0, 0, 0, 0, 0, 0, 1, 0, 0, 0, 0, 0, 0, 0, 0, 0, 0, 0, 0, 0, 0, 0, 0, 0, 0, 0, 0, 1, 0, 0, 0, 0, 1, 0, 0, 0, 0, -1, -1, 0, 0], "steps": 46, "is_goal": true}