{"map_file_path": "grid_maps/Ihlen/occ_grid_small.txt", "start_pos": [5, 33], "goal_pos": [32, 74], "robot_rows": [5, 5, 5, 6, 8, 11, 14, 16, 17, 17, 17, 17, 16, 16, 16, 16, 16, 16, 16, 16, 16, 16, 16, 16, 16, 16, 16, 16, 16, 16, 16, 17, 19, 22, 25, 28, 30, 31, 32, 32, 32, 32, 32, 32, 32, 32, 32], "robot_cols": [33, 33, 33, 33, 33, 33, 33, 33, 33, 33, 33, 33, 33, 33, 33, 34, 36, 39, 42, 45, 48, 50, 53, 56, 59, 62, 65, 67, 68, 68, 68, 68, 68, 68, 68, 68, 68, 68, 68, 68, 68, 69, 70, 72, 73, 74, 74], "robot_speeds": [0, 0, 0, 1, 2, 3, 3, 2, 1, 0, 0, 0, 1, 0, 0, 1, 2, 3, 3, 3, 3, 2, 3, 3, 3, 3, 3, 2, 1, 0, 0, 1, 2, 3, 3, 3, 2, 1, 1, 0, 0, 1, 1, 2, 1, 1, 0], "robot_directions": [0, 0, 3, 3, 3, 3, 3, 3, 3, 3, 0, 1, 1, 1, 2, 2, 2, 2, 2, 2, 2, 2, 2, 2, 2, 2, 2, 2, 2, 2, 3, 3, 3, 3, 3, 3, 3, 3, 3, 3, 2, 2, 2, 2, 2, 2, 2], "action_accs": [-1, 0, 1, 1, 1, 0, -1, -1, -1, 0, 0, 1, -1, 0, 1, 1, 1, 0, 0, 0, -1, 1, 0, 0, 0, 0, -1, -1, -1, 0, 1, 1, 1, 0, 0, -1, -1, 0, -1, 0, 1, 0, 1, -1, 0, -1], "action_rots": [0, -1, 0, 0, 0, 0, 0, 0, 0, 1, 1, 0, 0, 1, 0, 0, 0, 0, 0, 0, 0, 0, 0, 0, 0, 0, 0, 0, 0, 1, 0, 0, 0, 0, 0, 0, 0, 0, 0, -1, 0, 0, 0, 0, 0, 0], "steps": 46, "is_goal": true}