{"map_file_path": "grid_maps/Ihlen/occ_grid_small.txt", "start_pos": [51, 61], "goal_pos": [92, 25], "robot_rows": [51, 51, 51, 51, 51, 51, 51, 51, 51, 51, 51, 52, 54, 57, 60, 63, 66, 69, 72, 75, 78, 80, 82, 83, 83, 83, 83, 83, 83, 83, 83, 83, 83, 83, 83, 83, 83, 83, 84, 86, 89, 91, 93, 94, 94, 94, 94, 94, 93, 92, 92], "robot_cols": [61, 61, 61, 60, 58, 55, 52, 50, 49, 49, 49, 49, 49, 49, 49, 49, 49, 49, 49, 49, 49, 49, 49, 49, 49, 49, 48, 46, 43, 40, 37, 34, 31, 28, 26, 25, 25, 25, 25, 25, 25, 25, 25, 25, 25, 25, 25, 25, 25, 25, 25], "robot_speeds": [0, 0, 0, 1, 2, 3, 3, 2, 1, 0, 0, 1, 2, 3, 3, 3, 3, 3, 3, 3, 3, 2, 2, 1, 0, 0, 1, 2, 3, 3, 3, 3, 3, 3, 2, 1, 0, 0, 1, 2, 3, 2, 2, 1, 0, 0, 0, 0, 1, 1, 0], "robot_directions": [0, 0, 0, 0, 0, 0, 0, 0, 0, 0, 3, 3, 3, 3, 3, 3, 3, 3, 3, 3, 3, 3, 3, 3, 3, 0, 0, 0, 0, 0, 0, 0, 0, 0, 0, 0, 0, 3, 3, 3, 3, 3, 3, 3, 3, 0, 1, 1, 1, 1, 1], "action_accs": [-1, 0, 1, 1, 1, 0, -1, -1, -1, 0, 1, 1, 1, 0, 0, 1, 0, 0, 0, 0, -1, 0, -1, -1, 0, 1, 1, 1, 0, 0, 0, 0, 0, -1, -1, -1, 0, 1, 1, 1, -1, 0, -1, -1, 0, 0, 0, 1, 0, -1], "action_rots": [0, 0, 0, 0, 0, 0, 0, 0, 0, -1, 0, 0, 0, 0, 0, 0, 0, 0, 0, 0, 0, 0, 0, 0, 1, 0, 0, 0, 0, 0, 0, 0, 0, 0, 0, 0, -1, 0, 0, 0, 0, 0, 0, 0, 1, 1, 0, 0, 0, 0], "steps": 50, "is_goal": true}