{"map_file_path": "grid_maps/Ihlen/occ_grid_small.txt", "start_pos": [86, 7], "goal_pos": [77, 50], "robot_rows": [86, 86, 86, 85, 83, 81, 80, 79, 79, 79, 79, 79, 79, 79, 79, 79, 79, 79, 79, 79, 79, 79, 79, 79, 79, 79, 79, 79, 79, 79, 78, 76, 75, 75, 75, 75, 75, 76, 77, 77], "robot_cols": [7, 7, 7, 7, 7, 7, 7, 7, 7, 7, 8, 10, 13, 16, 19, 22, 24, 26, 29, 32, 35, 37, 40, 43, 46, 48, 49, 50, 50, 50, 50, 50, 50, 50, 50, 50, 50, 50, 50, 50], "robot_speeds": [0, 0, 0, 1, 2, 2, 1, 1, 0, 0, 1, 2, 3, 3, 3, 3, 2, 2, 3, 3, 3, 2, 3, 3, 3, 2, 1, 1, 0, 0, 1, 2, 1, 0, 0, 0, 0, 1, 1, 0], "robot_directions": [0, 0, 1, 1, 1, 1, 1, 1, 1, 2, 2, 2, 2, 2, 2, 2, 2, 2, 2, 2, 2, 2, 2, 2, 2, 2, 2, 2, 2, 1, 1, 1, 1, 1, 0, 3, 3, 3, 3, 3], "action_accs": [-1, 0, 1, 1, 0, -1, 0, -1, 0, 1, 1, 1, 0, 0, 0, -1, 0, 1, 0, 0, -1, 1, 1, 0, -1, -1, 0, -1, 0, 1, 1, -1, -1, 0, 0, 0, 1, 0, -1], "action_rots": [0, 1, 0, 0, 0, 0, 0, 0, 1, 0, 0, 0, 0, 0, 0, 0, 0, 0, 0, 0, 0, 0, 0, 0, 0, 0, 0, 0, -1, 0, 0, 0, 0, -1, -1, 0, 0, 0, 0], "steps": 39, "is_goal": true}