{"map_file_path": "grid_maps/Ihlen/occ_grid_small.txt", "start_pos": [94, 14], "goal_pos": [79, 58], "robot_rows": [94, 94, 94, 94, 94, 94, 94, 94, 94, 94, 93, 92, 90, 87, 84, 82, 80, 79, 79, 79, 79, 79, 79, 79, 79, 79, 79, 79, 79, 79, 79, 79, 79, 79, 79, 79, 79, 79, 79, 79, 79], "robot_cols": [14, 14, 13, 11, 9, 7, 6, 6, 6, 6, 6, 6, 6, 6, 6, 6, 6, 6, 6, 6, 7, 9, 12, 15, 18, 21, 24, 27, 30, 33, 36, 39, 42, 45, 48, 51, 54, 56, 57, 58, 58], "robot_speeds": [0, 0, 1, 2, 2, 2, 1, 0, 0, 0, 1, 1, 2, 3, 3, 2, 2, 1, 0, 0, 1, 2, 3, 3, 3, 3, 3, 3, 3, 3, 3, 3, 3, 3, 3, 3, 3, 2, 1, 1, 0], "robot_directions": [0, 0, 0, 0, 0, 0, 0, 0, 1, 1, 1, 1, 1, 1, 1, 1, 1, 1, 1, 2, 2, 2, 2, 2, 2, 2, 2, 2, 2, 2, 2, 2, 2, 2, 2, 2, 2, 2, 2, 2, 2], "action_accs": [-1, 1, 1, 0, 0, -1, -1, 0, 0, 1, 0, 1, 1, 0, -1, 0, -1, -1, 0, 1, 1, 1, 0, 0, 0, 0, 0, 0, 0, 0, 0, 0, 0, 0, 0, 0, -1, -1, 0, -1], "action_rots": [0, 0, 0, 0, 0, 0, 0, 1, 0, 0, 0, 0, 0, 0, 0, 0, 0, 0, 1, 0, 0, 0, 0, 0, 0, 0, 0, 0, 0, 0, 0, 0, 0, 0, 0, 0, 0, 0, 0, 0], "steps": 40, "is_goal": true}