{"map_file_path": "grid_maps/Ihlen/occ_grid_small.txt", "start_pos": [13, 57], "goal_pos": [8, 10], "robot_rows": [13, 13, 13, 14, 14, 14, 14, 14, 14, 14, 14, 14, 14, 14, 14, 14, 14, 14, 14, 14, 14, 14, 14, 14, 14, 14, 14, 13, 11, 9, 8, 8], "robot_cols": [57, 57, 57, 57, 57, 57, 56, 54, 51, 48, 46, 43, 40, 37, 35, 32, 30, 27, 24, 21, 18, 15, 13, 11, 10, 10, 10, 10, 10, 10, 10, 10], "robot_speeds": [0, 0, 0, 1, 0, 0, 1, 2, 3, 3, 2, 3, 3, 3, 2, 3, 2, 3, 3, 3, 3, 3, 2, 2, 1, 0, 0, 1, 2, 2, 1, 0], "robot_directions": [0, 0, 3, 3, 3, 0, 0, 0, 0, 0, 0, 0, 0, 0, 0, 0, 0, 0, 0, 0, 0, 0, 0, 0, 0, 0, 1, 1, 1, 1, 1, 1], "action_accs": [-1, 0, 1, -1, 0, 1, 1, 1, 0, -1, 1, 0, 0, -1, 1, -1, 1, 0, 1, 0, 0, -1, 0, -1, -1, 0, 1, 1, 0, -1, -1], "action_rots": [0, -1, 0, 0, 1, 0, 0, 0, 0, 0, 0, 0, 0, 0, 0, 0, 0, 0, 0, 0, 0, 0, 0, 0, 0, 1, 0, 0, 0, 0, 0], "steps": 31, "is_goal": true}