{"map_file_path": "grid_maps/Ihlen/occ_grid_small.txt", "start_pos": [89, 81], "goal_pos": [93, 17], "robot_rows": [89, 89, 89, 88, 86, 84, 83, 83, 83, 83, 83, 83, 83, 83, 83, 83, 83, 83, 83, 83, 83, 83, 83, 83, 83, 83, 83, 83, 83, 83, 83, 83, 83, 83, 83, 83, 83, 83, 84, 86, 89, 91, 92, 93, 93, 93, 93, 93, 93, 93, 93, 93, 93], "robot_cols": [81, 81, 81, 81, 81, 81, 81, 81, 81, 80, 78, 75, 72, 69, 66, 63, 60, 57, 54, 51, 48, 45, 42, 39, 36, 33, 30, 27, 24, 21, 18, 15, 12, 9, 7, 6, 6, 6, 6, 6, 6, 6, 6, 6, 6, 6, 7, 9, 12, 14, 16, 17, 17], "robot_speeds": [0, 0, 0, 1, 2, 2, 1, 0, 0, 1, 2, 3, 3, 3, 3, 3, 3, 3, 3, 3, 3, 3, 3, 3, 3, 3, 3, 3, 3, 3, 3, 3, 3, 3, 2, 1, 0, 0, 1, 2, 3, 2, 1, 1, 0, 0, 1, 2, 3, 2, 2, 1, 0], "robot_directions": [0, 0, 1, 1, 1, 1, 1, 1, 0, 0, 0, 0, 0, 0, 0, 0, 0, 0, 0, 0, 0, 0, 0, 0, 0, 0, 0, 0, 0, 0, 0, 0, 0, 0, 0, 0, 0, 3, 3, 3, 3, 3, 3, 3, 3, 2, 2, 2, 2, 2, 2, 2, 2], "action_accs": [-1, 0, 1, 1, 0, -1, -1, 0, 1, 1, 1, 0, 0, 0, 0, 0, 0, 0, 0, 0, 0, 0, 0, 0, 0, 0, 1, 0, 0, 0, 0, 0, 0, -1, -1, -1, 0, 1, 1, 1, -1, -1, 0, -1, 0, 1, 1, 1, -1, 0, -1, -1], "action_rots": [0, 1, 0, 0, 0, 0, 0, -1, 0, 0, 0, 0, 0, 0, 0, 0, 0, 0, 0, 0, 0, 0, 0, 0, 0, 0, 0, 0, 0, 0, 0, 0, 0, 0, 0, 0, -1, 0, 0, 0, 0, 0, 0, 0, -1, 0, 0, 0, 0, 0, 0, 0], "steps": 52, "is_goal": true}