{"map_file_path": "grid_maps/Wiconisco/occ_grid_small.txt", "start_pos": [18, 4], "goal_pos": [57, 42], "robot_rows": [18, 18, 18, 18, 18, 18, 18, 18, 18, 18, 18, 18, 18, 18, 18, 18, 18, 18, 18, 18, 18, 19, 21, 24, 27, 30, 33, 35, 37, 40, 43, 46, 49, 52, 54, 56, 57, 57], "robot_cols": [4, 4, 4, 4, 5, 7, 10, 13, 16, 19, 21, 24, 27, 30, 33, 36, 39, 41, 42, 42, 42, 42, 42, 42, 42, 42, 42, 42, 42, 42, 42, 42, 42, 42, 42, 42, 42, 42], "robot_speeds": [0, 0, 0, 0, 1, 2, 3, 3, 3, 3, 2, 3, 3, 3, 3, 3, 3, 2, 1, 0, 0, 1, 2, 3, 3, 3, 3, 2, 2, 3, 3, 3, 3, 3, 2, 2, 1, 0], "robot_directions": [0, 0, 3, 2, 2, 2, 2, 2, 2, 2, 2, 2, 2, 2, 2, 2, 2, 2, 2, 2, 3, 3, 3, 3, 3, 3, 3, 3, 3, 3, 3, 3, 3, 3, 3, 3, 3, 3], "action_accs": [-1, 0, 0, 1, 1, 1, 0, 0, 0, -1, 1, 0, 0, 0, 1, 0, -1, -1, -1, 0, 1, 1, 1, 0, 0, 0, -1, 0, 1, 0, 0, 1, 0, -1, 0, -1, -1], "action_rots": [0, -1, -1, 0, 0, 0, 0, 0, 0, 0, 0, 0, 0, 0, 0, 0, 0, 0, 0, 1, 0, 0, 0, 0, 0, 0, 0, 0, 0, 0, 0, 0, 0, 0, 0, 0, 0], "steps": 37, "is_goal": true}