{"map_file_path": "grid_maps/Ihlen/occ_grid_small.txt", "start_pos": [67, 48], "goal_pos": [30, 91], "robot_rows": [67, 67, 67, 67, 67, 67, 67, 67, 67, 66, 64, 61, 59, 56, 53, 51, 50, 49, 49, 49, 49, 49, 49, 49, 49, 49, 49, 49, 49, 49, 49, 49, 49, 49, 48, 46, 43, 40, 37, 34, 32, 31, 30, 30, 30, 30, 30, 30, 30, 30, 30, 30, 30], "robot_cols": [48, 48, 48, 48, 49, 50, 50, 50, 50, 50, 50, 50, 50, 50, 50, 50, 50, 50, 50, 50, 51, 53, 56, 59, 62, 65, 67, 70, 73, 76, 78, 79, 79, 79, 79, 79, 79, 79, 79, 79, 79, 79, 79, 79, 79, 80, 82, 84, 87, 89, 90, 91, 91], "robot_speeds": [0, 0, 0, 0, 1, 1, 0, 0, 0, 1, 2, 3, 2, 3, 3, 2, 1, 1, 0, 0, 1, 2, 3, 3, 3, 3, 2, 3, 3, 3, 2, 1, 0, 0, 1, 2, 3, 3, 3, 3, 2, 1, 1, 0, 0, 1, 2, 2, 3, 2, 1, 1, 0], "robot_directions": [0, 0, 3, 2, 2, 2, 2, 1, 1, 1, 1, 1, 1, 1, 1, 1, 1, 1, 1, 2, 2, 2, 2, 2, 2, 2, 2, 2, 2, 2, 2, 2, 2, 1, 1, 1, 1, 1, 1, 1, 1, 1, 1, 1, 2, 2, 2, 2, 2, 2, 2, 2, 2], "action_accs": [-1, 0, 0, 1, 0, -1, 0, 0, 1, 1, 1, -1, 1, 0, -1, -1, 0, -1, 0, 1, 1, 1, 0, 0, 0, -1, 1, 0, 0, -1, -1, -1, 0, 1, 1, 1, 0, 0, 0, -1, -1, 0, -1, 0, 1, 1, 0, 1, -1, -1, 0, -1], "action_rots": [0, -1, -1, 0, 0, 0, -1, 0, 0, 0, 0, 0, 0, 0, 0, 0, 0, 0, 1, 0, 0, 0, 0, 0, 0, 0, 0, 0, 0, 0, 0, 0, -1, 0, 0, 0, 0, 0, 0, 0, 0, 0, 0, 1, 0, 0, 0, 0, 0, 0, 0, 0], "steps": 52, "is_goal": true}