{"map_file_path": "grid_maps/Ihlen/occ_grid_small.txt", "start_pos": [12, 60], "goal_pos": [64, 86], "robot_rows": [12, 12, 12, 12, 12, 12, 12, 12, 12, 12, 12, 12, 12, 12, 13, 15, 18, 21, 24, 27, 30, 33, 36, 38, 41, 44, 47, 50, 52, 54, 55, 55, 55, 55, 55, 55, 55, 55, 55, 55, 55, 56, 58, 61, 63, 64, 64, 64, 64, 64], "robot_cols": [60, 60, 60, 60, 61, 63, 66, 69, 72, 74, 76, 77, 77, 77, 77, 77, 77, 77, 77, 77, 77, 77, 77, 77, 77, 77, 77, 77, 77, 77, 77, 77, 77, 78, 80, 83, 85, 86, 87, 87, 87, 87, 87, 87, 87, 87, 87, 87, 86, 86], "robot_speeds": [0, 0, 0, 0, 1, 2, 3, 3, 3, 2, 2, 1, 0, 0, 1, 2, 3, 3, 3, 3, 3, 3, 3, 2, 3, 3, 3, 3, 2, 2, 1, 0, 0, 1, 2, 3, 2, 1, 1, 0, 0, 1, 2, 3, 2, 1, 0, 0, 1, 0], "robot_directions": [0, 0, 3, 2, 2, 2, 2, 2, 2, 2, 2, 2, 2, 3, 3, 3, 3, 3, 3, 3, 3, 3, 3, 3, 3, 3, 3, 3, 3, 3, 3, 3, 2, 2, 2, 2, 2, 2, 2, 2, 3, 3, 3, 3, 3, 3, 3, 0, 0, 0], "action_accs": [0, 0, 0, 1, 1, 1, 1, 0, -1, 0, -1, -1, 0, 1, 1, 1, 0, 0, 0, 0, 0, 0, -1, 1, 0, 0, 0, -1, 0, -1, -1, 0, 1, 1, 1, -1, -1, 0, -1, 0, 1, 1, 1, -1, -1, -1, 0, 1, -1], "action_rots": [0, -1, -1, 0, 0, 0, 0, 0, 0, 0, 0, 0, 1, 0, 0, 0, 0, 0, 0, 0, 0, 0, 0, 0, 0, 0, 0, 0, 0, 0, 0, -1, 0, 0, 0, 0, 0, 0, 0, 1, 0, 0, 0, 0, 0, 0, 1, 0, 0], "steps": 49, "is_goal": true}