{"map_file_path": "grid_maps/Wiconisco/occ_grid_small.txt", "start_pos": [21, 44], "goal_pos": [33, 89], "robot_rows": [21, 21, 22, 24, 27, 30, 32, 33, 33, 33, 33, 33, 33, 33, 33, 33, 33, 33, 33, 33, 33, 33, 33, 33, 33, 33, 33, 33, 33], "robot_cols": [44, 44, 44, 44, 44, 44, 44, 44, 44, 44, 44, 45, 47, 50, 53, 56, 59, 62, 65, 68, 71, 74, 77, 80, 83, 86, 88, 89, 89], "robot_speeds": [0, 0, 1, 2, 3, 3, 2, 1, 0, 0, 0, 1, 2, 3, 3, 3, 3, 3, 3, 3, 3, 3, 3, 3, 3, 3, 2, 1, 0], "robot_directions": [0, 3, 3, 3, 3, 3, 3, 3, 3, 3, 2, 2, 2, 2, 2, 2, 2, 2, 2, 2, 2, 2, 2, 2, 2, 2, 2, 2, 2], "action_accs": [0, 1, 1, 1, 0, -1, -1, -1, 0, 0, 1, 1, 1, 0, 0, 0, 0, 0, 0, 0, 0, 0, 0, 0, 0, -1, -1, -1], "action_rots": [-1, 0, 0, 0, 0, 0, 0, 0, 0, -1, 0, 0, 0, 0, 0, 0, 0, 0, 0, 0, 0, 0, 0, 0, 0, 0, 0, 0], "steps": 28, "is_goal": true}