{"map_file_path": "grid_maps/Wiconisco/occ_grid_small.txt", "start_pos": [10, 3], "goal_pos": [25, 60], "robot_rows": [10, 10, 10, 10, 10, 10, 10, 11, 13, 16, 19, 22, 24, 25, 25, 25, 25, 25, 25, 25, 25, 25, 25, 25, 25, 25, 25, 25, 25, 25, 25, 25, 25, 25, 25, 25, 25, 25, 25, 25, 25, 25, 25, 25, 25], "robot_cols": [3, 3, 3, 3, 4, 4, 4, 4, 4, 4, 4, 4, 4, 4, 4, 4, 5, 7, 9, 12, 15, 18, 21, 24, 27, 29, 32, 35, 38, 41, 44, 47, 50, 53, 56, 58, 59, 59, 60, 61, 61, 61, 61, 60, 60], "robot_speeds": [0, 0, 0, 0, 1, 0, 0, 1, 2, 3, 3, 3, 2, 1, 0, 0, 1, 2, 2, 3, 3, 3, 3, 3, 3, 2, 3, 3, 3, 3, 3, 3, 3, 3, 3, 2, 1, 0, 1, 1, 0, 0, 0, 1, 0], "robot_directions": [0, 0, 3, 2, 2, 2, 3, 3, 3, 3, 3, 3, 3, 3, 3, 2, 2, 2, 2, 2, 2, 2, 2, 2, 2, 2, 2, 2, 2, 2, 2, 2, 2, 2, 2, 2, 2, 2, 2, 2, 2, 3, 0, 0, 0], "action_accs": [-1, 0, 0, 1, -1, 0, 1, 1, 1, 0, 0, -1, -1, -1, 0, 1, 1, 0, 1, 0, 0, 0, 0, 0, -1, 1, 0, 1, 0, 0, 0, 0, 0, 1, -1, -1, -1, 1, 0, -1, 0, 0, 1, -1], "action_rots": [0, -1, -1, 0, 0, 1, 0, 0, 0, 0, 0, 0, 0, 0, -1, 0, 0, 0, 0, 0, 0, 0, 0, 0, 0, 0, 0, 0, 0, 0, 0, 0, 0, 0, 0, 0, 0, 0, 0, 0, 1, 1, 0, 0], "steps": 44, "is_goal": true}