{"map_file_path": "grid_maps/Ihlen/occ_grid_small.txt", "start_pos": [62, 16], "goal_pos": [68, 88], "robot_rows": [62, 62, 62, 61, 59, 58, 58, 58, 58, 58, 58, 58, 58, 58, 58, 58, 57, 55, 53, 51, 50, 50, 50, 50, 50, 50, 50, 50, 50, 50, 50, 50, 50, 50, 50, 50, 50, 50, 50, 50, 50, 50, 50, 50, 50, 50, 50, 50, 51, 53, 56, 59, 62, 65, 67, 68, 68], "robot_cols": [16, 16, 16, 16, 16, 16, 16, 16, 17, 19, 22, 25, 27, 28, 28, 28, 28, 28, 28, 28, 28, 28, 28, 29, 31, 34, 37, 40, 43, 46, 49, 52, 55, 58, 61, 64, 67, 69, 72, 75, 78, 81, 83, 85, 87, 88, 88, 88, 88, 88, 88, 88, 88, 88, 88, 88, 88], "robot_speeds": [0, 0, 0, 1, 2, 1, 0, 0, 1, 2, 3, 3, 2, 1, 0, 0, 1, 2, 2, 2, 1, 0, 0, 1, 2, 3, 3, 3, 3, 3, 3, 3, 3, 3, 3, 3, 3, 2, 3, 3, 3, 3, 2, 2, 2, 1, 0, 0, 1, 2, 3, 3, 3, 3, 2, 1, 0], "robot_directions": [0, 0, 1, 1, 1, 1, 1, 2, 2, 2, 2, 2, 2, 2, 2, 1, 1, 1, 1, 1, 1, 1, 2, 2, 2, 2, 2, 2, 2, 2, 2, 2, 2, 2, 2, 2, 2, 2, 2, 2, 2, 2, 2, 2, 2, 2, 2, 3, 3, 3, 3, 3, 3, 3, 3, 3, 3], "action_accs": [-1, 0, 1, 1, -1, -1, 0, 1, 1, 1, 0, -1, -1, -1, 0, 1, 1, 0, 0, -1, -1, 0, 1, 1, 1, 0, 0, 1, 0, 0, 1, 0, 0, 0, 0, 0, -1, 1, 0, 0, 0, -1, 0, 0, -1, -1, 0, 1, 1, 1, 0, 0, 0, -1, -1, -1], "action_rots": [0, 1, 0, 0, 0, 0, 1, 0, 0, 0, 0, 0, 0, 0, -1, 0, 0, 0, 0, 0, 0, 1, 0, 0, 0, 0, 0, 0, 0, 0, 0, 0, 0, 0, 0, 0, 0, 0, 0, 0, 0, 0, 0, 0, 0, 0, 1, 0, 0, 0, 0, 0, 0, 0, 0, 0], "steps": 56, "is_goal": true}