{"map_file_path": "grid_maps/Wiconisco/occ_grid_small.txt", "start_pos": [5, 88], "goal_pos": [28, 20], "robot_rows": [5, 5, 5, 5, 6, 7, 9, 12, 15, 18, 21, 24, 26, 27, 28, 28, 28, 28, 28, 28, 28, 28, 28, 28, 28, 28, 28, 28, 28, 28, 28, 28, 28, 28, 28, 28, 28, 28, 28, 28, 28, 28, 28, 28], "robot_cols": [88, 88, 88, 88, 88, 88, 88, 88, 88, 88, 88, 88, 88, 88, 88, 88, 88, 87, 85, 82, 79, 76, 73, 70, 67, 65, 62, 60, 57, 54, 52, 49, 46, 43, 40, 37, 34, 31, 28, 25, 23, 21, 20, 20], "robot_speeds": [0, 0, 0, 0, 1, 1, 2, 3, 3, 3, 3, 3, 2, 1, 1, 0, 0, 1, 2, 3, 3, 3, 3, 3, 3, 2, 3, 2, 3, 3, 2, 3, 3, 3, 3, 3, 3, 3, 3, 3, 2, 2, 1, 0], "robot_directions": [0, 3, 3, 3, 3, 3, 3, 3, 3, 3, 3, 3, 3, 3, 3, 3, 0, 0, 0, 0, 0, 0, 0, 0, 0, 0, 0, 0, 0, 0, 0, 0, 0, 0, 0, 0, 0, 0, 0, 0, 0, 0, 0, 0], "action_accs": [0, 0, 0, 1, 0, 1, 1, 0, 0, 0, 0, -1, -1, 0, -1, 0, 1, 1, 1, 1, 0, 0, 0, 0, -1, 1, -1, 1, 0, -1, 1, 0, 0, 0, 1, 0, 0, 0, 0, -1, 0, -1, -1], "action_rots": [-1, 0, 0, 0, 0, 0, 0, 0, 0, 0, 0, 0, 0, 0, 0, 1, 0, 0, 0, 0, 0, 0, 0, 0, 0, 0, 0, 0, 0, 0, 0, 0, 0, 0, 0, 0, 0, 0, 0, 0, 0, 0, 0], "steps": 43, "is_goal": true}