{"map_file_path": "grid_maps/Wiconisco/occ_grid_small.txt", "start_pos": [15, 7], "goal_pos": [80, 30], "robot_rows": [15, 15, 15, 15, 15, 15, 15, 15, 15, 15, 15, 15, 15, 15, 15, 15, 16, 17, 19, 22, 25, 28, 31, 34, 37, 40, 43, 46, 49, 52, 55, 58, 61, 64, 67, 70, 73, 76, 78, 79, 79, 80, 80, 80, 80, 80, 80, 80, 80], "robot_cols": [7, 7, 7, 7, 7, 8, 10, 13, 16, 19, 22, 24, 25, 26, 26, 26, 26, 26, 26, 26, 26, 26, 26, 26, 26, 26, 26, 26, 26, 26, 26, 26, 26, 26, 26, 26, 26, 26, 26, 26, 26, 26, 26, 26, 27, 28, 29, 30, 30], "robot_speeds": [0, 0, 0, 0, 0, 1, 2, 3, 3, 3, 3, 2, 1, 1, 0, 0, 1, 1, 2, 3, 3, 3, 3, 3, 3, 3, 3, 3, 3, 3, 3, 3, 3, 3, 3, 3, 3, 3, 2, 1, 0, 1, 0, 0, 1, 1, 1, 1, 0], "robot_directions": [0, 0, 3, 3, 2, 2, 2, 2, 2, 2, 2, 2, 2, 2, 2, 3, 3, 3, 3, 3, 3, 3, 3, 3, 3, 3, 3, 3, 3, 3, 3, 3, 3, 3, 3, 3, 3, 3, 3, 3, 3, 3, 3, 2, 2, 2, 2, 2, 2], "action_accs": [-1, 0, 0, 0, 1, 1, 1, 0, 0, 0, -1, -1, 0, -1, 0, 1, 0, 1, 1, 0, 0, 0, 0, 0, 0, 0, 0, 0, 0, 0, 0, 0, 0, 0, 0, 0, 0, -1, -1, -1, 1, -1, 0, 1, 0, 0, 0, -1], "action_rots": [0, -1, 0, -1, 0, 0, 0, 0, 0, 0, 0, 0, 0, 0, 1, 0, 0, 0, 0, 0, 0, 0, 0, 0, 0, 0, 0, 0, 0, 0, 0, 0, 0, 0, 0, 0, 0, 0, 0, 0, 0, 0, -1, 0, 0, 0, 0, 0], "steps": 48, "is_goal": true}