{"map_file_path": "grid_maps/Wiconisco/occ_grid_small.txt", "start_pos": [90, 39], "goal_pos": [38, 35], "robot_rows": [90, 90, 90, 89, 88, 86, 83, 80, 77, 74, 71, 68, 65, 62, 59, 56, 54, 51, 48, 45, 42, 40, 38, 37, 37, 37, 37, 37, 37, 37, 37, 38, 38], "robot_cols": [39, 39, 39, 39, 39, 39, 39, 39, 39, 39, 39, 39, 39, 39, 39, 39, 39, 39, 39, 39, 39, 39, 39, 39, 39, 39, 38, 36, 35, 35, 35, 35, 35], "robot_speeds": [0, 0, 0, 1, 1, 2, 3, 3, 3, 3, 3, 3, 3, 3, 3, 3, 2, 3, 3, 3, 3, 2, 2, 1, 0, 0, 1, 2, 1, 0, 0, 1, 0], "robot_directions": [0, 0, 1, 1, 1, 1, 1, 1, 1, 1, 1, 1, 1, 1, 1, 1, 1, 1, 1, 1, 1, 1, 1, 1, 1, 0, 0, 0, 0, 0, 3, 3, 3], "action_accs": [-1, 0, 1, 0, 1, 1, 0, 0, 0, 0, 0, 0, 0, 0, 0, -1, 1, 0, 0, 0, -1, 0, -1, -1, 0, 1, 1, -1, -1, 0, 1, -1], "action_rots": [0, 1, 0, 0, 0, 0, 0, 0, 0, 0, 0, 0, 0, 0, 0, 0, 0, 0, 0, 0, 0, 0, 0, 0, -1, 0, 0, 0, 0, -1, 0, 0], "steps": 32, "is_goal": true}