{"map_file_path": "grid_maps/Wiconisco/occ_grid_small.txt", "start_pos": [80, 34], "goal_pos": [27, 35], "robot_rows": [80, 80, 80, 80, 80, 80, 80, 80, 80, 79, 78, 76, 73, 70, 67, 64, 61, 58, 55, 52, 49, 46, 43, 40, 37, 34, 31, 29, 28, 27, 27, 27, 27, 27, 27, 27, 27, 27, 27, 27, 27, 27, 27], "robot_cols": [34, 34, 34, 35, 37, 38, 39, 39, 39, 39, 39, 39, 39, 39, 39, 39, 39, 39, 39, 39, 39, 39, 39, 39, 39, 39, 39, 39, 39, 39, 39, 39, 38, 36, 34, 33, 33, 33, 33, 33, 34, 35, 35], "robot_speeds": [0, 0, 0, 1, 2, 1, 1, 0, 0, 1, 1, 2, 3, 3, 3, 3, 3, 3, 3, 3, 3, 3, 3, 3, 3, 3, 3, 2, 1, 1, 0, 0, 1, 2, 2, 1, 0, 0, 0, 0, 1, 1, 0], "robot_directions": [0, 3, 2, 2, 2, 2, 2, 2, 1, 1, 1, 1, 1, 1, 1, 1, 1, 1, 1, 1, 1, 1, 1, 1, 1, 1, 1, 1, 1, 1, 1, 0, 0, 0, 0, 0, 0, 0, 3, 2, 2, 2, 2], "action_accs": [0, 0, 1, 1, -1, 0, -1, 0, 1, 0, 1, 1, 0, 0, 0, 0, 0, 0, 0, 0, 1, 0, 0, 0, 0, 0, -1, -1, 0, -1, 0, 1, 1, 0, -1, -1, 0, 0, 0, 1, 0, -1], "action_rots": [-1, -1, 0, 0, 0, 0, 0, -1, 0, 0, 0, 0, 0, 0, 0, 0, 0, 0, 0, 0, 0, 0, 0, 0, 0, 0, 0, 0, 0, 0, -1, 0, 0, 0, 0, 0, 0, -1, -1, 0, 0, 0], "steps": 42, "is_goal": true}