{"map_file_path": "grid_maps/Ihlen/occ_grid_small.txt", "start_pos": [17, 34], "goal_pos": [81, 40], "robot_rows": [17, 17, 17, 16, 16, 16, 16, 16, 16, 16, 16, 16, 16, 16, 16, 16, 16, 17, 19, 22, 25, 28, 31, 34, 37, 40, 43, 46, 49, 52, 55, 58, 61, 64, 67, 70, 73, 76, 78, 81, 83, 84, 84, 84, 84, 84, 84, 84, 84, 84, 84, 84, 83, 82, 81, 81], "robot_cols": [34, 34, 34, 34, 34, 34, 35, 37, 40, 43, 46, 48, 49, 50, 50, 50, 50, 50, 50, 50, 50, 50, 50, 50, 50, 50, 50, 50, 50, 50, 50, 50, 50, 50, 50, 50, 50, 50, 50, 50, 50, 50, 50, 50, 49, 47, 44, 42, 41, 40, 40, 40, 40, 40, 40, 40], "robot_speeds": [0, 0, 0, 1, 0, 0, 1, 2, 3, 3, 3, 2, 1, 1, 0, 0, 0, 1, 2, 3, 3, 3, 3, 3, 3, 3, 3, 3, 3, 3, 3, 3, 3, 3, 3, 3, 3, 3, 2, 3, 2, 1, 0, 0, 1, 2, 3, 2, 1, 1, 0, 0, 1, 1, 1, 0], "robot_directions": [0, 0, 1, 1, 1, 2, 2, 2, 2, 2, 2, 2, 2, 2, 2, 3, 3, 3, 3, 3, 3, 3, 3, 3, 3, 3, 3, 3, 3, 3, 3, 3, 3, 3, 3, 3, 3, 3, 3, 3, 3, 3, 3, 0, 0, 0, 0, 0, 0, 0, 0, 1, 1, 1, 1, 1], "action_accs": [-1, 0, 1, -1, 0, 1, 1, 1, 0, 0, -1, -1, 0, -1, 0, 0, 1, 1, 1, 0, 0, 1, 0, 0, 0, 0, 0, 0, 1, 1, 0, 1, 0, 0, 0, 0, 0, -1, 1, -1, -1, -1, 0, 1, 1, 1, -1, -1, 0, -1, 0, 1, 0, 0, -1], "action_rots": [0, 1, 0, 0, 1, 0, 0, 0, 0, 0, 0, 0, 0, 0, 1, 0, 0, 0, 0, 0, 0, 0, 0, 0, 0, 0, 0, 0, 0, 0, 0, 0, 0, 0, 0, 0, 0, 0, 0, 0, 0, 0, 1, 0, 0, 0, 0, 0, 0, 0, 1, 0, 0, 0, 0], "steps": 55, "is_goal": true}