{"map_file_path": "grid_maps/Wiconisco/occ_grid_small.txt", "start_pos": [9, 66], "goal_pos": [34, 10], "robot_rows": [9, 9, 9, 9, 9, 9, 9, 9, 9, 9, 9, 9, 9, 9, 9, 9, 9, 9, 9, 9, 9], "robot_cols": [66, 65, 63, 61, 58, 55, 52, 49, 46, 43, 40, 41, 40, 39, 40, 39, 40, 39, 40, 39, 40], "robot_speeds": [0, 1, 2, 2, 3, 3, 3, 3, 3, 3, 3, 0, 1, 1, 0, 1, 0, 1, 0, 1, 0], "robot_directions": [0, 0, 0, 0, 0, 0, 0, 0, 0, 0, 0, 0, 0, 0, 0, 0, 0, 0, 0, 0, 0], "action_accs": [1, 1, 0, 1, 0, 0, 0, 0, 0, 0, 0, 1, 0, 1, 1, 1, 1, 1, 1, 1], "action_rots": [0, 0, 0, 0, 0, 0, 0, 0, 0, 0, 0, 0, 0, 0, 0, 0, 0, 0, 0, 0], "steps": 20, "is_goal": false}