{"map_file_path": "grid_maps/Ihlen/occ_grid_small.txt", "start_pos": [56, 32], "goal_pos": [2, 55], "robot_rows": [56, 56, 56, 55, 53, 51, 49, 48, 47, 47, 47, 47, 47, 47, 47, 47, 47, 47, 47, 47, 47, 47, 47, 47, 47, 47, 47, 47, 47, 47, 46, 44, 41, 38, 35, 32, 29, 26, 23, 20, 17, 14, 11, 8, 6, 4, 3, 2, 2, 2, 2, 2], "robot_cols": [32, 32, 32, 32, 32, 32, 32, 32, 32, 32, 32, 33, 34, 36, 39, 42, 44, 47, 50, 53, 55, 56, 56, 56, 56, 55, 55, 54, 54, 54, 54, 54, 54, 54, 54, 54, 54, 54, 54, 54, 54, 54, 54, 54, 54, 54, 54, 54, 54, 54, 55, 55], "robot_speeds": [0, 0, 0, 1, 2, 2, 2, 1, 1, 0, 0, 1, 1, 2, 3, 3, 2, 3, 3, 3, 2, 1, 0, 0, 0, 1, 0, 1, 0, 0, 1, 2, 3, 3, 3, 3, 3, 3, 3, 3, 3, 3, 3, 3, 2, 2, 1, 1, 0, 0, 1, 0], "robot_directions": [0, 0, 1, 1, 1, 1, 1, 1, 1, 1, 2, 2, 2, 2, 2, 2, 2, 2, 2, 2, 2, 2, 2, 3, 0, 0, 0, 0, 0, 1, 1, 1, 1, 1, 1, 1, 1, 1, 1, 1, 1, 1, 1, 1, 1, 1, 1, 1, 1, 2, 2, 2], "action_accs": [-1, 0, 1, 1, 0, 0, -1, 0, -1, 0, 1, 0, 1, 1, 0, -1, 1, 0, 0, -1, -1, -1, 0, 0, 1, -1, 1, -1, 0, 1, 1, 1, 0, 0, 0, 0, 0, 0, 0, 0, 0, 0, 0, -1, 0, -1, 0, -1, 0, 1, -1], "action_rots": [0, 1, 0, 0, 0, 0, 0, 0, 0, 1, 0, 0, 0, 0, 0, 0, 0, 0, 0, 0, 0, 0, 1, 1, 0, 0, 0, 0, 1, 0, 0, 0, 0, 0, 0, 0, 0, 0, 0, 0, 0, 0, 0, 0, 0, 0, 0, 0, 1, 0, 0], "steps": 51, "is_goal": true}