{"map_file_path": "grid_maps/Wiconisco/occ_grid_small.txt", "start_pos": [59, 46], "goal_pos": [36, 4], "robot_rows": [59, 59, 59, 59, 59, 59, 59, 59, 59, 58, 56, 54, 52, 49, 46, 43, 40, 37, 35, 33, 32, 31, 31, 31, 31, 31, 31, 31, 31, 31, 31, 31, 31, 31, 31, 31, 31, 31, 31, 31, 31, 32, 34, 35, 36, 36], "robot_cols": [46, 46, 45, 43, 40, 41, 40, 40, 40, 40, 40, 40, 40, 40, 40, 40, 40, 40, 40, 40, 40, 40, 40, 40, 39, 37, 34, 31, 28, 25, 22, 19, 16, 13, 10, 7, 5, 4, 4, 4, 4, 4, 4, 4, 4, 4], "robot_speeds": [0, 0, 1, 2, 3, 0, 1, 0, 0, 1, 2, 2, 2, 3, 3, 3, 3, 3, 2, 2, 1, 1, 0, 0, 1, 2, 3, 3, 3, 3, 3, 3, 3, 3, 3, 3, 2, 1, 0, 0, 0, 1, 2, 1, 1, 0], "robot_directions": [0, 0, 0, 0, 0, 0, 0, 0, 1, 1, 1, 1, 1, 1, 1, 1, 1, 1, 1, 1, 1, 1, 1, 0, 0, 0, 0, 0, 0, 0, 0, 0, 0, 0, 0, 0, 0, 0, 0, 3, 3, 3, 3, 3, 3, 3], "action_accs": [-1, 1, 1, 1, 0, 1, -1, 0, 1, 1, 0, 0, 1, 0, 0, 0, 0, -1, 0, -1, 0, -1, 0, 1, 1, 1, 0, 1, 0, 0, 0, 0, 1, 0, 0, -1, -1, -1, 0, 0, 1, 1, -1, 0, -1], "action_rots": [0, 0, 0, 0, 0, 0, 0, 1, 0, 0, 0, 0, 0, 0, 0, 0, 0, 0, 0, 0, 0, 0, -1, 0, 0, 0, 0, 0, 0, 0, 0, 0, 0, 0, 0, 0, 0, 0, -1, 0, 0, 0, 0, 0, 0], "steps": 45, "is_goal": true}