{"map_file_path": "grid_maps/Wiconisco/occ_grid_small.txt", "start_pos": [13, 7], "goal_pos": [65, 42], "robot_rows": [13, 13, 13, 14, 16, 17, 18, 18, 18, 18, 18, 18, 18, 18, 18, 18, 18, 18, 18, 18, 18, 18, 18, 18, 18, 18, 18, 18, 18, 18, 18, 18, 18, 18, 19, 21, 24, 27, 30, 32, 35, 38, 41, 44, 47, 50, 53, 56, 59, 62, 65, 67, 68, 68, 68, 68, 68, 67, 66, 65, 65], "robot_cols": [7, 7, 7, 7, 7, 7, 7, 7, 7, 8, 10, 13, 16, 18, 21, 24, 27, 30, 33, 36, 39, 41, 43, 44, 44, 44, 44, 44, 44, 43, 42, 42, 42, 42, 42, 42, 42, 42, 42, 42, 42, 42, 42, 42, 42, 42, 42, 42, 42, 42, 42, 42, 42, 42, 42, 42, 42, 42, 42, 42, 42], "robot_speeds": [0, 0, 0, 1, 2, 1, 1, 0, 0, 1, 2, 3, 3, 2, 3, 3, 3, 3, 3, 3, 3, 2, 2, 1, 0, 0, 0, 0, 0, 1, 1, 0, 0, 0, 1, 2, 3, 3, 3, 2, 3, 3, 3, 3, 3, 3, 3, 3, 3, 3, 3, 2, 1, 0, 0, 0, 0, 1, 1, 1, 0], "robot_directions": [0, 0, 3, 3, 3, 3, 3, 3, 2, 2, 2, 2, 2, 2, 2, 2, 2, 2, 2, 2, 2, 2, 2, 2, 2, 2, 3, 0, 0, 0, 0, 0, 3, 3, 3, 3, 3, 3, 3, 3, 3, 3, 3, 3, 3, 3, 3, 3, 3, 3, 3, 3, 3, 3, 3, 0, 1, 1, 1, 1, 1], "action_accs": [-1, 0, 1, 1, -1, 0, -1, 0, 1, 1, 1, 0, -1, 1, 0, 0, 0, 0, 0, 0, -1, 0, -1, -1, 0, 0, 0, 0, 1, 0, -1, 0, 0, 1, 1, 1, 0, 0, -1, 1, 0, 0, 0, 0, 0, 0, 0, 0, 0, 0, -1, -1, -1, 0, 0, 0, 1, 0, 0, -1], "action_rots": [0, -1, 0, 0, 0, 0, 0, -1, 0, 0, 0, 0, 0, 0, 0, 0, 0, 0, 0, 0, 0, 0, 0, 0, 0, 1, 1, 0, 0, 0, 0, -1, 0, 0, 0, 0, 0, 0, 0, 0, 0, 0, 0, 0, 0, 0, 0, 0, 0, 0, 0, 0, 0, 0, 1, 1, 0, 0, 0, 0], "steps": 60, "is_goal": true}