{"map_file_path": "grid_maps/Wiconisco/occ_grid_small.txt", "start_pos": [12, 2], "goal_pos": [71, 19], "robot_rows": [12, 12, 12, 12, 12, 12, 12, 12, 12, 12, 12, 12, 12, 13, 15, 18, 21, 24, 27, 30, 33, 36, 39, 42, 45, 48, 51, 54, 57, 60, 63, 65, 68, 70, 71, 71, 71, 71, 71, 71, 71, 71], "robot_cols": [2, 2, 2, 2, 3, 5, 8, 10, 12, 13, 14, 14, 14, 14, 14, 14, 14, 14, 14, 14, 14, 14, 14, 14, 14, 14, 14, 14, 14, 14, 14, 14, 14, 14, 14, 14, 14, 15, 17, 18, 19, 19], "robot_speeds": [0, 0, 0, 0, 1, 2, 3, 2, 2, 1, 1, 0, 0, 1, 2, 3, 3, 3, 3, 3, 3, 3, 3, 3, 3, 3, 3, 3, 3, 3, 3, 2, 3, 2, 1, 0, 0, 1, 2, 1, 1, 0], "robot_directions": [0, 0, 3, 2, 2, 2, 2, 2, 2, 2, 2, 2, 3, 3, 3, 3, 3, 3, 3, 3, 3, 3, 3, 3, 3, 3, 3, 3, 3, 3, 3, 3, 3, 3, 3, 3, 2, 2, 2, 2, 2, 2], "action_accs": [-1, 0, 0, 1, 1, 1, -1, 0, -1, 0, -1, 0, 1, 1, 1, 0, 0, 0, 0, 0, 0, 0, 0, 0, 0, 0, 0, 0, 0, 0, -1, 1, -1, -1, -1, 0, 1, 1, -1, 0, -1], "action_rots": [0, -1, -1, 0, 0, 0, 0, 0, 0, 0, 0, 1, 0, 0, 0, 0, 0, 0, 0, 0, 0, 0, 0, 0, 0, 0, 0, 0, 0, 0, 0, 0, 0, 0, 0, -1, 0, 0, 0, 0, 0], "steps": 41, "is_goal": true}