{"map_file_path": "grid_maps/Wiconisco/occ_grid_small.txt", "start_pos": [2, 7], "goal_pos": [39, 88], "robot_rows": [2, 2, 2, 3, 5, 8, 11, 14, 17, 20, 23, 26, 29, 31, 32, 32, 33, 33, 33, 33, 33, 33, 33, 33, 33, 33, 33, 33, 33, 33, 33, 33, 33, 33, 33, 33, 33, 33, 33, 33, 33, 33, 33, 33, 33, 33, 33, 33, 33, 33, 33, 33, 34, 36, 38, 39, 39, 39, 39, 39], "robot_cols": [7, 7, 7, 7, 7, 7, 7, 7, 7, 7, 7, 7, 7, 7, 7, 7, 7, 7, 7, 8, 10, 13, 16, 19, 22, 25, 28, 30, 33, 36, 39, 42, 45, 48, 51, 54, 57, 60, 63, 66, 68, 70, 73, 76, 79, 82, 85, 87, 88, 89, 89, 89, 89, 89, 89, 89, 89, 89, 88, 88], "robot_speeds": [0, 0, 0, 1, 2, 3, 3, 3, 3, 3, 3, 3, 3, 2, 1, 0, 1, 0, 0, 1, 2, 3, 3, 3, 3, 3, 3, 2, 3, 3, 3, 3, 3, 3, 3, 3, 3, 3, 3, 3, 2, 2, 3, 3, 3, 3, 3, 2, 1, 1, 0, 0, 1, 2, 2, 1, 0, 0, 1, 0], "robot_directions": [0, 0, 3, 3, 3, 3, 3, 3, 3, 3, 3, 3, 3, 3, 3, 3, 3, 3, 2, 2, 2, 2, 2, 2, 2, 2, 2, 2, 2, 2, 2, 2, 2, 2, 2, 2, 2, 2, 2, 2, 2, 2, 2, 2, 2, 2, 2, 2, 2, 2, 2, 3, 3, 3, 3, 3, 3, 0, 0, 0], "action_accs": [-1, 0, 1, 1, 1, 1, 0, 0, 0, 0, 0, 0, -1, -1, -1, 1, -1, 0, 1, 1, 1, 0, 0, 0, 0, 0, -1, 1, 0, 0, 0, 0, 0, 0, 0, 1, 0, 0, 0, -1, 0, 1, 0, 0, 0, 0, -1, -1, 0, -1, 0, 1, 1, 0, -1, -1, 0, 1, -1], "action_rots": [0, -1, 0, 0, 0, 0, 0, 0, 0, 0, 0, 0, 0, 0, 0, 0, 0, -1, 0, 0, 0, 0, 0, 0, 0, 0, 0, 0, 0, 0, 0, 0, 0, 0, 0, 0, 0, 0, 0, 0, 0, 0, 0, 0, 0, 0, 0, 0, 0, 0, 1, 0, 0, 0, 0, 0, 1, 0, 0], "steps": 59, "is_goal": true}