{"map_file_path": "grid_maps/Ihlen/occ_grid_small.txt", "start_pos": [47, 84], "goal_pos": [80, 24], "robot_rows": [47, 47, 47, 48, 50, 52, 53, 53, 53, 53, 53, 53, 53, 53, 53, 53, 53, 53, 53, 53, 53, 53, 53, 53, 53, 53, 54, 56, 59, 61, 64, 67, 70, 73, 76, 78, 79, 80, 80, 80, 80, 80, 80, 80, 80, 80, 80, 80, 80, 80, 80, 80], "robot_cols": [84, 84, 84, 84, 84, 84, 84, 84, 84, 83, 81, 79, 76, 74, 71, 68, 65, 62, 59, 56, 54, 52, 51, 51, 51, 51, 51, 51, 51, 51, 51, 51, 51, 51, 51, 51, 51, 51, 51, 51, 50, 48, 45, 42, 39, 36, 33, 30, 27, 25, 24, 24], "robot_speeds": [0, 0, 0, 1, 2, 2, 1, 0, 0, 1, 2, 2, 3, 2, 3, 3, 3, 3, 3, 3, 2, 2, 1, 0, 0, 0, 1, 2, 3, 2, 3, 3, 3, 3, 3, 2, 1, 1, 0, 0, 1, 2, 3, 3, 3, 3, 3, 3, 3, 2, 1, 0], "robot_directions": [0, 0, 3, 3, 3, 3, 3, 3, 0, 0, 0, 0, 0, 0, 0, 0, 0, 0, 0, 0, 0, 0, 0, 0, 0, 3, 3, 3, 3, 3, 3, 3, 3, 3, 3, 3, 3, 3, 3, 0, 0, 0, 0, 0, 0, 0, 0, 0, 0, 0, 0, 0], "action_accs": [-1, 0, 1, 1, 0, -1, -1, 0, 1, 1, 0, 1, -1, 1, 0, 0, 0, 0, 0, -1, 0, -1, -1, 0, 0, 1, 1, 1, -1, 1, 0, 0, 0, 0, -1, -1, 0, -1, 0, 1, 1, 1, 0, 0, 0, 1, 0, 0, -1, -1, -1], "action_rots": [0, -1, 0, 0, 0, 0, 0, 1, 0, 0, 0, 0, 0, 0, 0, 0, 0, 0, 0, 0, 0, 0, 0, 0, -1, 0, 0, 0, 0, 0, 0, 0, 0, 0, 0, 0, 0, 0, 1, 0, 0, 0, 0, 0, 0, 0, 0, 0, 0, 0, 0], "steps": 51, "is_goal": true}