{"map_file_path": "grid_maps/Ihlen/occ_grid_small.txt", "start_pos": [84, 14], "goal_pos": [49, 39], "robot_rows": [84, 84, 84, 83, 82, 82, 82, 82, 82, 82, 82, 82, 82, 82, 82, 82, 82, 82, 82, 82, 82, 82, 82, 81, 79, 77, 74, 71, 68, 65, 62, 59, 56, 53, 51, 49, 48, 47, 47, 47, 47, 47, 47, 47, 47, 47, 47, 47, 47, 48, 49, 49], "robot_cols": [14, 14, 14, 14, 14, 14, 14, 15, 17, 20, 23, 26, 29, 32, 35, 38, 41, 44, 46, 48, 49, 49, 49, 49, 49, 49, 49, 49, 49, 49, 49, 49, 49, 49, 49, 49, 49, 49, 49, 49, 49, 48, 46, 43, 41, 40, 39, 39, 39, 39, 39, 39], "robot_speeds": [0, 0, 0, 1, 1, 0, 0, 1, 2, 3, 3, 3, 3, 3, 3, 3, 3, 3, 2, 2, 1, 0, 0, 1, 2, 2, 3, 3, 3, 3, 3, 3, 3, 3, 2, 2, 1, 1, 0, 0, 0, 1, 2, 3, 2, 1, 1, 0, 0, 1, 1, 0], "robot_directions": [0, 0, 1, 1, 1, 1, 2, 2, 2, 2, 2, 2, 2, 2, 2, 2, 2, 2, 2, 2, 2, 2, 1, 1, 1, 1, 1, 1, 1, 1, 1, 1, 1, 1, 1, 1, 1, 1, 1, 1, 0, 0, 0, 0, 0, 0, 0, 0, 3, 3, 3, 3], "action_accs": [-1, 0, 1, 0, -1, 0, 1, 1, 1, 0, 0, 0, 0, 1, 0, 0, 0, -1, 0, -1, -1, 0, 1, 1, 0, 1, 0, 0, 0, 0, 0, 0, 0, -1, 0, -1, 0, -1, 0, 0, 1, 1, 1, -1, -1, 0, -1, 0, 1, 0, -1], "action_rots": [0, 1, 0, 0, 0, 1, 0, 0, 0, 0, 0, 0, 0, 0, 0, 0, 0, 0, 0, 0, 0, -1, 0, 0, 0, 0, 0, 0, 0, 0, 0, 0, 0, 0, 0, 0, 0, 0, 0, -1, 0, 0, 0, 0, 0, 0, 0, -1, 0, 0, 0], "steps": 51, "is_goal": true}