{"map_file_path": "grid_maps/Wiconisco/occ_grid_small.txt", "start_pos": [21, 79], "goal_pos": [55, 63], "robot_rows": [21, 21, 21, 21, 21, 21, 21, 21, 21, 21, 21, 21, 21, 21, 21, 21, 21, 22, 24, 27, 30, 33, 36, 39, 42, 45, 48, 50, 52, 52, 53, 53, 53, 53, 53, 53, 53, 53, 53, 53, 53, 53, 53, 53, 54, 55, 56, 56, 56, 56, 55, 55], "robot_cols": [79, 78, 77, 75, 73, 70, 67, 64, 61, 58, 55, 52, 50, 48, 47, 47, 47, 47, 47, 47, 47, 47, 47, 47, 47, 47, 47, 47, 47, 47, 47, 47, 47, 48, 49, 51, 53, 56, 59, 61, 62, 63, 63, 63, 63, 63, 63, 63, 63, 63, 63, 63], "robot_speeds": [0, 1, 1, 2, 2, 3, 3, 3, 3, 3, 3, 3, 2, 2, 1, 0, 0, 1, 2, 3, 3, 3, 3, 3, 3, 3, 3, 2, 2, 0, 1, 0, 0, 1, 1, 2, 2, 3, 3, 2, 1, 1, 0, 0, 1, 1, 1, 0, 0, 0, 1, 0], "robot_directions": [0, 0, 0, 0, 0, 0, 0, 0, 0, 0, 0, 0, 0, 0, 0, 0, 3, 3, 3, 3, 3, 3, 3, 3, 3, 3, 3, 3, 3, 3, 3, 3, 2, 2, 2, 2, 2, 2, 2, 2, 2, 2, 2, 3, 3, 3, 3, 3, 0, 1, 1, 1], "action_accs": [1, 0, 1, 0, 1, 0, 0, 0, 0, 0, 1, -1, 0, -1, -1, 0, 1, 1, 1, 0, 0, 0, 0, 0, 0, 0, -1, 0, 0, 1, -1, 0, 1, 0, 1, 0, 1, 0, -1, -1, 0, -1, 0, 1, 0, 0, -1, 0, 0, 1, -1], "action_rots": [0, 0, 0, 0, 0, 0, 0, 0, 0, 0, 0, 0, 0, 0, 0, -1, 0, 0, 0, 0, 0, 0, 0, 0, 0, 0, 0, 0, 0, 0, 0, -1, 0, 0, 0, 0, 0, 0, 0, 0, 0, 0, 1, 0, 0, 0, 0, 1, 1, 0, 0], "steps": 51, "is_goal": true}