{"map_file_path": "grid_maps/Ihlen/occ_grid_small.txt", "start_pos": [3, 52], "goal_pos": [62, 51], "robot_rows": [3, 3, 3, 3, 3, 3, 4, 6, 9, 12, 15, 18, 21, 24, 26, 29, 32, 35, 38, 41, 44, 47, 50, 53, 56, 59, 61, 62, 62, 62, 62, 62, 62, 62, 62, 62, 62], "robot_cols": [52, 52, 51, 50, 50, 50, 50, 50, 50, 50, 50, 50, 50, 50, 50, 50, 50, 50, 50, 50, 50, 50, 50, 50, 50, 50, 50, 50, 50, 50, 51, 52, 52, 52, 52, 51, 51], "robot_speeds": [0, 0, 1, 1, 0, 0, 1, 2, 3, 3, 3, 3, 3, 3, 2, 3, 3, 3, 3, 3, 3, 3, 3, 3, 3, 3, 2, 1, 0, 0, 1, 1, 0, 0, 0, 1, 0], "robot_directions": [0, 0, 0, 0, 0, 3, 3, 3, 3, 3, 3, 3, 3, 3, 3, 3, 3, 3, 3, 3, 3, 3, 3, 3, 3, 3, 3, 3, 3, 2, 2, 2, 2, 3, 0, 0, 0], "action_accs": [-1, 1, 0, -1, 0, 1, 1, 1, 0, 0, 0, 0, 0, -1, 1, 0, 0, 0, 0, 0, 0, 0, 0, 0, 0, -1, -1, -1, 0, 1, 0, -1, 0, 0, 1, -1], "action_rots": [0, 0, 0, 0, -1, 0, 0, 0, 0, 0, 0, 0, 0, 0, 0, 0, 0, 0, 0, 0, 0, 0, 0, 0, 0, 0, 0, 0, -1, 0, 0, 0, 1, 1, 0, 0], "steps": 36, "is_goal": true}