{"map_file_path": "grid_maps/Wiconisco/occ_grid_small.txt", "start_pos": [3, 70], "goal_pos": [48, 24], "robot_rows": [3, 3, 3, 4, 6, 9, 12, 15, 18, 21, 24, 27, 30, 32, 33, 33, 33, 33, 33, 33, 33, 33, 33, 33, 33, 33, 33, 33, 33, 33, 33, 33, 33, 33, 33, 33, 33, 33, 34, 36, 39, 42, 45, 47, 48, 48], "robot_cols": [70, 70, 70, 70, 70, 70, 70, 70, 70, 70, 70, 70, 70, 70, 70, 70, 70, 70, 69, 67, 64, 61, 58, 55, 52, 49, 46, 43, 40, 37, 34, 31, 28, 26, 25, 24, 24, 24, 24, 24, 24, 24, 24, 24, 24, 24], "robot_speeds": [0, 0, 0, 1, 2, 3, 3, 3, 3, 3, 3, 3, 3, 2, 1, 0, 0, 0, 1, 2, 3, 3, 3, 3, 3, 3, 3, 3, 3, 3, 3, 3, 3, 2, 1, 1, 0, 0, 1, 2, 3, 3, 3, 2, 1, 0], "robot_directions": [0, 0, 3, 3, 3, 3, 3, 3, 3, 3, 3, 3, 3, 3, 3, 3, 0, 0, 0, 0, 0, 0, 0, 0, 0, 0, 0, 0, 0, 0, 0, 0, 0, 0, 0, 0, 0, 3, 3, 3, 3, 3, 3, 3, 3, 3], "action_accs": [-1, 0, 1, 1, 1, 0, 0, 0, 0, 0, 0, 0, -1, -1, -1, 0, 0, 1, 1, 1, 0, 0, 0, 0, 0, 0, 0, 0, 0, 0, 0, 0, -1, -1, 0, -1, 0, 1, 1, 1, 0, 0, -1, -1, -1], "action_rots": [0, -1, 0, 0, 0, 0, 0, 0, 0, 0, 0, 0, 0, 0, 0, 1, 0, 0, 0, 0, 0, 0, 0, 0, 0, 0, 0, 0, 0, 0, 0, 0, 0, 0, 0, 0, -1, 0, 0, 0, 0, 0, 0, 0, 0], "steps": 45, "is_goal": true}