{"map_file_path": "grid_maps/Ihlen/occ_grid_small.txt", "start_pos": [62, 21], "goal_pos": [43, 79], "robot_rows": [62, 62, 62, 61, 59, 58, 58, 58, 58, 58, 58, 58, 58, 58, 58, 57, 55, 52, 50, 49, 49, 49, 49, 49, 49, 49, 49, 49, 49, 49, 49, 49, 49, 49, 49, 49, 49, 49, 49, 49, 49, 49, 49, 49, 49, 49, 48, 46, 44, 43, 43, 43, 43, 43], "robot_cols": [21, 21, 21, 21, 21, 21, 21, 21, 22, 24, 26, 27, 28, 28, 28, 28, 28, 28, 28, 28, 28, 28, 29, 31, 34, 37, 40, 43, 46, 49, 52, 55, 58, 61, 64, 67, 70, 73, 75, 77, 78, 79, 80, 80, 80, 80, 80, 80, 80, 80, 80, 80, 79, 79], "robot_speeds": [0, 0, 0, 1, 2, 1, 0, 0, 1, 2, 2, 1, 1, 0, 0, 1, 2, 3, 2, 1, 0, 0, 1, 2, 3, 3, 3, 3, 3, 3, 3, 3, 3, 3, 3, 3, 3, 3, 2, 2, 1, 1, 1, 0, 0, 0, 1, 2, 2, 1, 0, 0, 1, 0], "robot_directions": [0, 0, 1, 1, 1, 1, 1, 2, 2, 2, 2, 2, 2, 2, 1, 1, 1, 1, 1, 1, 1, 2, 2, 2, 2, 2, 2, 2, 2, 2, 2, 2, 2, 2, 2, 2, 2, 2, 2, 2, 2, 2, 2, 2, 1, 1, 1, 1, 1, 1, 1, 0, 0, 0], "action_accs": [-1, 0, 1, 1, -1, -1, 0, 1, 1, 0, -1, 0, -1, 0, 1, 1, 1, -1, -1, -1, 0, 1, 1, 1, 0, 0, 0, 0, 0, 1, 0, 0, 0, 0, 0, 0, 0, -1, 0, -1, 0, 0, -1, 0, 0, 1, 1, 0, -1, -1, 0, 1, -1], "action_rots": [0, 1, 0, 0, 0, 0, 1, 0, 0, 0, 0, 0, 0, -1, 0, 0, 0, 0, 0, 0, 1, 0, 0, 0, 0, 0, 0, 0, 0, 0, 0, 0, 0, 0, 0, 0, 0, 0, 0, 0, 0, 0, 0, -1, 0, 0, 0, 0, 0, 0, -1, 0, 0], "steps": 53, "is_goal": true}