{"map_file_path": "grid_maps/Wiconisco/occ_grid_small.txt", "start_pos": [86, 34], "goal_pos": [24, 85], "robot_rows": [86, 86, 86, 86, 86, 86, 86, 86, 86, 85, 83, 80, 77, 74, 71, 68, 66, 64, 61, 58, 55, 52, 50, 47, 44, 41, 38, 35, 32, 29, 27, 25, 24, 24, 24, 24, 24, 24, 24, 24, 24, 24, 24, 24, 24, 24, 24, 24, 24, 24, 24, 24, 24, 24, 24, 24, 24, 24], "robot_cols": [34, 34, 34, 35, 37, 39, 40, 40, 40, 40, 40, 40, 40, 40, 40, 40, 40, 40, 40, 40, 40, 40, 40, 40, 40, 40, 40, 40, 40, 40, 40, 40, 40, 40, 40, 41, 42, 44, 47, 50, 53, 56, 59, 62, 65, 68, 71, 74, 77, 80, 83, 85, 86, 86, 86, 86, 85, 85], "robot_speeds": [0, 0, 0, 1, 2, 2, 1, 0, 0, 1, 2, 3, 3, 3, 3, 3, 2, 2, 3, 3, 3, 3, 2, 3, 3, 3, 3, 3, 3, 3, 2, 2, 1, 0, 0, 1, 1, 2, 3, 3, 3, 3, 3, 3, 3, 3, 3, 3, 3, 3, 3, 2, 1, 0, 0, 0, 1, 0], "robot_directions": [0, 3, 2, 2, 2, 2, 2, 2, 1, 1, 1, 1, 1, 1, 1, 1, 1, 1, 1, 1, 1, 1, 1, 1, 1, 1, 1, 1, 1, 1, 1, 1, 1, 1, 2, 2, 2, 2, 2, 2, 2, 2, 2, 2, 2, 2, 2, 2, 2, 2, 2, 2, 2, 2, 3, 0, 0, 0], "action_accs": [0, 0, 1, 1, 0, -1, -1, 0, 1, 1, 1, 0, 0, 0, 0, -1, 0, 1, 0, 0, 0, -1, 1, 0, 0, 0, 0, 0, 0, -1, 0, -1, -1, 0, 1, 0, 1, 1, 0, 0, 0, 0, 0, 0, 0, 0, 0, 1, 0, 0, -1, -1, -1, 0, 0, 1, -1], "action_rots": [-1, -1, 0, 0, 0, 0, 0, -1, 0, 0, 0, 0, 0, 0, 0, 0, 0, 0, 0, 0, 0, 0, 0, 0, 0, 0, 0, 0, 0, 0, 0, 0, 0, 1, 0, 0, 0, 0, 0, 0, 0, 0, 0, 0, 0, 0, 0, 0, 0, 0, 0, 0, 0, 1, 1, 0, 0], "steps": 57, "is_goal": true}