{"map_file_path": "grid_maps/Wiconisco/occ_grid_small.txt", "start_pos": [45, 64], "goal_pos": [63, 30], "robot_rows": [45, 45, 45, 45, 45, 45, 45, 45, 45, 45, 45, 45, 45, 46, 48, 50, 52, 53, 53, 53, 53, 53, 53, 53, 53, 53, 53, 53, 53, 53, 53, 53, 53, 53, 53, 53, 52, 51, 51, 51, 51, 51, 51, 51, 51, 51, 51, 52, 54, 57, 59, 61, 62, 63, 63, 63, 63, 63, 63, 63, 63, 63], "robot_cols": [64, 64, 64, 64, 64, 65, 67, 70, 72, 74, 75, 75, 75, 75, 75, 75, 75, 75, 75, 75, 74, 72, 69, 66, 63, 60, 58, 55, 52, 50, 49, 48, 48, 48, 48, 48, 48, 48, 48, 48, 47, 45, 42, 40, 39, 39, 39, 39, 39, 39, 39, 39, 39, 39, 39, 39, 38, 36, 33, 31, 30, 30], "robot_speeds": [0, 0, 0, 0, 0, 1, 2, 3, 2, 2, 1, 0, 0, 1, 2, 2, 2, 1, 0, 0, 1, 2, 3, 3, 3, 3, 2, 3, 3, 2, 1, 1, 0, 0, 0, 0, 1, 1, 0, 0, 1, 2, 3, 2, 1, 0, 0, 1, 2, 3, 2, 2, 1, 1, 0, 0, 1, 2, 3, 2, 1, 0], "robot_directions": [0, 0, 0, 3, 2, 2, 2, 2, 2, 2, 2, 2, 3, 3, 3, 3, 3, 3, 3, 0, 0, 0, 0, 0, 0, 0, 0, 0, 0, 0, 0, 0, 0, 1, 1, 1, 1, 1, 1, 0, 0, 0, 0, 0, 0, 0, 3, 3, 3, 3, 3, 3, 3, 3, 3, 0, 0, 0, 0, 0, 0, 0], "action_accs": [-1, 0, 0, 0, 1, 1, 1, -1, 0, -1, -1, 0, 1, 1, 0, 0, -1, -1, 0, 1, 1, 1, 0, 0, 0, -1, 1, 0, -1, -1, 0, -1, 0, 0, 0, 1, 0, -1, 0, 1, 1, 1, -1, -1, -1, 0, 1, 1, 1, -1, 0, -1, 0, -1, 0, 1, 1, 1, -1, -1, -1], "action_rots": [0, 0, -1, -1, 0, 0, 0, 0, 0, 0, 0, 1, 0, 0, 0, 0, 0, 0, 1, 0, 0, 0, 0, 0, 0, 0, 0, 0, 0, 0, 0, 0, 1, 0, 0, 0, 0, 0, -1, 0, 0, 0, 0, 0, 0, -1, 0, 0, 0, 0, 0, 0, 0, 0, 1, 0, 0, 0, 0, 0, 0], "steps": 61, "is_goal": true}