{"map_file_path": "grid_maps/Wiconisco/occ_grid_small.txt", "start_pos": [36, 7], "goal_pos": [39, 58], "robot_rows": [36, 36, 36, 36, 36, 36, 37, 38, 40, 41, 41, 41, 41, 41, 41, 41, 41, 41, 41, 41, 41, 41, 41, 41, 41, 41, 41, 41, 41, 41, 41, 42, 44, 47, 50, 52, 53, 54, 54, 54, 54, 54, 54, 54, 54, 54, 54, 54, 54, 54, 54, 54, 54, 53, 51, 48, 45, 42, 40, 39, 39, 39, 39, 39, 39, 39, 39, 39, 39, 39, 39], "robot_cols": [7, 7, 7, 7, 7, 7, 7, 7, 7, 7, 7, 7, 7, 8, 10, 13, 16, 19, 22, 25, 28, 31, 34, 37, 40, 43, 45, 47, 48, 48, 48, 48, 48, 48, 48, 48, 48, 48, 48, 48, 49, 51, 54, 57, 60, 63, 66, 69, 72, 74, 75, 75, 75, 75, 75, 75, 75, 75, 75, 75, 75, 75, 74, 72, 69, 66, 63, 61, 59, 58, 58], "robot_speeds": [0, 0, 0, 0, 0, 0, 1, 1, 2, 1, 0, 0, 0, 1, 2, 3, 3, 3, 3, 3, 3, 3, 3, 3, 3, 3, 2, 2, 1, 0, 0, 1, 2, 3, 3, 2, 1, 1, 0, 0, 1, 2, 3, 3, 3, 3, 3, 3, 3, 2, 1, 0, 0, 1, 2, 3, 3, 3, 2, 1, 0, 0, 1, 2, 3, 3, 3, 2, 2, 1, 0], "robot_directions": [0, 0, 0, 0, 3, 3, 3, 3, 3, 3, 3, 3, 2, 2, 2, 2, 2, 2, 2, 2, 2, 2, 2, 2, 2, 2, 2, 2, 2, 2, 3, 3, 3, 3, 3, 3, 3, 3, 3, 2, 2, 2, 2, 2, 2, 2, 2, 2, 2, 2, 2, 2, 1, 1, 1, 1, 1, 1, 1, 1, 1, 0, 0, 0, 0, 0, 0, 0, 0, 0, 0], "action_accs": [-1, -1, -1, 0, 0, 1, 0, 1, -1, -1, -1, 0, 1, 1, 1, 0, 0, 0, 0, 0, 0, 0, 0, 0, 0, -1, 0, -1, -1, 0, 1, 1, 1, 0, -1, -1, 0, -1, 0, 1, 1, 1, 0, 0, 0, 0, 0, 0, -1, -1, -1, 0, 1, 1, 1, 0, 0, -1, -1, -1, 0, 1, 1, 1, 0, 0, -1, 0, -1, -1], "action_rots": [0, 0, 0, -1, 0, 0, 0, 0, 0, 0, 0, -1, 0, 0, 0, 0, 0, 0, 0, 0, 0, 0, 0, 0, 0, 0, 0, 0, 0, 1, 0, 0, 0, 0, 0, 0, 0, 0, -1, 0, 0, 0, 0, 0, 0, 0, 0, 0, 0, 0, 0, -1, 0, 0, 0, 0, 0, 0, 0, 0, -1, 0, 0, 0, 0, 0, 0, 0, 0, 0], "steps": 70, "is_goal": true}