{"map_file_path": "grid_maps/Ihlen/occ_grid_small.txt", "start_pos": [47, 71], "goal_pos": [87, 33], "robot_rows": [47, 47, 47, 47, 48, 50, 51, 51, 51, 51, 51, 51, 51, 51, 51, 51, 51, 51, 51, 51, 51, 51, 52, 54, 57, 60, 63, 66, 69, 72, 75, 78, 80, 82, 83, 83, 83, 83, 83, 83, 83, 83, 83, 83, 83, 83, 83, 83, 84, 86, 87, 88, 88, 88, 88, 88, 88, 88, 87, 87], "robot_cols": [71, 71, 71, 71, 71, 71, 71, 71, 71, 70, 68, 66, 63, 60, 57, 54, 52, 51, 51, 50, 50, 50, 50, 50, 50, 50, 50, 50, 50, 50, 50, 50, 50, 50, 50, 50, 50, 49, 47, 44, 41, 38, 36, 34, 33, 32, 32, 32, 32, 32, 32, 32, 32, 32, 33, 33, 33, 33, 33, 33], "robot_speeds": [0, 0, 0, 0, 1, 2, 1, 0, 0, 1, 2, 2, 3, 3, 3, 3, 2, 1, 0, 1, 0, 0, 1, 2, 3, 3, 3, 3, 3, 3, 3, 3, 2, 2, 1, 0, 0, 1, 2, 3, 3, 3, 2, 2, 1, 1, 0, 0, 1, 2, 1, 1, 0, 0, 1, 0, 0, 0, 1, 0], "robot_directions": [0, 0, 3, 3, 3, 3, 3, 3, 0, 0, 0, 0, 0, 0, 0, 0, 0, 0, 0, 0, 0, 3, 3, 3, 3, 3, 3, 3, 3, 3, 3, 3, 3, 3, 3, 3, 0, 0, 0, 0, 0, 0, 0, 0, 0, 0, 0, 3, 3, 3, 3, 3, 3, 2, 2, 2, 1, 1, 1, 1], "action_accs": [-1, 0, 0, 1, 1, -1, -1, 0, 1, 1, 0, 1, 1, 0, 0, -1, -1, -1, 1, -1, 0, 1, 1, 1, 0, 0, 1, 0, 0, 0, 0, -1, 0, -1, -1, 0, 1, 1, 1, 0, 0, -1, 0, -1, 0, -1, 0, 1, 1, -1, 0, -1, 0, 1, -1, 0, 0, 1, -1], "action_rots": [0, -1, 0, 0, 0, 0, 0, 1, 0, 0, 0, 0, 0, 0, 0, 0, 0, 0, 0, 0, -1, 0, 0, 0, 0, 0, 0, 0, 0, 0, 0, 0, 0, 0, 0, 1, 0, 0, 0, 0, 0, 0, 0, 0, 0, 0, -1, 0, 0, 0, 0, 0, -1, 0, 0, -1, 0, 0, 0], "steps": 59, "is_goal": true}