{"map_file_path": "grid_maps/Ihlen/occ_grid_small.txt", "start_pos": [44, 65], "goal_pos": [5, 7], "robot_rows": [44, 44, 44, 45, 47, 49, 50, 50, 50, 50, 50, 50, 50, 50, 50, 50, 50, 50, 50, 49, 47, 44, 42, 39, 36, 33, 30, 27, 24, 21, 18, 15, 12, 9, 7, 6, 5, 5, 5, 5, 5, 5, 5, 5, 5, 5, 5, 5, 5, 5, 5, 5, 5, 5, 5, 5, 5, 5, 5, 5, 5, 5], "robot_cols": [65, 65, 65, 65, 65, 65, 65, 65, 65, 64, 63, 61, 58, 55, 53, 51, 50, 50, 50, 50, 50, 50, 50, 50, 50, 50, 50, 50, 50, 50, 50, 50, 50, 50, 50, 50, 50, 50, 50, 49, 47, 44, 41, 38, 35, 32, 29, 27, 24, 21, 18, 15, 12, 10, 7, 5, 5, 5, 5, 6, 7, 7], "robot_speeds": [0, 0, 0, 1, 2, 2, 1, 0, 0, 1, 1, 2, 3, 3, 2, 2, 1, 0, 0, 1, 2, 3, 2, 3, 3, 3, 3, 3, 3, 3, 3, 3, 3, 3, 2, 1, 1, 0, 0, 1, 2, 3, 3, 3, 3, 3, 3, 2, 3, 3, 3, 3, 3, 2, 3, 2, 0, 0, 0, 1, 1, 0], "robot_directions": [0, 0, 3, 3, 3, 3, 3, 3, 0, 0, 0, 0, 0, 0, 0, 0, 0, 0, 1, 1, 1, 1, 1, 1, 1, 1, 1, 1, 1, 1, 1, 1, 1, 1, 1, 1, 1, 1, 0, 0, 0, 0, 0, 0, 0, 0, 0, 0, 0, 0, 0, 0, 0, 0, 0, 0, 0, 3, 2, 2, 2, 2], "action_accs": [-1, 0, 1, 1, 0, -1, -1, 0, 1, 0, 1, 1, 0, -1, 0, -1, -1, 0, 1, 1, 1, -1, 1, 0, 0, 0, 0, 0, 0, 0, 0, 0, 0, -1, -1, 0, -1, 0, 1, 1, 1, 0, 0, 0, 0, 0, -1, 1, 0, 0, 0, 0, -1, 1, -1, -1, 0, 0, 1, 0, -1], "action_rots": [0, -1, 0, 0, 0, 0, 0, 1, 0, 0, 0, 0, 0, 0, 0, 0, 0, 1, 0, 0, 0, 0, 0, 0, 0, 0, 0, 0, 0, 0, 0, 0, 0, 0, 0, 0, 0, -1, 0, 0, 0, 0, 0, 0, 0, 0, 0, 0, 0, 0, 0, 0, 0, 0, 0, 0, -1, -1, 0, 0, 0], "steps": 61, "is_goal": true}