{"map_file_path": "grid_maps/Ihlen/occ_grid_small.txt", "start_pos": [54, 81], "goal_pos": [17, 36], "robot_rows": [54, 54, 54, 54, 54, 54, 54, 54, 53, 51, 48, 45, 42, 39, 36, 33, 30, 27, 24, 21, 19, 17, 16, 16, 16, 16, 16, 16, 16, 16, 16, 16, 16, 16, 16, 16, 16, 16, 16, 16, 16, 16, 16, 16, 17, 17], "robot_cols": [81, 81, 80, 79, 78, 77, 77, 77, 77, 77, 77, 77, 77, 77, 77, 77, 77, 77, 77, 77, 77, 77, 77, 77, 77, 76, 74, 71, 68, 65, 62, 59, 56, 53, 51, 48, 45, 42, 40, 38, 37, 36, 36, 36, 36, 36], "robot_speeds": [0, 0, 1, 1, 1, 1, 0, 0, 1, 2, 3, 3, 3, 3, 3, 3, 3, 3, 3, 3, 2, 2, 1, 0, 0, 1, 2, 3, 3, 3, 3, 3, 3, 3, 2, 3, 3, 3, 2, 2, 1, 1, 0, 0, 1, 0], "robot_directions": [0, 0, 0, 0, 0, 0, 0, 1, 1, 1, 1, 1, 1, 1, 1, 1, 1, 1, 1, 1, 1, 1, 1, 1, 0, 0, 0, 0, 0, 0, 0, 0, 0, 0, 0, 0, 0, 0, 0, 0, 0, 0, 0, 3, 3, 3], "action_accs": [0, 1, 0, 0, 0, -1, 0, 1, 1, 1, 0, 0, 0, 1, 0, 0, 0, 0, 0, -1, 0, -1, -1, 0, 1, 1, 1, 0, 0, 0, 0, 0, 0, -1, 1, 0, 0, -1, 0, -1, 0, -1, 0, 1, -1], "action_rots": [0, 0, 0, 0, 0, 0, 1, 0, 0, 0, 0, 0, 0, 0, 0, 0, 0, 0, 0, 0, 0, 0, 0, -1, 0, 0, 0, 0, 0, 0, 0, 0, 0, 0, 0, 0, 0, 0, 0, 0, 0, 0, -1, 0, 0], "steps": 45, "is_goal": true}