{"map_file_path": "grid_maps/Wiconisco/occ_grid_small.txt", "start_pos": [91, 39], "goal_pos": [55, 54], "robot_rows": [91, 91, 90, 88, 86, 83, 80, 77, 74, 71, 69, 66, 63, 60, 57, 54, 52, 50, 49, 49, 49, 49, 49, 49, 49, 49, 49, 49, 49, 50, 52, 53, 54, 54, 54, 54, 54, 54, 54, 54, 54, 54, 54, 55, 55], "robot_cols": [39, 39, 39, 39, 39, 39, 39, 39, 39, 39, 39, 39, 39, 39, 39, 39, 39, 39, 39, 39, 39, 40, 42, 45, 47, 48, 48, 48, 48, 48, 48, 48, 48, 48, 48, 49, 51, 52, 53, 54, 54, 54, 54, 54, 54], "robot_speeds": [0, 0, 1, 2, 2, 3, 3, 3, 3, 3, 2, 3, 3, 3, 3, 3, 2, 2, 1, 0, 0, 1, 2, 3, 2, 1, 0, 0, 0, 1, 2, 1, 1, 0, 0, 1, 2, 1, 1, 1, 0, 0, 0, 1, 0], "robot_directions": [0, 1, 1, 1, 1, 1, 1, 1, 1, 1, 1, 1, 1, 1, 1, 1, 1, 1, 1, 1, 2, 2, 2, 2, 2, 2, 2, 2, 3, 3, 3, 3, 3, 3, 2, 2, 2, 2, 2, 2, 2, 3, 3, 3, 3], "action_accs": [0, 1, 1, 0, 1, 0, 0, 0, 0, -1, 1, 0, 0, 0, 0, -1, 0, -1, -1, 0, 1, 1, 1, -1, -1, -1, 0, 0, 1, 1, -1, 0, -1, 0, 1, 1, -1, 0, 0, -1, 0, 0, 1, -1], "action_rots": [1, 0, 0, 0, 0, 0, 0, 0, 0, 0, 0, 0, 0, 0, 0, 0, 0, 0, 0, 1, 0, 0, 0, 0, 0, 0, 0, 1, 0, 0, 0, 0, 0, -1, 0, 0, 0, 0, 0, 0, 1, 0, 0, 0], "steps": 44, "is_goal": true}