{"map_file_path": "grid_maps/Wiconisco/occ_grid_small.txt", "start_pos": [7, 8], "goal_pos": [11, 61], "robot_rows": [7, 7, 8, 10, 13, 15, 16, 17, 17, 17, 17, 17, 17, 17, 17, 17, 17, 17, 17, 17, 17, 17, 17, 17, 17, 17, 17, 17, 17, 17, 17, 17, 16, 14, 12, 11, 11], "robot_cols": [8, 8, 8, 8, 8, 8, 8, 8, 8, 8, 9, 11, 14, 17, 20, 23, 26, 29, 32, 35, 38, 40, 43, 46, 49, 52, 55, 58, 60, 61, 61, 61, 61, 61, 61, 61, 61], "robot_speeds": [0, 0, 1, 2, 3, 2, 1, 1, 0, 0, 1, 2, 3, 3, 3, 3, 3, 3, 3, 3, 3, 2, 3, 3, 3, 3, 3, 3, 2, 1, 0, 0, 1, 2, 2, 1, 0], "robot_directions": [0, 3, 3, 3, 3, 3, 3, 3, 3, 2, 2, 2, 2, 2, 2, 2, 2, 2, 2, 2, 2, 2, 2, 2, 2, 2, 2, 2, 2, 2, 2, 1, 1, 1, 1, 1, 1], "action_accs": [0, 1, 1, 1, -1, -1, 0, -1, 0, 1, 1, 1, 0, 0, 1, 0, 0, 0, 1, 0, -1, 1, 0, 0, 0, 0, 0, -1, -1, -1, 0, 1, 1, 0, -1, -1], "action_rots": [-1, 0, 0, 0, 0, 0, 0, 0, -1, 0, 0, 0, 0, 0, 0, 0, 0, 0, 0, 0, 0, 0, 0, 0, 0, 0, 0, 0, 0, 0, -1, 0, 0, 0, 0, 0], "steps": 36, "is_goal": true}