{"map_file_path": "grid_maps/Ihlen/occ_grid_small.txt", "start_pos": [50, 61], "goal_pos": [1, 32], "robot_rows": [50, 50, 50, 50, 50, 50, 50, 50, 50, 50, 49, 47, 44, 41, 38, 35, 32, 29, 26, 23, 21, 18, 15, 12, 9, 6, 4, 2, 1, 1, 1, 1, 1, 1, 1, 1, 1, 1, 1, 1, 1, 1, 1, 1, 1, 1, 1], "robot_cols": [61, 61, 60, 58, 55, 53, 51, 50, 50, 50, 50, 50, 50, 50, 50, 50, 50, 50, 50, 50, 50, 50, 50, 50, 50, 50, 50, 50, 50, 50, 50, 49, 47, 44, 41, 38, 35, 32, 30, 29, 29, 29, 29, 30, 31, 32, 32], "robot_speeds": [0, 0, 1, 2, 3, 2, 2, 1, 0, 0, 1, 2, 3, 3, 3, 3, 3, 3, 3, 3, 2, 3, 3, 3, 3, 3, 2, 2, 1, 0, 0, 1, 2, 3, 3, 3, 3, 3, 2, 1, 0, 0, 0, 1, 1, 1, 0], "robot_directions": [0, 0, 0, 0, 0, 0, 0, 0, 0, 1, 1, 1, 1, 1, 1, 1, 1, 1, 1, 1, 1, 1, 1, 1, 1, 1, 1, 1, 1, 1, 0, 0, 0, 0, 0, 0, 0, 0, 0, 0, 0, 3, 2, 2, 2, 2, 2], "action_accs": [-1, 1, 1, 1, -1, 0, -1, -1, 0, 1, 1, 1, 0, 0, 0, 0, 0, 0, 0, -1, 1, 0, 0, 0, 0, -1, 0, -1, 0, 0, 1, 1, 1, 0, 0, 0, 0, -1, -1, -1, 0, 0, 1, 0, 0, -1], "action_rots": [0, 0, 0, 0, 0, 0, 0, 0, 1, 0, 0, 0, 0, 0, 0, 0, 0, 0, 0, 0, 0, 0, 0, 0, 0, 0, 0, 0, 0, -1, 0, 0, 0, 0, 0, 0, 0, 0, 0, 0, -1, -1, 0, 0, 0, 0], "steps": 46, "is_goal": true}