{"map_file_path": "grid_maps/Ihlen/occ_grid_small.txt", "start_pos": [30, 96], "goal_pos": [68, 67], "robot_rows": [30, 30, 30, 30, 30, 30, 30, 30, 30, 30, 30, 31, 33, 36, 39, 42, 45, 48, 51, 54, 56, 57, 57, 57, 57, 57, 57, 57, 58, 60, 62, 65, 67, 68, 69, 69, 69, 69, 69, 69, 69, 69, 69, 69, 69, 69, 69, 69, 68, 68], "robot_cols": [96, 96, 95, 93, 90, 87, 84, 82, 81, 81, 81, 81, 81, 81, 81, 81, 81, 81, 81, 81, 81, 81, 81, 81, 82, 83, 83, 83, 83, 83, 83, 83, 83, 83, 83, 83, 83, 82, 80, 77, 74, 71, 69, 68, 67, 67, 67, 67, 67, 67], "robot_speeds": [0, 0, 1, 2, 3, 3, 3, 2, 1, 0, 0, 1, 2, 3, 3, 3, 3, 3, 3, 3, 2, 1, 0, 0, 1, 1, 0, 0, 1, 2, 2, 3, 2, 1, 1, 0, 0, 1, 2, 3, 3, 3, 2, 1, 1, 0, 0, 0, 1, 0], "robot_directions": [0, 0, 0, 0, 0, 0, 0, 0, 0, 0, 3, 3, 3, 3, 3, 3, 3, 3, 3, 3, 3, 3, 3, 2, 2, 2, 2, 3, 3, 3, 3, 3, 3, 3, 3, 3, 0, 0, 0, 0, 0, 0, 0, 0, 0, 0, 1, 1, 1, 1], "action_accs": [-1, 1, 1, 1, 0, 0, -1, -1, -1, 0, 1, 1, 1, 0, 0, 0, 0, 0, 0, -1, -1, -1, 0, 1, 0, -1, 0, 1, 1, 0, 1, -1, -1, 0, -1, 0, 1, 1, 1, 0, 0, -1, -1, 0, -1, 0, 0, 1, -1], "action_rots": [0, 0, 0, 0, 0, 0, 0, 0, 0, -1, 0, 0, 0, 0, 0, 0, 0, 0, 0, 0, 0, 0, -1, 0, 0, 0, 1, 0, 0, 0, 0, 0, 0, 0, 0, 1, 0, 0, 0, 0, 0, 0, 0, 0, 0, 1, 0, 0, 0], "steps": 49, "is_goal": true}