{"map_file_path": "grid_maps/Ihlen/occ_grid_small.txt", "start_pos": [14, 32], "goal_pos": [96, 63], "robot_rows": [14, 14, 14, 14, 14, 14, 14, 14, 14, 14, 14, 14, 14, 14, 14, 14, 14, 14, 14, 14, 14, 14, 14, 15, 17, 20, 23, 26, 29, 32, 35, 38, 41, 44, 47, 50, 53, 56, 59, 62, 65, 68, 71, 74, 77, 79, 80, 81, 81, 81, 81, 81, 81, 81, 81, 81, 81, 82, 84, 87, 90, 93, 95, 96, 96], "robot_cols": [32, 32, 32, 32, 32, 32, 33, 35, 38, 41, 44, 47, 50, 52, 54, 55, 55, 55, 55, 55, 54, 54, 54, 54, 54, 54, 54, 54, 54, 54, 54, 54, 54, 54, 54, 54, 54, 54, 54, 54, 54, 54, 54, 54, 54, 54, 54, 54, 54, 54, 55, 57, 60, 62, 63, 63, 63, 63, 63, 63, 63, 63, 63, 63, 63], "robot_speeds": [0, 0, 0, 0, 0, 0, 1, 2, 3, 3, 3, 3, 3, 2, 2, 1, 0, 0, 0, 0, 1, 0, 0, 1, 2, 3, 3, 3, 3, 3, 3, 3, 3, 3, 3, 3, 3, 3, 3, 3, 3, 3, 3, 3, 3, 2, 1, 1, 0, 0, 1, 2, 3, 2, 1, 0, 0, 1, 2, 3, 3, 3, 2, 1, 0], "robot_directions": [0, 0, 3, 3, 3, 2, 2, 2, 2, 2, 2, 2, 2, 2, 2, 2, 2, 3, 3, 0, 0, 0, 3, 3, 3, 3, 3, 3, 3, 3, 3, 3, 3, 3, 3, 3, 3, 3, 3, 3, 3, 3, 3, 3, 3, 3, 3, 3, 3, 2, 2, 2, 2, 2, 2, 2, 3, 3, 3, 3, 3, 3, 3, 3, 3], "action_accs": [-1, 0, 0, 0, 0, 1, 1, 1, 0, 0, 0, 0, -1, 0, -1, -1, 0, 0, 0, 1, -1, 0, 1, 1, 1, 0, 0, 0, 0, 0, 0, 0, 0, 0, 0, 0, 0, 0, 0, 0, 0, 0, 0, 0, -1, -1, 0, -1, 0, 1, 1, 1, -1, -1, -1, 0, 1, 1, 1, 0, 0, -1, -1, -1], "action_rots": [0, -1, 0, 0, -1, 0, 0, 0, 0, 0, 0, 0, 0, 0, 0, 0, 1, 0, 1, 0, 0, -1, 0, 0, 0, 0, 0, 0, 0, 0, 0, 0, 0, 0, 0, 0, 0, 0, 0, 0, 0, 0, 0, 0, 0, 0, 0, 0, -1, 0, 0, 0, 0, 0, 0, 1, 0, 0, 0, 0, 0, 0, 0, 0], "steps": 64, "is_goal": true}