{"map_file_path": "grid_maps/Wiconisco/occ_grid_small.txt", "start_pos": [92, 30], "goal_pos": [44, 60], "robot_rows": [92, 92, 92, 92, 92, 92, 92, 92, 92, 92, 92, 91, 89, 86, 83, 81, 78, 75, 72, 69, 66, 63, 60, 57, 54, 52, 51, 51, 51, 51, 51, 51, 51, 51, 51, 51, 52, 53, 53, 53, 53, 53, 53, 53, 53, 53, 53, 53, 53, 53, 53, 53, 53, 52, 50, 47, 45, 44, 44, 44, 44, 44, 44, 44, 44, 44, 44, 44], "robot_cols": [30, 30, 30, 30, 31, 33, 36, 38, 39, 39, 39, 39, 39, 39, 39, 39, 39, 39, 39, 39, 39, 39, 39, 39, 39, 39, 39, 39, 39, 40, 42, 45, 47, 48, 48, 48, 48, 48, 48, 48, 49, 51, 54, 57, 60, 63, 66, 69, 72, 74, 75, 75, 75, 75, 75, 75, 75, 75, 75, 75, 74, 72, 69, 66, 63, 61, 60, 60], "robot_speeds": [0, 0, 0, 0, 1, 2, 3, 2, 1, 0, 0, 1, 2, 3, 3, 2, 3, 3, 3, 3, 3, 3, 3, 3, 3, 2, 1, 0, 0, 1, 2, 3, 2, 1, 0, 0, 1, 1, 0, 0, 1, 2, 3, 3, 3, 3, 3, 3, 3, 2, 1, 0, 0, 1, 2, 3, 2, 1, 0, 0, 1, 2, 3, 3, 3, 2, 1, 0], "robot_directions": [0, 0, 3, 2, 2, 2, 2, 2, 2, 2, 1, 1, 1, 1, 1, 1, 1, 1, 1, 1, 1, 1, 1, 1, 1, 1, 1, 1, 2, 2, 2, 2, 2, 2, 2, 3, 3, 3, 3, 2, 2, 2, 2, 2, 2, 2, 2, 2, 2, 2, 2, 2, 1, 1, 1, 1, 1, 1, 1, 0, 0, 0, 0, 0, 0, 0, 0, 0], "action_accs": [-1, 0, 0, 1, 1, 1, -1, -1, -1, 0, 1, 1, 1, 0, -1, 1, 0, 0, 0, 1, 0, 0, 0, 0, -1, -1, -1, 0, 1, 1, 1, -1, -1, 0, 0, 1, 0, -1, 0, 1, 1, 1, 0, 0, 0, 0, 0, 0, -1, -1, -1, 0, 1, 1, 1, -1, -1, -1, 0, 1, 1, 1, 0, 0, -1, -1, -1], "action_rots": [0, -1, -1, 0, 0, 0, 0, 0, 0, -1, 0, 0, 0, 0, 0, 0, 0, 0, 0, 0, 0, 0, 0, 0, 0, 0, 0, 1, 0, 0, 0, 0, 0, 0, 1, 0, 0, 0, -1, 0, 0, 0, 0, 0, 0, 0, 0, 0, 0, 0, 0, -1, 0, 0, 0, 0, 0, 0, -1, 0, 0, 0, 0, 0, 0, 0, 0], "steps": 67, "is_goal": true}