{"map_file_path": "grid_maps/Ihlen/occ_grid_small.txt", "start_pos": [36, 79], "goal_pos": [8, 41], "robot_rows": [36, 36, 36, 35, 33, 30, 27, 24, 21, 18, 15, 12, 10, 9, 7, 7, 7, 7, 8, 9, 9, 9, 9, 9, 9, 9, 9, 9, 9, 9, 9, 9, 9, 9, 9, 9, 9, 9, 9, 8, 8], "robot_cols": [79, 79, 79, 79, 79, 79, 79, 79, 79, 79, 79, 79, 79, 79, 79, 79, 79, 79, 79, 79, 79, 79, 78, 76, 73, 70, 67, 64, 61, 59, 56, 53, 50, 47, 44, 42, 41, 41, 41, 41, 41], "robot_speeds": [0, 0, 0, 1, 2, 3, 3, 3, 3, 3, 3, 3, 2, 1, 2, 0, 0, 0, 1, 1, 0, 0, 1, 2, 3, 3, 3, 3, 3, 2, 3, 3, 3, 3, 3, 2, 1, 0, 0, 1, 0], "robot_directions": [0, 0, 1, 1, 1, 1, 1, 1, 1, 1, 1, 1, 1, 1, 1, 1, 0, 3, 3, 3, 3, 0, 0, 0, 0, 0, 0, 0, 0, 0, 0, 0, 0, 0, 0, 0, 0, 0, 1, 1, 1], "action_accs": [-1, 0, 1, 1, 1, 0, 0, 0, 0, 0, 0, -1, -1, 1, -1, 0, 0, 1, 0, -1, 0, 1, 1, 1, 0, 0, 0, 0, -1, 1, 0, 0, 0, 0, -1, -1, -1, 0, 1, -1], "action_rots": [0, 1, 0, 0, 0, 0, 0, 0, 0, 0, 0, 0, 0, 0, 0, -1, -1, 0, 0, 0, 1, 0, 0, 0, 0, 0, 0, 0, 0, 0, 0, 0, 0, 0, 0, 0, 0, 1, 0, 0], "steps": 40, "is_goal": true}