{"map_file_path": "grid_maps/Wiconisco/occ_grid_small.txt", "start_pos": [71, 38], "goal_pos": [30, 90], "robot_rows": [71, 71, 71, 71, 71, 71, 70, 68, 65, 62, 59, 56, 53, 50, 47, 45, 42, 39, 36, 34, 32, 31, 31, 30, 30, 30, 30, 30, 30, 30, 30, 30, 30, 30, 30, 30, 30, 30, 30, 30, 30, 30, 30, 30, 30, 30, 30], "robot_cols": [38, 38, 38, 39, 39, 39, 39, 39, 39, 39, 39, 39, 39, 39, 39, 39, 39, 39, 39, 39, 39, 39, 39, 39, 39, 39, 40, 42, 45, 48, 51, 53, 56, 59, 62, 65, 68, 70, 73, 76, 79, 82, 85, 87, 89, 90, 90], "robot_speeds": [0, 0, 0, 1, 0, 0, 1, 2, 3, 3, 3, 3, 3, 3, 3, 2, 3, 3, 3, 2, 2, 1, 0, 1, 0, 0, 1, 2, 3, 3, 3, 2, 3, 3, 3, 3, 3, 2, 3, 3, 3, 3, 3, 2, 2, 1, 0], "robot_directions": [0, 3, 2, 2, 2, 1, 1, 1, 1, 1, 1, 1, 1, 1, 1, 1, 1, 1, 1, 1, 1, 1, 1, 1, 1, 2, 2, 2, 2, 2, 2, 2, 2, 2, 2, 2, 2, 2, 2, 2, 2, 2, 2, 2, 2, 2, 2], "action_accs": [0, 0, 1, -1, 0, 1, 1, 1, 0, 0, 0, 0, 0, 0, -1, 1, 0, 0, -1, 0, -1, -1, 1, -1, 0, 1, 1, 1, 1, 0, -1, 1, 0, 0, 0, 0, -1, 1, 0, 0, 0, 0, -1, 0, -1, -1], "action_rots": [-1, -1, 0, 0, -1, 0, 0, 0, 0, 0, 0, 0, 0, 0, 0, 0, 0, 0, 0, 0, 0, 0, 0, 0, 1, 0, 0, 0, 0, 0, 0, 0, 0, 0, 0, 0, 0, 0, 0, 0, 0, 0, 0, 0, 0, 0], "steps": 46, "is_goal": true}