{"map_file_path": "grid_maps/Wiconisco/occ_grid_small.txt", "start_pos": [47, 24], "goal_pos": [46, 79], "robot_rows": [47, 47, 46, 46, 46, 46, 46, 46, 46, 46, 46, 46, 46, 46, 46, 46, 46, 47, 49, 51, 52, 53, 53, 53, 53, 53, 53, 53, 53, 53, 53, 53, 53, 53, 53, 53, 53, 53, 53, 52, 50, 49, 47, 46, 46], "robot_cols": [24, 24, 24, 24, 24, 25, 27, 30, 33, 36, 39, 42, 44, 46, 47, 47, 47, 47, 47, 47, 47, 47, 47, 47, 48, 50, 53, 56, 59, 62, 65, 68, 71, 74, 76, 78, 79, 79, 79, 79, 79, 79, 79, 79, 79], "robot_speeds": [0, 0, 1, 0, 0, 1, 2, 3, 3, 3, 3, 3, 2, 2, 1, 0, 0, 1, 2, 2, 1, 1, 0, 0, 1, 2, 3, 3, 3, 3, 3, 3, 3, 3, 2, 2, 1, 0, 0, 1, 2, 1, 2, 1, 0], "robot_directions": [0, 1, 1, 1, 2, 2, 2, 2, 2, 2, 2, 2, 2, 2, 2, 2, 3, 3, 3, 3, 3, 3, 3, 2, 2, 2, 2, 2, 2, 2, 2, 2, 2, 2, 2, 2, 2, 2, 1, 1, 1, 1, 1, 1, 1], "action_accs": [0, 1, -1, 0, 1, 1, 1, 0, 0, 0, 0, -1, 0, -1, -1, 0, 1, 1, 0, -1, 0, -1, 0, 1, 1, 1, 0, 0, 0, 0, 0, 0, 0, -1, 0, -1, -1, 0, 1, 1, -1, 1, -1, -1], "action_rots": [1, 0, 0, 1, 0, 0, 0, 0, 0, 0, 0, 0, 0, 0, 0, 1, 0, 0, 0, 0, 0, 0, -1, 0, 0, 0, 0, 0, 0, 0, 0, 0, 0, 0, 0, 0, 0, -1, 0, 0, 0, 0, 0, 0], "steps": 44, "is_goal": true}