{"map_file_path": "grid_maps/Ihlen/occ_grid_small.txt", "start_pos": [78, 43], "goal_pos": [64, 4], "robot_rows": [78, 78, 78, 78, 78, 78, 78, 78, 78, 78, 77, 75, 73, 70, 67, 64, 61, 58, 55, 52, 50, 49, 49, 49, 49, 49, 49, 49, 49, 49, 49, 49, 49, 49, 49, 50, 52, 55, 57, 58, 58, 59, 60, 60, 60, 60, 60, 60, 60, 60, 60, 60, 60, 60, 60, 60, 60, 61, 63, 64, 64], "robot_cols": [43, 43, 43, 43, 44, 46, 48, 49, 49, 49, 49, 49, 49, 49, 49, 49, 49, 49, 49, 49, 49, 49, 49, 49, 48, 46, 43, 40, 37, 34, 31, 29, 27, 27, 27, 27, 27, 27, 27, 27, 27, 27, 27, 27, 27, 26, 24, 21, 18, 16, 13, 10, 7, 5, 4, 4, 4, 4, 4, 4, 4], "robot_speeds": [0, 0, 0, 0, 1, 2, 2, 1, 0, 0, 1, 2, 2, 3, 3, 3, 3, 3, 3, 3, 2, 1, 0, 0, 1, 2, 3, 3, 3, 3, 3, 2, 2, 0, 0, 1, 2, 3, 2, 1, 0, 1, 1, 0, 0, 1, 2, 3, 3, 2, 3, 3, 3, 2, 1, 0, 0, 1, 2, 1, 0], "robot_directions": [0, 0, 3, 2, 2, 2, 2, 2, 2, 1, 1, 1, 1, 1, 1, 1, 1, 1, 1, 1, 1, 1, 1, 0, 0, 0, 0, 0, 0, 0, 0, 0, 0, 0, 3, 3, 3, 3, 3, 3, 3, 3, 3, 3, 0, 0, 0, 0, 0, 0, 0, 0, 0, 0, 0, 0, 3, 3, 3, 3, 3], "action_accs": [-1, 0, 0, 1, 1, 0, -1, -1, 0, 1, 1, 0, 1, 1, 0, 0, 0, 0, 0, -1, -1, -1, 0, 1, 1, 1, 0, 0, 0, 0, -1, 0, -1, 0, 1, 1, 1, -1, -1, -1, 1, 0, -1, 0, 1, 1, 1, 0, -1, 1, 0, 0, -1, -1, -1, 0, 1, 1, -1, -1], "action_rots": [0, -1, -1, 0, 0, 0, 0, 0, -1, 0, 0, 0, 0, 0, 0, 0, 0, 0, 0, 0, 0, 0, -1, 0, 0, 0, 0, 0, 0, 0, 0, 0, 0, -1, 0, 0, 0, 0, 0, 0, 0, 0, 0, 1, 0, 0, 0, 0, 0, 0, 0, 0, 0, 0, 0, -1, 0, 0, 0, 0], "steps": 60, "is_goal": true}