{"map_file_path": "grid_maps/Ihlen/occ_grid_small.txt", "start_pos": [50, 57], "goal_pos": [3, 37], "robot_rows": [50, 50, 50, 50, 50, 50, 50, 50, 50, 50, 49, 47, 44, 41, 38, 35, 32, 29, 27, 24, 21, 18, 15, 12, 9, 6, 4, 3, 3, 3, 3, 3, 3, 3, 3, 3, 3, 3], "robot_cols": [57, 57, 57, 56, 55, 53, 51, 50, 50, 50, 50, 50, 50, 50, 50, 50, 50, 50, 50, 50, 50, 50, 50, 50, 50, 50, 50, 50, 50, 50, 49, 47, 45, 43, 40, 38, 37, 37], "robot_speeds": [0, 0, 0, 1, 1, 2, 2, 1, 0, 0, 1, 2, 3, 3, 3, 3, 3, 3, 2, 3, 3, 3, 3, 3, 3, 3, 2, 1, 0, 0, 1, 2, 2, 2, 3, 2, 1, 0], "robot_directions": [0, 0, 0, 0, 0, 0, 0, 0, 0, 1, 1, 1, 1, 1, 1, 1, 1, 1, 1, 1, 1, 1, 1, 1, 1, 1, 1, 1, 1, 0, 0, 0, 0, 0, 0, 0, 0, 0], "action_accs": [-1, 0, 1, 0, 1, 0, -1, -1, 0, 1, 1, 1, 0, 0, 0, 0, 0, -1, 1, 0, 0, 0, 0, 0, 0, -1, -1, -1, 0, 1, 1, 0, 0, 1, -1, -1, -1], "action_rots": [0, 0, 0, 0, 0, 0, 0, 0, 1, 0, 0, 0, 0, 0, 0, 0, 0, 0, 0, 0, 0, 0, 0, 0, 0, 0, 0, 0, -1, 0, 0, 0, 0, 0, 0, 0, 0], "steps": 37, "is_goal": true}