{"map_file_path": "grid_maps/Wiconisco/occ_grid_small.txt", "start_pos": [64, 3], "goal_pos": [4, 17], "robot_rows": [64, 64, 63, 61, 58, 55, 52, 49, 46, 43, 41, 40, 39, 39, 39, 39, 39, 39, 39, 39, 39, 39, 39, 39, 38, 36, 33, 30, 27, 24, 22, 19, 16, 13, 10, 7, 5, 4, 4], "robot_cols": [3, 3, 3, 3, 3, 3, 3, 3, 3, 3, 3, 3, 3, 3, 3, 4, 6, 9, 12, 14, 16, 17, 17, 17, 17, 17, 17, 17, 17, 17, 17, 17, 17, 17, 17, 17, 17, 17, 17], "robot_speeds": [0, 0, 1, 2, 3, 3, 3, 3, 3, 3, 2, 1, 1, 0, 0, 1, 2, 3, 3, 2, 2, 1, 0, 0, 1, 2, 3, 3, 3, 3, 2, 3, 3, 3, 3, 3, 2, 1, 0], "robot_directions": [0, 1, 1, 1, 1, 1, 1, 1, 1, 1, 1, 1, 1, 1, 2, 2, 2, 2, 2, 2, 2, 2, 2, 1, 1, 1, 1, 1, 1, 1, 1, 1, 1, 1, 1, 1, 1, 1, 1], "action_accs": [0, 1, 1, 1, 0, 0, 0, 0, 0, -1, -1, 0, -1, 0, 1, 1, 1, 0, -1, 0, -1, -1, 0, 1, 1, 1, 0, 0, 0, -1, 1, 0, 0, 0, 0, -1, -1, -1], "action_rots": [1, 0, 0, 0, 0, 0, 0, 0, 0, 0, 0, 0, 0, 1, 0, 0, 0, 0, 0, 0, 0, 0, -1, 0, 0, 0, 0, 0, 0, 0, 0, 0, 0, 0, 0, 0, 0, 0], "steps": 38, "is_goal": true}