{"map_file_path": "grid_maps/Wiconisco/occ_grid_small.txt", "start_pos": [31, 52], "goal_pos": [14, 94], "robot_rows": [31, 31, 31, 31, 31, 31, 31, 31, 31, 31, 31, 31, 31, 31, 31, 31, 31, 31, 31, 31, 31, 31, 31, 30, 28, 25, 22, 19, 17, 15, 14, 14, 14, 14, 14, 14], "robot_cols": [52, 52, 52, 53, 55, 58, 61, 64, 67, 70, 73, 75, 78, 81, 84, 87, 90, 93, 95, 96, 96, 96, 96, 96, 96, 96, 96, 96, 96, 96, 96, 96, 96, 95, 94, 94], "robot_speeds": [0, 0, 0, 1, 2, 3, 3, 3, 3, 3, 3, 2, 3, 3, 3, 3, 3, 3, 2, 1, 0, 0, 0, 1, 2, 3, 3, 3, 2, 2, 1, 0, 0, 1, 1, 0], "robot_directions": [0, 3, 2, 2, 2, 2, 2, 2, 2, 2, 2, 2, 2, 2, 2, 2, 2, 2, 2, 2, 2, 2, 1, 1, 1, 1, 1, 1, 1, 1, 1, 1, 0, 0, 0, 0], "action_accs": [0, 0, 1, 1, 1, 0, 0, 0, 0, 0, -1, 1, 0, 0, 0, 0, 0, -1, -1, -1, 0, 0, 1, 1, 1, 0, 0, -1, 0, -1, -1, 0, 1, 0, -1], "action_rots": [-1, -1, 0, 0, 0, 0, 0, 0, 0, 0, 0, 0, 0, 0, 0, 0, 0, 0, 0, 0, 0, -1, 0, 0, 0, 0, 0, 0, 0, 0, 0, -1, 0, 0, 0], "steps": 35, "is_goal": true}