{"map_file_path": "grid_maps/Ihlen/occ_grid_small.txt", "start_pos": [70, 67], "goal_pos": [7, 92], "robot_rows": [70, 70, 70, 70, 70, 70, 70, 70, 70, 70, 70, 70, 70, 70, 69, 68, 66, 63, 60, 57, 55, 52, 49, 47, 46, 46, 46, 46, 46, 46, 46, 46, 46, 46, 45, 43, 40, 37, 34, 31, 28, 25, 22, 19, 16, 13, 10, 8, 7, 7, 7, 7, 7, 7, 7, 7, 7, 7, 7], "robot_cols": [67, 67, 67, 67, 68, 70, 73, 76, 79, 81, 82, 83, 83, 83, 83, 83, 83, 83, 83, 83, 83, 83, 83, 83, 83, 83, 83, 82, 81, 79, 78, 78, 78, 78, 78, 78, 78, 78, 78, 78, 78, 78, 78, 78, 78, 78, 78, 78, 78, 78, 78, 79, 81, 84, 86, 89, 91, 92, 92], "robot_speeds": [0, 0, 0, 0, 1, 2, 3, 3, 3, 2, 1, 1, 0, 0, 1, 1, 2, 3, 3, 3, 2, 3, 3, 2, 1, 0, 0, 1, 1, 2, 1, 0, 0, 0, 1, 2, 3, 3, 3, 3, 3, 3, 3, 3, 3, 3, 3, 2, 1, 0, 0, 1, 2, 3, 2, 3, 2, 1, 0], "robot_directions": [0, 0, 3, 2, 2, 2, 2, 2, 2, 2, 2, 2, 2, 1, 1, 1, 1, 1, 1, 1, 1, 1, 1, 1, 1, 1, 0, 0, 0, 0, 0, 0, 0, 1, 1, 1, 1, 1, 1, 1, 1, 1, 1, 1, 1, 1, 1, 1, 1, 1, 2, 2, 2, 2, 2, 2, 2, 2, 2], "action_accs": [-1, 0, 0, 1, 1, 1, 0, 0, -1, -1, 0, -1, 0, 1, 0, 1, 1, 0, 0, -1, 1, 0, -1, -1, -1, 0, 1, 0, 1, -1, -1, 0, 0, 1, 1, 1, 0, 0, 0, 0, 0, 0, 1, 1, 0, 0, -1, -1, -1, 0, 1, 1, 1, -1, 1, -1, -1, -1], "action_rots": [0, -1, -1, 0, 0, 0, 0, 0, 0, 0, 0, 0, -1, 0, 0, 0, 0, 0, 0, 0, 0, 0, 0, 0, 0, -1, 0, 0, 0, 0, 0, 0, 1, 0, 0, 0, 0, 0, 0, 0, 0, 0, 0, 0, 0, 0, 0, 0, 0, 1, 0, 0, 0, 0, 0, 0, 0, 0], "steps": 58, "is_goal": true}