{"map_file_path": "grid_maps/Wiconisco/occ_grid_small.txt", "start_pos": [9, 64], "goal_pos": [17, 4], "robot_rows": [9, 9, 9, 10, 12, 14, 16, 18, 19, 19, 19, 19, 19, 19, 19, 19, 19, 19, 19, 19, 19, 19, 19, 19, 19, 19, 19, 19, 19, 19, 19, 19, 19, 19, 19, 19, 18, 17, 17], "robot_cols": [64, 64, 64, 64, 64, 64, 64, 64, 64, 64, 64, 63, 61, 58, 56, 53, 50, 47, 44, 42, 39, 36, 33, 30, 27, 24, 22, 19, 16, 13, 10, 7, 5, 4, 4, 4, 4, 4, 4], "robot_speeds": [0, 0, 0, 1, 2, 2, 2, 2, 1, 0, 0, 1, 2, 3, 2, 3, 3, 3, 3, 2, 3, 3, 3, 3, 3, 3, 2, 3, 3, 3, 3, 3, 2, 1, 0, 0, 1, 1, 0], "robot_directions": [0, 0, 3, 3, 3, 3, 3, 3, 3, 3, 0, 0, 0, 0, 0, 0, 0, 0, 0, 0, 0, 0, 0, 0, 0, 0, 0, 0, 0, 0, 0, 0, 0, 0, 0, 1, 1, 1, 1], "action_accs": [-1, 0, 1, 1, 0, 0, 0, -1, -1, 0, 1, 1, 1, -1, 1, 0, 0, 0, -1, 1, 0, 0, 0, 0, 0, -1, 1, 0, 0, 0, 0, -1, -1, -1, 0, 1, 0, -1], "action_rots": [0, -1, 0, 0, 0, 0, 0, 0, 0, 1, 0, 0, 0, 0, 0, 0, 0, 0, 0, 0, 0, 0, 0, 0, 0, 0, 0, 0, 0, 0, 0, 0, 0, 0, 1, 0, 0, 0], "steps": 38, "is_goal": true}