{"map_file_path": "grid_maps/Wiconisco/occ_grid_small.txt", "start_pos": [75, 23], "goal_pos": [44, 58], "robot_rows": [75, 75, 75, 75, 75, 75, 75, 75, 75, 75, 75, 75, 75, 74, 73, 71, 68, 65, 62, 59, 56, 54, 51, 49, 48, 48, 48, 48, 48, 48, 48, 48, 48, 48, 49, 50, 52, 53, 53, 53, 53, 53, 53, 53, 53, 53, 53, 53, 53, 53, 53, 53, 53, 53, 52, 50, 47, 45, 43, 42, 42, 42, 42, 42, 42, 42, 42, 42, 42, 42, 42, 42, 43, 43, 44, 44], "robot_cols": [23, 23, 23, 24, 26, 29, 32, 35, 38, 40, 41, 41, 41, 41, 41, 41, 41, 41, 41, 41, 41, 41, 41, 41, 41, 41, 41, 42, 44, 46, 47, 47, 47, 47, 47, 47, 47, 47, 47, 47, 48, 49, 51, 54, 57, 60, 63, 66, 69, 72, 74, 75, 75, 75, 75, 75, 75, 75, 75, 75, 75, 75, 74, 72, 69, 66, 63, 61, 59, 58, 58, 58, 58, 58, 58, 58], "robot_speeds": [0, 0, 0, 1, 2, 3, 3, 3, 3, 2, 1, 0, 0, 1, 1, 2, 3, 3, 3, 3, 3, 2, 3, 2, 1, 0, 0, 1, 2, 2, 1, 0, 0, 0, 1, 1, 2, 1, 0, 0, 1, 1, 2, 3, 3, 3, 3, 3, 3, 3, 2, 1, 0, 0, 1, 2, 3, 2, 2, 1, 0, 0, 1, 2, 3, 3, 3, 2, 2, 1, 0, 0, 1, 0, 1, 0], "robot_directions": [0, 3, 2, 2, 2, 2, 2, 2, 2, 2, 2, 2, 1, 1, 1, 1, 1, 1, 1, 1, 1, 1, 1, 1, 1, 1, 2, 2, 2, 2, 2, 2, 2, 3, 3, 3, 3, 3, 3, 2, 2, 2, 2, 2, 2, 2, 2, 2, 2, 2, 2, 2, 2, 1, 1, 1, 1, 1, 1, 1, 1, 0, 0, 0, 0, 0, 0, 0, 0, 0, 0, 3, 3, 3, 3, 3], "action_accs": [0, 0, 1, 1, 1, 0, 0, 0, -1, -1, -1, 0, 1, 0, 1, 1, 0, 0, 0, 0, -1, 1, -1, -1, -1, 0, 1, 1, 0, -1, -1, 0, 0, 1, 0, 1, -1, -1, 0, 1, 0, 1, 1, 0, 0, 0, 0, 0, 0, -1, -1, -1, 0, 1, 1, 1, -1, 0, -1, -1, 0, 1, 1, 1, 0, 0, -1, 0, -1, -1, 0, 1, -1, 1, -1], "action_rots": [-1, -1, 0, 0, 0, 0, 0, 0, 0, 0, 0, -1, 0, 0, 0, 0, 0, 0, 0, 0, 0, 0, 0, 0, 0, 1, 0, 0, 0, 0, 0, 0, 1, 0, 0, 0, 0, 0, -1, 0, 0, 0, 0, 0, 0, 0, 0, 0, 0, 0, 0, 0, -1, 0, 0, 0, 0, 0, 0, 0, -1, 0, 0, 0, 0, 0, 0, 0, 0, 0, -1, 0, 0, 0, 0], "steps": 75, "is_goal": true}