{"map_file_path": "grid_maps/Ihlen/occ_grid_small.txt", "start_pos": [41, 50], "goal_pos": [79, 3], "robot_rows": [41, 41, 41, 42, 44, 47, 50, 53, 56, 59, 61, 64, 67, 70, 73, 76, 78, 79, 79, 79, 79, 79, 79, 79, 79, 79, 79, 79, 79, 79, 79, 79, 79, 79, 79, 79, 79, 79, 79, 79, 79, 79, 79, 79, 79], "robot_cols": [50, 50, 50, 50, 50, 50, 50, 50, 50, 50, 50, 50, 50, 50, 50, 50, 50, 50, 50, 50, 49, 48, 46, 44, 41, 38, 35, 32, 29, 26, 23, 20, 17, 14, 11, 8, 6, 4, 3, 2, 2, 2, 2, 3, 3], "robot_speeds": [0, 0, 0, 1, 2, 3, 3, 3, 3, 3, 2, 3, 3, 3, 3, 3, 2, 1, 0, 0, 1, 1, 2, 2, 3, 3, 3, 3, 3, 3, 3, 3, 3, 3, 3, 3, 2, 2, 1, 1, 0, 0, 0, 1, 0], "robot_directions": [0, 0, 3, 3, 3, 3, 3, 3, 3, 3, 3, 3, 3, 3, 3, 3, 3, 3, 3, 0, 0, 0, 0, 0, 0, 0, 0, 0, 0, 0, 0, 0, 0, 0, 0, 0, 0, 0, 0, 0, 0, 3, 2, 2, 2], "action_accs": [-1, 0, 1, 1, 1, 0, 0, 0, 0, -1, 1, 0, 0, 0, 0, -1, -1, -1, 0, 1, 0, 1, 0, 1, 0, 0, 1, 0, 0, 0, 0, 0, 0, 0, 0, -1, 0, -1, 0, -1, 0, 0, 1, -1], "action_rots": [0, -1, 0, 0, 0, 0, 0, 0, 0, 0, 0, 0, 0, 0, 0, 0, 0, 0, 1, 0, 0, 0, 0, 0, 0, 0, 0, 0, 0, 0, 0, 0, 0, 0, 0, 0, 0, 0, 0, 0, -1, -1, 0, 0], "steps": 44, "is_goal": true}