{"map_file_path": "grid_maps/Wiconisco/occ_grid_small.txt", "start_pos": [77, 43], "goal_pos": [27, 80], "robot_rows": [77, 77, 77, 77, 76, 74, 71, 68, 65, 62, 59, 56, 53, 50, 48, 45, 43, 41, 38, 35, 32, 30, 28, 27, 27, 27, 27, 27, 27, 27, 27, 27, 27, 27, 27, 27, 27, 27, 27, 27, 27, 27, 27], "robot_cols": [43, 42, 42, 42, 42, 42, 42, 42, 42, 42, 42, 42, 42, 42, 42, 42, 42, 42, 42, 42, 42, 42, 42, 42, 42, 42, 42, 43, 45, 48, 51, 54, 57, 60, 63, 65, 68, 71, 74, 77, 79, 80, 80], "robot_speeds": [0, 1, 0, 0, 1, 2, 3, 3, 3, 3, 3, 3, 3, 3, 2, 3, 2, 2, 3, 3, 3, 2, 2, 1, 0, 0, 0, 1, 2, 3, 3, 3, 3, 3, 3, 2, 3, 3, 3, 3, 2, 1, 0], "robot_directions": [0, 0, 0, 1, 1, 1, 1, 1, 1, 1, 1, 1, 1, 1, 1, 1, 1, 1, 1, 1, 1, 1, 1, 1, 1, 1, 2, 2, 2, 2, 2, 2, 2, 2, 2, 2, 2, 2, 2, 2, 2, 2, 2], "action_accs": [1, -1, 0, 1, 1, 1, 0, 0, 0, 0, 0, 0, 0, -1, 1, -1, 0, 1, 0, 0, -1, 0, -1, -1, 0, 0, 1, 1, 1, 0, 0, 0, 0, 0, -1, 1, 0, 0, 0, -1, -1, -1], "action_rots": [0, 0, 1, 0, 0, 0, 0, 0, 0, 0, 0, 0, 0, 0, 0, 0, 0, 0, 0, 0, 0, 0, 0, 0, 0, 1, 0, 0, 0, 0, 0, 0, 0, 0, 0, 0, 0, 0, 0, 0, 0, 0], "steps": 42, "is_goal": true}