{"map_file_path": "grid_maps/Ihlen/occ_grid_small.txt", "start_pos": [82, 68], "goal_pos": [32, 61], "robot_rows": [82, 82, 82, 82, 82, 82, 82, 82, 82, 82, 82, 81, 79, 76, 73, 70, 67, 64, 61, 58, 55, 52, 49, 47, 44, 41, 38, 35, 32, 29, 27, 26, 25, 25, 25, 25, 25, 25, 25, 25, 25, 25, 25, 26, 28, 30, 31, 32, 33, 33, 33, 33, 33, 33, 32, 32], "robot_cols": [68, 68, 67, 65, 62, 59, 56, 54, 53, 53, 53, 53, 53, 53, 53, 53, 53, 53, 53, 53, 53, 53, 53, 53, 53, 53, 53, 53, 53, 53, 53, 53, 53, 53, 53, 54, 56, 58, 60, 61, 62, 62, 62, 62, 62, 62, 62, 62, 62, 62, 62, 61, 61, 61, 61, 61], "robot_speeds": [0, 0, 1, 2, 3, 3, 3, 2, 1, 0, 0, 1, 2, 3, 3, 3, 3, 3, 3, 3, 3, 3, 3, 2, 3, 3, 3, 3, 3, 3, 2, 1, 1, 0, 0, 1, 2, 2, 2, 1, 1, 0, 0, 1, 2, 2, 1, 1, 1, 0, 0, 1, 0, 0, 1, 0], "robot_directions": [0, 0, 0, 0, 0, 0, 0, 0, 0, 0, 1, 1, 1, 1, 1, 1, 1, 1, 1, 1, 1, 1, 1, 1, 1, 1, 1, 1, 1, 1, 1, 1, 1, 1, 2, 2, 2, 2, 2, 2, 2, 2, 3, 3, 3, 3, 3, 3, 3, 3, 0, 0, 0, 1, 1, 1], "action_accs": [-1, 1, 1, 1, 0, 0, -1, -1, -1, 0, 1, 1, 1, 0, 0, 0, 0, 0, 0, 0, 0, 0, -1, 1, 0, 0, 1, 0, 0, -1, -1, 0, -1, 0, 1, 1, 0, 0, -1, 0, -1, 0, 1, 1, 0, -1, 0, 0, -1, 0, 1, -1, 0, 1, -1], "action_rots": [0, 0, 0, 0, 0, 0, 0, 0, 0, 1, 0, 0, 0, 0, 0, 0, 0, 0, 0, 0, 0, 0, 0, 0, 0, 0, 0, 0, 0, 0, 0, 0, 0, 1, 0, 0, 0, 0, 0, 0, 0, 1, 0, 0, 0, 0, 0, 0, 0, 1, 0, 0, 1, 0, 0], "steps": 55, "is_goal": true}