{"map_file_path": "grid_maps/Ihlen/occ_grid_small.txt", "start_pos": [64, 26], "goal_pos": [88, 67], "robot_rows": [64, 64, 64, 63, 61, 58, 55, 53, 52, 52, 52, 52, 52, 52, 52, 52, 52, 51, 50, 50, 50, 50, 50, 50, 50, 50, 50, 50, 50, 50, 50, 50, 50, 50, 50, 51, 53, 56, 59, 62, 65, 68, 71, 74, 77, 80, 82, 83, 84, 84, 84, 84, 83, 83, 83, 83, 83, 83, 83, 83, 83, 83, 83, 84, 86, 87, 88, 88], "robot_cols": [26, 26, 26, 26, 26, 26, 26, 26, 26, 26, 26, 27, 28, 28, 28, 28, 28, 28, 28, 28, 28, 29, 30, 32, 35, 38, 41, 44, 47, 50, 52, 54, 55, 55, 55, 55, 55, 55, 55, 55, 55, 55, 55, 55, 55, 55, 55, 55, 55, 55, 55, 55, 55, 55, 55, 56, 58, 61, 64, 66, 67, 67, 67, 67, 67, 67, 67, 67], "robot_speeds": [0, 0, 0, 1, 2, 3, 3, 2, 1, 0, 0, 1, 1, 0, 0, 0, 0, 1, 1, 0, 0, 1, 1, 2, 3, 3, 3, 3, 3, 3, 2, 2, 1, 0, 0, 1, 2, 3, 3, 3, 3, 3, 3, 3, 3, 3, 2, 1, 1, 0, 0, 0, 1, 0, 0, 1, 2, 3, 3, 2, 1, 0, 0, 1, 2, 1, 1, 0], "robot_directions": [0, 0, 1, 1, 1, 1, 1, 1, 1, 1, 2, 2, 2, 2, 1, 1, 1, 1, 1, 1, 2, 2, 2, 2, 2, 2, 2, 2, 2, 2, 2, 2, 2, 2, 3, 3, 3, 3, 3, 3, 3, 3, 3, 3, 3, 3, 3, 3, 3, 3, 0, 1, 1, 1, 2, 2, 2, 2, 2, 2, 2, 2, 3, 3, 3, 3, 3, 3], "action_accs": [0, 0, 1, 1, 1, 0, -1, -1, -1, 0, 1, 0, -1, 0, 0, 0, 1, 0, -1, 0, 1, 0, 1, 1, 0, 0, 0, 0, 0, -1, 0, -1, -1, 0, 1, 1, 1, 0, 0, 0, 0, 0, 0, 0, 0, -1, -1, 0, -1, 0, 0, 1, -1, 0, 1, 1, 1, 0, -1, -1, -1, 0, 1, 1, -1, 0, -1], "action_rots": [0, 1, 0, 0, 0, 0, 0, 0, 0, 1, 0, 0, 0, -1, 0, 0, 0, 0, 0, 1, 0, 0, 0, 0, 0, 0, 0, 0, 0, 0, 0, 0, 0, 1, 0, 0, 0, 0, 0, 0, 0, 0, 0, 0, 0, 0, 0, 0, 0, 1, 1, 0, 0, 1, 0, 0, 0, 0, 0, 0, 0, 1, 0, 0, 0, 0, 0], "steps": 67, "is_goal": true}