{"map_file_path": "grid_maps/Ihlen/occ_grid_small.txt", "start_pos": [2, 13], "goal_pos": [8, 77], "robot_rows": [2, 2, 2, 2, 2, 2, 2, 2, 2, 2, 2, 2, 2, 2, 2, 2, 2, 2, 2, 2, 2, 2, 3, 5, 7, 9, 11, 12, 12, 12, 12, 12, 12, 12, 12, 12, 12, 12, 12, 12, 12, 12, 11, 9, 8, 8], "robot_cols": [13, 13, 13, 13, 14, 16, 19, 22, 25, 28, 31, 34, 37, 40, 43, 46, 49, 52, 54, 56, 56, 56, 56, 56, 56, 56, 56, 56, 56, 56, 56, 57, 59, 62, 65, 68, 71, 74, 76, 77, 77, 77, 77, 77, 77, 77], "robot_speeds": [0, 0, 0, 0, 1, 2, 3, 3, 3, 3, 3, 3, 3, 3, 3, 3, 3, 3, 2, 2, 0, 0, 1, 2, 2, 2, 2, 1, 0, 0, 0, 1, 2, 3, 3, 3, 3, 3, 2, 1, 0, 0, 1, 2, 1, 0], "robot_directions": [0, 0, 3, 2, 2, 2, 2, 2, 2, 2, 2, 2, 2, 2, 2, 2, 2, 2, 2, 2, 2, 3, 3, 3, 3, 3, 3, 3, 3, 2, 2, 2, 2, 2, 2, 2, 2, 2, 2, 2, 2, 1, 1, 1, 1, 1], "action_accs": [-1, 0, 0, 1, 1, 1, 0, 0, 0, 0, 0, 0, 0, 0, 0, 0, 0, -1, 0, -1, 0, 1, 1, 0, 0, 0, -1, -1, 0, 0, 1, 1, 1, 0, 0, 0, 0, -1, -1, -1, 0, 1, 1, -1, -1], "action_rots": [0, -1, -1, 0, 0, 0, 0, 0, 0, 0, 0, 0, 0, 0, 0, 0, 0, 0, 0, 0, 1, 0, 0, 0, 0, 0, 0, 0, -1, 0, 0, 0, 0, 0, 0, 0, 0, 0, 0, 0, -1, 0, 0, 0, 0], "steps": 45, "is_goal": true}