{"map_file_path": "grid_maps/Wiconisco/occ_grid_small.txt", "start_pos": [13, 10], "goal_pos": [38, 44], "robot_rows": [13, 13, 13, 14, 16, 19, 22, 25, 28, 31, 34, 37, 39, 40, 40, 40, 40, 40, 40, 40, 40, 40, 40, 40, 40, 40, 40, 40, 40, 40, 40, 40, 40, 39, 38, 38], "robot_cols": [10, 10, 10, 10, 10, 10, 10, 10, 10, 10, 10, 10, 10, 10, 10, 10, 10, 11, 13, 15, 18, 21, 23, 26, 29, 32, 35, 38, 41, 43, 44, 44, 44, 44, 44, 44], "robot_speeds": [0, 0, 0, 1, 2, 3, 3, 3, 3, 3, 3, 3, 2, 1, 0, 0, 0, 1, 2, 2, 3, 3, 2, 3, 3, 3, 3, 3, 3, 2, 1, 0, 0, 1, 1, 0], "robot_directions": [0, 0, 3, 3, 3, 3, 3, 3, 3, 3, 3, 3, 3, 3, 3, 3, 2, 2, 2, 2, 2, 2, 2, 2, 2, 2, 2, 2, 2, 2, 2, 2, 1, 1, 1, 1], "action_accs": [0, 0, 1, 1, 1, 0, 0, 0, 0, 0, 0, -1, -1, -1, 0, 0, 1, 1, 0, 1, 0, -1, 1, 0, 0, 0, 0, 0, -1, -1, -1, 0, 1, 0, -1], "action_rots": [0, -1, 0, 0, 0, 0, 0, 0, 0, 0, 0, 0, 0, 0, 0, -1, 0, 0, 0, 0, 0, 0, 0, 0, 0, 0, 0, 0, 0, 0, 0, -1, 0, 0, 0], "steps": 35, "is_goal": true}