{"map_file_path": "grid_maps/Wiconisco/occ_grid_small.txt", "start_pos": [40, 93], "goal_pos": [18, 37], "robot_rows": [40, 40, 39, 38, 36, 33, 30, 27, 24, 21, 19, 18, 17, 17, 17, 17, 17, 17, 17, 17, 17, 17, 17, 17, 17, 17, 17, 17, 17, 17, 17, 17, 17, 17, 17, 17, 17, 17, 17, 18, 18, 18, 18, 18, 18, 18, 18], "robot_cols": [93, 93, 93, 93, 93, 93, 93, 93, 93, 93, 93, 93, 93, 93, 93, 92, 90, 87, 84, 81, 78, 75, 72, 69, 66, 63, 60, 57, 55, 52, 49, 46, 43, 40, 37, 35, 34, 34, 34, 34, 34, 34, 34, 35, 36, 37, 37], "robot_speeds": [0, 0, 1, 1, 2, 3, 3, 3, 3, 3, 2, 1, 1, 0, 0, 1, 2, 3, 3, 3, 3, 3, 3, 3, 3, 3, 3, 3, 2, 3, 3, 3, 3, 3, 3, 2, 1, 0, 0, 1, 0, 0, 0, 1, 1, 1, 0], "robot_directions": [0, 1, 1, 1, 1, 1, 1, 1, 1, 1, 1, 1, 1, 1, 0, 0, 0, 0, 0, 0, 0, 0, 0, 0, 0, 0, 0, 0, 0, 0, 0, 0, 0, 0, 0, 0, 0, 0, 3, 3, 3, 3, 2, 2, 2, 2, 2], "action_accs": [0, 1, 0, 1, 1, 0, 0, 0, 0, -1, -1, 0, -1, 0, 1, 1, 1, 0, 0, 0, 0, 1, 0, 0, 0, 0, 0, -1, 1, 0, 0, 0, 0, 0, -1, -1, -1, 0, 1, -1, 0, 0, 1, 0, 0, -1], "action_rots": [1, 0, 0, 0, 0, 0, 0, 0, 0, 0, 0, 0, 0, -1, 0, 0, 0, 0, 0, 0, 0, 0, 0, 0, 0, 0, 0, 0, 0, 0, 0, 0, 0, 0, 0, 0, 0, -1, 0, 0, 0, -1, 0, 0, 0, 0], "steps": 46, "is_goal": true}