{"map_file_path": "grid_maps/Wiconisco/occ_grid_small.txt", "start_pos": [71, 1], "goal_pos": [20, 9], "robot_rows": [71, 71, 71, 71, 70, 69, 68, 66, 63, 60, 57, 54, 52, 49, 46, 44, 42, 41, 41, 41, 41, 41, 41, 41, 41, 41, 41, 40, 38, 35, 32, 29, 26, 23, 21, 20, 20], "robot_cols": [1, 1, 1, 1, 1, 1, 1, 1, 1, 1, 1, 1, 1, 1, 1, 1, 1, 1, 1, 1, 2, 4, 6, 8, 9, 9, 9, 9, 9, 9, 9, 9, 9, 9, 9, 9, 9], "robot_speeds": [0, 0, 0, 0, 1, 1, 1, 2, 3, 3, 3, 3, 2, 3, 3, 2, 2, 1, 0, 0, 1, 2, 2, 2, 1, 0, 0, 1, 2, 3, 3, 3, 3, 3, 2, 1, 0], "robot_directions": [0, 0, 0, 1, 1, 1, 1, 1, 1, 1, 1, 1, 1, 1, 1, 1, 1, 1, 1, 2, 2, 2, 2, 2, 2, 2, 1, 1, 1, 1, 1, 1, 1, 1, 1, 1, 1], "action_accs": [0, 0, 0, 1, 0, 0, 1, 1, 0, 0, 1, -1, 1, 0, -1, 0, -1, -1, 0, 1, 1, 0, 0, -1, -1, 0, 1, 1, 1, 0, 0, 0, 0, -1, -1, -1], "action_rots": [0, 0, 1, 0, 0, 0, 0, 0, 0, 0, 0, 0, 0, 0, 0, 0, 0, 0, 1, 0, 0, 0, 0, 0, 0, -1, 0, 0, 0, 0, 0, 0, 0, 0, 0, 0], "steps": 36, "is_goal": true}