{"map_file_path": "grid_maps/Wiconisco/occ_grid_small.txt", "start_pos": [91, 11], "goal_pos": [11, 47], "robot_rows": [91, 91, 91, 91, 91, 91, 91, 91, 90, 88, 85, 83, 80, 77, 74, 71, 68, 65, 62, 59, 56, 53, 50, 47, 44, 41, 38, 35, 33, 30, 27, 24, 21, 19, 18, 17, 17, 17, 17, 17, 17, 17, 17, 17, 17, 17, 17, 17, 17, 17, 17, 17, 17, 17, 16, 14, 12, 11, 11, 11, 11, 11, 11, 11, 11, 11, 11], "robot_cols": [11, 11, 11, 12, 13, 14, 14, 14, 14, 14, 14, 14, 14, 14, 14, 14, 14, 14, 14, 14, 14, 14, 14, 14, 14, 14, 14, 14, 14, 14, 14, 14, 14, 14, 14, 14, 14, 14, 15, 17, 20, 23, 26, 29, 32, 35, 38, 41, 44, 46, 47, 48, 48, 48, 48, 48, 48, 48, 48, 48, 47, 46, 46, 46, 46, 47, 47], "robot_speeds": [0, 0, 0, 1, 1, 1, 0, 0, 1, 2, 3, 2, 3, 3, 3, 3, 3, 3, 3, 3, 3, 3, 3, 3, 3, 3, 3, 3, 2, 3, 3, 3, 3, 2, 1, 1, 0, 0, 1, 2, 3, 3, 3, 3, 3, 3, 3, 3, 3, 2, 1, 1, 0, 0, 1, 2, 2, 1, 0, 0, 1, 1, 0, 0, 0, 1, 0], "robot_directions": [0, 3, 2, 2, 2, 2, 2, 1, 1, 1, 1, 1, 1, 1, 1, 1, 1, 1, 1, 1, 1, 1, 1, 1, 1, 1, 1, 1, 1, 1, 1, 1, 1, 1, 1, 1, 1, 2, 2, 2, 2, 2, 2, 2, 2, 2, 2, 2, 2, 2, 2, 2, 2, 1, 1, 1, 1, 1, 1, 0, 0, 0, 0, 3, 2, 2, 2], "action_accs": [0, 0, 1, 0, 0, 0, 0, 1, 1, 1, -1, 1, 0, 0, 0, 0, 0, 0, 0, 0, 0, 1, 0, 0, 0, 0, 0, -1, 1, 0, 0, 0, -1, -1, 0, -1, 0, 1, 1, 1, 0, 0, 0, 0, 0, 0, 0, 0, -1, -1, 0, -1, 0, 1, 1, 0, -1, -1, 0, 1, 0, -1, 0, 0, 1, -1], "action_rots": [-1, -1, 0, 0, 0, 0, -1, 0, 0, 0, 0, 0, 0, 0, 0, 0, 0, 0, 0, 0, 0, 0, 0, 0, 0, 0, 0, 0, 0, 0, 0, 0, 0, 0, 0, 0, 1, 0, 0, 0, 0, 0, 0, 0, 0, 0, 0, 0, 0, 0, 0, 0, -1, 0, 0, 0, 0, 0, -1, 0, 0, 0, -1, -1, 0, 0], "steps": 66, "is_goal": true}