{"map_file_path": "grid_maps/Ihlen/occ_grid_small.txt", "start_pos": [18, 64], "goal_pos": [42, 3], "robot_rows": [18, 18, 18, 18, 18, 18, 18, 18, 18, 18, 18, 18, 19, 21, 24, 27, 30, 33, 36, 39, 42, 44, 46, 47, 47, 47, 47, 47, 47, 47, 47, 47, 47, 47, 47, 47, 47, 47, 47, 48, 50, 53, 55, 57, 59, 60, 60, 60, 60, 60, 60, 60, 60, 60, 60, 60, 60, 60, 60, 60, 60, 60, 60, 59, 57, 55, 52, 49, 46, 44, 43, 42, 42, 42, 42, 42, 42], "robot_cols": [64, 64, 63, 61, 58, 55, 53, 52, 51, 50, 50, 50, 50, 50, 50, 50, 50, 50, 50, 50, 50, 50, 50, 50, 50, 50, 49, 47, 44, 41, 38, 35, 32, 30, 29, 28, 27, 27, 27, 27, 27, 27, 27, 27, 27, 27, 27, 27, 27, 26, 24, 21, 18, 15, 12, 9, 7, 5, 4, 3, 2, 2, 2, 2, 2, 2, 2, 2, 2, 2, 2, 2, 2, 2, 2, 3, 3], "robot_speeds": [0, 0, 1, 2, 3, 3, 2, 1, 1, 1, 0, 0, 1, 2, 3, 3, 3, 3, 3, 3, 3, 2, 2, 1, 0, 0, 1, 2, 3, 3, 3, 3, 3, 2, 1, 1, 1, 0, 0, 1, 2, 3, 2, 2, 2, 1, 0, 0, 0, 1, 2, 3, 3, 3, 3, 3, 2, 2, 1, 1, 1, 0, 0, 1, 2, 2, 3, 3, 3, 2, 1, 1, 0, 0, 0, 1, 0], "robot_directions": [0, 0, 0, 0, 0, 0, 0, 0, 0, 0, 0, 3, 3, 3, 3, 3, 3, 3, 3, 3, 3, 3, 3, 3, 3, 0, 0, 0, 0, 0, 0, 0, 0, 0, 0, 0, 0, 0, 3, 3, 3, 3, 3, 3, 3, 3, 3, 0, 0, 0, 0, 0, 0, 0, 0, 0, 0, 0, 0, 0, 0, 0, 1, 1, 1, 1, 1, 1, 1, 1, 1, 1, 1, 1, 2, 2, 2], "action_accs": [-1, 1, 1, 1, 0, -1, -1, 0, 0, -1, 0, 1, 1, 1, 0, 0, 0, 0, 0, 0, -1, 0, -1, -1, 0, 1, 1, 1, 0, 0, 0, 0, -1, -1, 0, 0, -1, 0, 1, 1, 1, -1, 0, 0, -1, -1, 0, 0, 1, 1, 1, 0, 0, 0, 0, -1, 0, -1, 0, 0, -1, 0, 1, 1, 0, 1, 0, 1, -1, -1, 0, -1, 0, 0, 1, -1], "action_rots": [0, 0, 0, 0, 0, 0, 0, 0, 0, 0, -1, 0, 0, 0, 0, 0, 0, 0, 0, 0, 0, 0, 0, 0, 1, 0, 0, 0, 0, 0, 0, 0, 0, 0, 0, 0, 0, -1, 0, 0, 0, 0, 0, 0, 0, 0, 1, 0, 0, 0, 0, 0, 0, 0, 0, 0, 0, 0, 0, 0, 0, 1, 0, 0, 0, 0, 0, 0, 0, 0, 0, 0, 0, 1, 0, 0], "steps": 76, "is_goal": true}