{"map_file_path": "grid_maps/Ihlen/occ_grid_small.txt", "start_pos": [47, 60], "goal_pos": [86, 75], "robot_rows": [47, 47, 47, 47, 48, 49, 51, 52, 53, 53, 53, 53, 53, 53, 53, 53, 53, 54, 55, 57, 60, 63, 66, 69, 72, 75, 78, 80, 81, 82, 83, 83, 83, 83, 83, 83, 83, 83, 83, 83, 83, 83, 83, 83, 83, 83, 84, 85, 85, 86, 86, 86, 86, 86, 86], "robot_cols": [60, 60, 60, 60, 60, 60, 60, 60, 60, 60, 60, 60, 59, 57, 56, 56, 56, 56, 56, 56, 56, 56, 56, 56, 56, 56, 56, 56, 56, 56, 56, 56, 56, 56, 56, 57, 59, 62, 65, 68, 71, 73, 75, 76, 76, 76, 76, 76, 76, 76, 76, 76, 76, 75, 75], "robot_speeds": [0, 0, 0, 0, 1, 1, 2, 1, 1, 0, 0, 0, 1, 2, 1, 0, 0, 1, 1, 2, 3, 3, 3, 3, 3, 3, 3, 2, 1, 1, 1, 0, 0, 0, 0, 1, 2, 3, 3, 3, 3, 2, 2, 1, 0, 0, 1, 1, 0, 1, 0, 0, 0, 1, 0], "robot_directions": [0, 0, 3, 3, 3, 3, 3, 3, 3, 3, 3, 0, 0, 0, 0, 0, 3, 3, 3, 3, 3, 3, 3, 3, 3, 3, 3, 3, 3, 3, 3, 3, 3, 3, 2, 2, 2, 2, 2, 2, 2, 2, 2, 2, 2, 3, 3, 3, 3, 3, 3, 3, 0, 0, 0], "action_accs": [-1, 0, 0, 1, 0, 1, -1, 0, -1, 0, 0, 1, 1, -1, -1, 0, 1, 0, 1, 1, 0, 0, 0, 0, 0, 0, -1, -1, 0, 0, -1, 0, 0, 0, 1, 1, 1, 0, 0, 0, -1, 0, -1, -1, 0, 1, 0, -1, 1, -1, 0, 0, 1, -1], "action_rots": [0, -1, 0, 0, 0, 0, 0, 0, 0, 0, 1, 0, 0, 0, 0, -1, 0, 0, 0, 0, 0, 0, 0, 0, 0, 0, 0, 0, 0, 0, 0, 0, 0, -1, 0, 0, 0, 0, 0, 0, 0, 0, 0, 0, 1, 0, 0, 0, 0, 0, 0, 1, 0, 0], "steps": 54, "is_goal": true}