{"map_file_path": "grid_maps/Wiconisco/occ_grid_small.txt", "start_pos": [61, 43], "goal_pos": [46, 3], "robot_rows": [61, 61, 61, 61, 61, 60, 58, 55, 52, 49, 47, 46, 46, 46, 46, 46, 46, 46, 46, 46, 46, 46, 46, 46, 46, 46, 46, 46, 46, 46, 46], "robot_cols": [43, 43, 42, 42, 42, 42, 42, 42, 42, 42, 42, 42, 42, 42, 41, 39, 36, 33, 30, 28, 25, 22, 19, 16, 13, 10, 7, 5, 4, 3, 3], "robot_speeds": [0, 0, 1, 0, 0, 1, 2, 3, 3, 3, 2, 1, 0, 0, 1, 2, 3, 3, 3, 2, 3, 3, 3, 3, 3, 3, 3, 2, 1, 1, 0], "robot_directions": [0, 0, 0, 0, 1, 1, 1, 1, 1, 1, 1, 1, 1, 0, 0, 0, 0, 0, 0, 0, 0, 0, 0, 0, 0, 0, 0, 0, 0, 0, 0], "action_accs": [-1, 1, -1, 0, 1, 1, 1, 0, 1, -1, -1, -1, 0, 1, 1, 1, 0, 0, -1, 1, 0, 0, 0, 1, 0, 0, -1, -1, 0, -1], "action_rots": [0, 0, 0, 1, 0, 0, 0, 0, 0, 0, 0, 0, -1, 0, 0, 0, 0, 0, 0, 0, 0, 0, 0, 0, 0, 0, 0, 0, 0, 0], "steps": 30, "is_goal": true}