{"map_file_path": "grid_maps/Ihlen/occ_grid_small.txt", "start_pos": [54, 55], "goal_pos": [18, 94], "robot_rows": [54, 54, 54, 54, 54, 53, 52, 50, 47, 44, 41, 38, 35, 32, 29, 26, 23, 21, 19, 18, 18, 18, 18, 18, 18, 18, 18, 18, 18, 18, 18, 18, 18, 18, 18, 18, 18, 18, 18, 18], "robot_cols": [55, 55, 54, 54, 54, 54, 54, 54, 54, 54, 54, 54, 54, 54, 54, 54, 54, 54, 54, 54, 54, 54, 54, 55, 57, 60, 63, 66, 69, 72, 75, 78, 81, 83, 86, 89, 91, 93, 94, 94], "robot_speeds": [0, 0, 1, 0, 0, 1, 1, 2, 3, 3, 3, 3, 3, 3, 3, 3, 3, 2, 2, 1, 0, 0, 0, 1, 2, 3, 3, 3, 3, 3, 3, 3, 3, 2, 3, 3, 2, 2, 1, 0], "robot_directions": [0, 0, 0, 0, 1, 1, 1, 1, 1, 1, 1, 1, 1, 1, 1, 1, 1, 1, 1, 1, 1, 2, 2, 2, 2, 2, 2, 2, 2, 2, 2, 2, 2, 2, 2, 2, 2, 2, 2, 2], "action_accs": [-1, 1, -1, 0, 1, 0, 1, 1, 0, 0, 0, 0, 0, 0, 0, 0, -1, 0, -1, -1, 0, 0, 1, 1, 1, 0, 0, 0, 1, 0, 0, 0, -1, 1, 0, -1, 0, -1, -1], "action_rots": [0, 0, 0, 1, 0, 0, 0, 0, 0, 0, 0, 0, 0, 0, 0, 0, 0, 0, 0, 0, 1, 0, 0, 0, 0, 0, 0, 0, 0, 0, 0, 0, 0, 0, 0, 0, 0, 0, 0], "steps": 39, "is_goal": true}