{"map_file_path": "grid_maps/Ihlen/occ_grid_small.txt", "start_pos": [21, 55], "goal_pos": [61, 82], "robot_rows": [21, 21, 21, 21, 21, 21, 22, 24, 27, 30, 33, 36, 39, 42, 45, 48, 50, 51, 52, 52, 52, 52, 52, 52, 52, 52, 52, 52, 52, 52, 52, 52, 52, 52, 52, 53, 55, 58, 60, 61, 61], "robot_cols": [55, 55, 54, 53, 53, 53, 53, 53, 53, 53, 53, 53, 53, 53, 53, 53, 53, 53, 53, 53, 53, 54, 56, 59, 62, 65, 68, 71, 74, 77, 79, 81, 82, 82, 82, 82, 82, 82, 82, 82, 82], "robot_speeds": [0, 0, 1, 1, 0, 0, 1, 2, 3, 3, 3, 3, 3, 3, 3, 3, 2, 1, 1, 0, 0, 1, 2, 3, 3, 3, 3, 3, 3, 3, 2, 2, 1, 0, 0, 1, 2, 3, 2, 1, 0], "robot_directions": [0, 0, 0, 0, 0, 3, 3, 3, 3, 3, 3, 3, 3, 3, 3, 3, 3, 3, 3, 3, 2, 2, 2, 2, 2, 2, 2, 2, 2, 2, 2, 2, 2, 2, 3, 3, 3, 3, 3, 3, 3], "action_accs": [-1, 1, 0, -1, 0, 1, 1, 1, 0, 0, 0, 0, 0, 0, 0, -1, -1, 0, -1, 0, 1, 1, 1, 0, 0, 0, 0, 0, 0, -1, 0, -1, -1, 0, 1, 1, 1, -1, -1, -1], "action_rots": [0, 0, 0, 0, -1, 0, 0, 0, 0, 0, 0, 0, 0, 0, 0, 0, 0, 0, 0, -1, 0, 0, 0, 0, 0, 0, 0, 0, 0, 0, 0, 0, 0, 1, 0, 0, 0, 0, 0, 0], "steps": 40, "is_goal": true}