{"map_file_path": "grid_maps/Ihlen/occ_grid_small.txt", "start_pos": [79, 14], "goal_pos": [95, 61], "robot_rows": [79, 79, 79, 79, 79, 79, 79, 79, 79, 79, 79, 79, 79, 79, 79, 79, 79, 79, 79, 79, 79, 79, 79, 79, 79, 79, 79, 80, 82, 85, 88, 91, 94, 96, 97, 97, 97, 97, 96, 95, 95], "robot_cols": [14, 14, 14, 14, 14, 15, 17, 19, 22, 25, 28, 31, 34, 37, 39, 42, 45, 48, 51, 54, 57, 59, 60, 61, 61, 61, 61, 61, 61, 61, 61, 61, 61, 61, 61, 61, 61, 61, 61, 61, 61], "robot_speeds": [0, 0, 0, 0, 0, 1, 2, 2, 3, 3, 3, 3, 3, 3, 2, 3, 3, 3, 3, 3, 3, 2, 1, 1, 0, 0, 0, 1, 2, 3, 3, 3, 3, 2, 1, 0, 0, 0, 1, 1, 0], "robot_directions": [0, 0, 3, 2, 2, 2, 2, 2, 2, 2, 2, 2, 2, 2, 2, 2, 2, 2, 2, 2, 2, 2, 2, 2, 2, 3, 3, 3, 3, 3, 3, 3, 3, 3, 3, 3, 0, 1, 1, 1, 1], "action_accs": [-1, 0, 0, 0, 1, 1, 0, 1, 0, 0, 0, 0, 0, -1, 1, 0, 0, 0, 0, 0, -1, -1, 0, -1, 0, 0, 1, 1, 1, 0, 1, 0, -1, -1, 0, 0, 0, 1, 0, -1], "action_rots": [0, -1, -1, 0, 0, 0, 0, 0, 0, 0, 0, 0, 0, 0, 0, 0, 0, 0, 0, 0, 0, 0, 0, 0, 1, 0, 0, 0, 0, 0, 0, 0, 0, 0, 0, 1, 1, 0, 0, 0], "steps": 40, "is_goal": true}