{"map_file_path": "grid_maps/Ihlen/occ_grid_small.txt", "start_pos": [62, 54], "goal_pos": [17, 8], "robot_rows": [62, 62, 62, 61, 59, 56, 53, 50, 47, 44, 41, 38, 35, 32, 29, 26, 23, 20, 18, 17, 16, 16, 16, 16, 16, 16, 16, 16, 16, 16, 16, 16, 16, 16, 16, 16, 16, 16, 16, 16, 16, 16, 16, 16, 16, 17, 18, 18, 18, 18, 18, 17, 17], "robot_cols": [54, 54, 54, 54, 54, 54, 54, 54, 54, 54, 54, 54, 54, 54, 54, 54, 54, 54, 54, 54, 54, 54, 54, 53, 51, 49, 46, 43, 40, 37, 35, 32, 30, 27, 24, 21, 18, 15, 12, 10, 9, 9, 8, 8, 8, 8, 8, 8, 8, 8, 8, 8, 8], "robot_speeds": [0, 0, 0, 1, 2, 3, 3, 3, 3, 3, 3, 3, 3, 3, 3, 3, 3, 3, 2, 1, 1, 0, 0, 1, 2, 2, 3, 3, 3, 3, 2, 3, 2, 3, 3, 3, 3, 3, 3, 2, 1, 0, 1, 0, 0, 1, 1, 0, 0, 0, 0, 1, 0], "robot_directions": [0, 0, 1, 1, 1, 1, 1, 1, 1, 1, 1, 1, 1, 1, 1, 1, 1, 1, 1, 1, 1, 1, 0, 0, 0, 0, 0, 0, 0, 0, 0, 0, 0, 0, 0, 0, 0, 0, 0, 0, 0, 0, 0, 0, 3, 3, 3, 3, 3, 0, 1, 1, 1], "action_accs": [-1, 0, 1, 1, 1, 0, 0, 1, 0, 0, 0, 0, 0, 0, 0, 0, 1, -1, -1, 0, -1, 0, 1, 1, 0, 1, 0, 0, 0, -1, 1, -1, 1, 0, 0, 0, 0, 0, -1, -1, -1, 1, -1, 0, 1, 0, -1, 0, 0, 0, 1, -1], "action_rots": [0, 1, 0, 0, 0, 0, 0, 0, 0, 0, 0, 0, 0, 0, 0, 0, 0, 0, 0, 0, 0, -1, 0, 0, 0, 0, 0, 0, 0, 0, 0, 0, 0, 0, 0, 0, 0, 0, 0, 0, 0, 0, 0, -1, 0, 0, 0, 0, 1, 1, 0, 0], "steps": 52, "is_goal": true}