{"map_file_path": "grid_maps/Ihlen/occ_grid_small.txt", "start_pos": [5, 8], "goal_pos": [11, 64], "robot_rows": [5, 5, 5, 5, 5, 5, 5, 5, 5, 5, 5, 5, 5, 5, 5, 5, 5, 5, 5, 5, 5, 5, 5, 5, 6, 8, 10, 11, 11, 11, 11, 11, 11, 11, 11, 11], "robot_cols": [8, 8, 8, 8, 9, 11, 14, 16, 19, 22, 25, 28, 31, 34, 37, 40, 43, 46, 49, 52, 54, 55, 55, 55, 55, 55, 55, 55, 55, 55, 56, 58, 61, 63, 64, 64], "robot_speeds": [0, 0, 0, 0, 1, 2, 3, 2, 3, 3, 3, 3, 3, 3, 3, 3, 3, 3, 3, 3, 2, 1, 0, 0, 1, 2, 2, 1, 0, 0, 1, 2, 3, 2, 1, 0], "robot_directions": [0, 0, 3, 2, 2, 2, 2, 2, 2, 2, 2, 2, 2, 2, 2, 2, 2, 2, 2, 2, 2, 2, 2, 3, 3, 3, 3, 3, 3, 2, 2, 2, 2, 2, 2, 2], "action_accs": [-1, 0, 0, 1, 1, 1, -1, 1, 1, 0, 0, 0, 0, 0, 0, 0, 1, 0, 0, -1, -1, -1, 0, 1, 1, 0, -1, -1, 0, 1, 1, 1, -1, -1, -1], "action_rots": [0, -1, -1, 0, 0, 0, 0, 0, 0, 0, 0, 0, 0, 0, 0, 0, 0, 0, 0, 0, 0, 0, 1, 0, 0, 0, 0, 0, -1, 0, 0, 0, 0, 0, 0], "steps": 35, "is_goal": true}