{"map_file_path": "grid_maps/Ihlen/occ_grid_small.txt", "start_pos": [7, 80], "goal_pos": [60, 52], "robot_rows": [7, 7, 7, 8, 9, 9, 9, 9, 9, 9, 9, 9, 9, 9, 9, 9, 9, 9, 9, 9, 9, 9, 9, 9, 9, 9, 9, 9, 9, 9, 9, 9, 10, 11, 13, 16, 19, 22, 25, 28, 31, 34, 37, 40, 43, 46, 49, 52, 55, 57, 59, 60, 60, 60, 60, 60, 60], "robot_cols": [80, 80, 80, 80, 80, 80, 80, 79, 77, 74, 72, 69, 66, 63, 60, 57, 55, 53, 51, 49, 48, 48, 48, 48, 48, 48, 49, 51, 52, 53, 53, 53, 53, 53, 53, 53, 53, 53, 53, 53, 53, 53, 53, 53, 53, 53, 53, 53, 53, 53, 53, 53, 53, 53, 53, 52, 52], "robot_speeds": [0, 0, 0, 1, 1, 0, 0, 1, 2, 3, 2, 3, 3, 3, 3, 3, 2, 2, 2, 2, 1, 0, 0, 0, 0, 0, 1, 2, 1, 1, 0, 0, 1, 1, 2, 3, 3, 3, 3, 3, 3, 3, 3, 3, 3, 3, 3, 3, 3, 2, 2, 1, 0, 0, 0, 1, 0], "robot_directions": [0, 0, 3, 3, 3, 3, 0, 0, 0, 0, 0, 0, 0, 0, 0, 0, 0, 0, 0, 0, 0, 0, 3, 3, 2, 2, 2, 2, 2, 2, 2, 3, 3, 3, 3, 3, 3, 3, 3, 3, 3, 3, 3, 3, 3, 3, 3, 3, 3, 3, 3, 3, 3, 3, 0, 0, 0], "action_accs": [0, 0, 1, 0, -1, 0, 1, 1, 1, -1, 1, 0, 0, 0, 0, -1, 0, 0, 0, -1, -1, 0, 0, 0, 0, 1, 1, -1, 0, -1, 0, 1, 0, 1, 1, 0, 0, 0, 0, 0, 0, 0, 0, 0, 0, 0, 0, 0, -1, 0, -1, -1, 0, 0, 1, -1], "action_rots": [0, -1, 0, 0, 0, 1, 0, 0, 0, 0, 0, 0, 0, 0, 0, 0, 0, 0, 0, 0, 0, -1, 0, -1, 0, 0, 0, 0, 0, 0, 1, 0, 0, 0, 0, 0, 0, 0, 0, 0, 0, 0, 0, 0, 0, 0, 0, 0, 0, 0, 0, 0, 0, 1, 0, 0], "steps": 56, "is_goal": true}