{"map_file_path": "grid_maps/Ihlen/occ_grid_small.txt", "start_pos": [83, 39], "goal_pos": [47, 69], "robot_rows": [83, 83, 83, 83, 83, 83, 83, 83, 83, 83, 83, 83, 83, 83, 83, 83, 83, 83, 83, 82, 80, 77, 74, 71, 69, 67, 64, 61, 58, 55, 52, 50, 49, 49, 49, 49, 49, 49, 49, 49, 49, 49, 49, 49, 49, 48, 47, 47], "robot_cols": [39, 39, 39, 39, 39, 40, 42, 45, 48, 51, 54, 56, 57, 57, 57, 57, 56, 56, 56, 56, 56, 56, 56, 56, 56, 56, 56, 56, 56, 56, 56, 56, 56, 56, 56, 57, 59, 61, 64, 66, 68, 69, 69, 69, 69, 69, 69, 69], "robot_speeds": [0, 0, 0, 0, 0, 1, 2, 3, 3, 3, 3, 2, 1, 0, 0, 0, 1, 0, 0, 1, 2, 3, 3, 3, 2, 2, 3, 3, 3, 3, 3, 2, 1, 0, 0, 1, 2, 2, 3, 2, 2, 1, 0, 0, 0, 1, 1, 0], "robot_directions": [0, 0, 3, 3, 2, 2, 2, 2, 2, 2, 2, 2, 2, 2, 3, 0, 0, 0, 1, 1, 1, 1, 1, 1, 1, 1, 1, 1, 1, 1, 1, 1, 1, 1, 2, 2, 2, 2, 2, 2, 2, 2, 2, 1, 1, 1, 1, 1], "action_accs": [-1, 0, 0, 0, 1, 1, 1, 0, 1, 0, -1, -1, -1, 0, 0, 1, -1, 0, 1, 1, 1, 0, 0, -1, 0, 1, 0, 0, 0, 0, -1, -1, -1, 0, 1, 1, 0, 1, -1, 0, -1, -1, 0, 0, 1, 0, -1], "action_rots": [0, -1, 0, -1, 0, 0, 0, 0, 0, 0, 0, 0, 0, 1, 1, 0, 0, 1, 0, 0, 0, 0, 0, 0, 0, 0, 0, 0, 0, 0, 0, 0, 0, 1, 0, 0, 0, 0, 0, 0, 0, 0, -1, 0, 0, 0, 0], "steps": 47, "is_goal": true}