{"map_file_path": "grid_maps/Ihlen/occ_grid_small.txt", "start_pos": [24, 48], "goal_pos": [96, 12], "robot_rows": [24, 24, 24, 24, 24, 24, 24, 24, 25, 27, 30, 33, 36, 39, 42, 45, 48, 51, 54, 57, 59, 62, 65, 68, 71, 74, 76, 78, 80, 81, 81, 81, 81, 81, 81, 81, 81, 81, 81, 81, 81, 81, 81, 81, 81, 81, 81, 81, 81, 81, 81, 81, 82, 84, 87, 89, 92, 94, 95, 96, 96, 96, 96, 96, 96, 96, 96, 96, 96, 96, 96, 96], "robot_cols": [48, 48, 48, 48, 49, 50, 50, 50, 50, 50, 50, 50, 50, 50, 50, 50, 50, 50, 50, 50, 50, 50, 50, 50, 50, 50, 50, 50, 50, 50, 50, 50, 49, 47, 44, 41, 38, 35, 32, 29, 26, 23, 20, 17, 14, 11, 9, 7, 6, 6, 6, 6, 6, 6, 6, 6, 6, 6, 6, 6, 6, 6, 7, 9, 11, 12, 13, 13, 13, 13, 12, 12], "robot_speeds": [0, 0, 0, 0, 1, 1, 0, 0, 1, 2, 3, 3, 3, 3, 3, 3, 3, 3, 3, 3, 2, 3, 3, 3, 3, 3, 2, 2, 2, 1, 0, 0, 1, 2, 3, 3, 3, 3, 3, 3, 3, 3, 3, 3, 3, 3, 2, 2, 1, 0, 0, 0, 1, 2, 3, 2, 3, 2, 1, 1, 0, 0, 1, 2, 2, 1, 1, 0, 0, 0, 1, 0], "robot_directions": [0, 0, 3, 2, 2, 2, 2, 3, 3, 3, 3, 3, 3, 3, 3, 3, 3, 3, 3, 3, 3, 3, 3, 3, 3, 3, 3, 3, 3, 3, 3, 0, 0, 0, 0, 0, 0, 0, 0, 0, 0, 0, 0, 0, 0, 0, 0, 0, 0, 0, 3, 3, 3, 3, 3, 3, 3, 3, 3, 3, 3, 2, 2, 2, 2, 2, 2, 2, 3, 0, 0, 0], "action_accs": [-1, 0, 0, 1, 0, -1, 0, 1, 1, 1, 0, 0, 0, 0, 0, 0, 0, 0, 0, -1, 1, 0, 0, 0, 0, -1, 0, 0, -1, -1, 0, 1, 1, 1, 0, 0, 0, 0, 0, 0, 0, 0, 0, 0, 0, -1, 0, -1, -1, 0, 0, 1, 1, 1, -1, 1, -1, -1, 0, -1, 0, 1, 1, 0, -1, 0, -1, 0, 0, 1, -1], "action_rots": [0, -1, -1, 0, 0, 0, 1, 0, 0, 0, 0, 0, 0, 0, 0, 0, 0, 0, 0, 0, 0, 0, 0, 0, 0, 0, 0, 0, 0, 0, 1, 0, 0, 0, 0, 0, 0, 0, 0, 0, 0, 0, 0, 0, 0, 0, 0, 0, 0, -1, 0, 0, 0, 0, 0, 0, 0, 0, 0, 0, -1, 0, 0, 0, 0, 0, 0, 1, 1, 0, 0], "steps": 71, "is_goal": true}