{"map_file_path": "grid_maps/Ihlen/occ_grid_small.txt", "start_pos": [18, 32], "goal_pos": [29, 71], "robot_rows": [18, 18, 18, 17, 17, 17, 17, 16, 16, 16, 16, 16, 16, 16, 16, 16, 16, 16, 16, 16, 16, 16, 16, 16, 16, 16, 16, 16, 16, 16, 16, 16, 17, 19, 22, 25, 27, 28, 29, 29, 29, 29, 29, 29], "robot_cols": [32, 32, 32, 32, 32, 32, 32, 32, 32, 32, 33, 35, 38, 40, 43, 46, 49, 52, 55, 58, 61, 64, 66, 68, 69, 70, 70, 70, 70, 69, 69, 69, 69, 69, 69, 69, 69, 69, 69, 69, 69, 70, 71, 71], "robot_speeds": [0, 0, 0, 1, 0, 0, 0, 1, 0, 0, 1, 2, 3, 2, 3, 3, 3, 3, 3, 3, 3, 3, 2, 2, 1, 1, 0, 0, 0, 1, 0, 0, 1, 2, 3, 3, 2, 1, 1, 0, 0, 1, 1, 0], "robot_directions": [0, 0, 1, 1, 1, 1, 1, 1, 1, 2, 2, 2, 2, 2, 2, 2, 2, 2, 2, 2, 2, 2, 2, 2, 2, 2, 2, 3, 0, 0, 0, 3, 3, 3, 3, 3, 3, 3, 3, 3, 2, 2, 2, 2], "action_accs": [-1, 0, 1, -1, 0, 0, 1, -1, 0, 1, 1, 1, -1, 1, 0, 0, 0, 0, 0, 0, 0, -1, 0, -1, 0, -1, 0, 0, 1, -1, 0, 1, 1, 1, 0, -1, -1, 0, -1, 0, 1, 0, -1], "action_rots": [0, 1, 0, 0, 0, 0, 0, 0, 1, 0, 0, 0, 0, 0, 0, 0, 0, 0, 0, 0, 0, 0, 0, 0, 0, 0, 1, 1, 0, 0, -1, 0, 0, 0, 0, 0, 0, 0, 0, -1, 0, 0, 0], "steps": 43, "is_goal": true}