{"map_file_path": "grid_maps/Wiconisco/occ_grid_small.txt", "start_pos": [44, 75], "goal_pos": [53, 26], "robot_rows": [44, 44, 44, 44, 44, 45, 46, 48, 50, 52, 53, 53, 53, 53, 53, 53, 53, 53, 53, 53, 53, 53, 53, 53, 53, 53, 53, 53, 52, 50, 47, 45, 44, 43, 43, 43, 43, 43, 43, 43, 43, 43, 43, 43, 43, 43, 43, 43, 44, 46, 49, 51, 53, 55, 56, 56, 56, 56, 55, 54, 53, 53], "robot_cols": [75, 75, 75, 75, 75, 75, 75, 75, 75, 75, 75, 75, 75, 75, 74, 72, 69, 66, 63, 60, 57, 54, 51, 49, 48, 47, 47, 47, 47, 47, 47, 47, 47, 47, 47, 47, 46, 44, 41, 38, 36, 33, 30, 28, 27, 26, 26, 26, 26, 26, 26, 26, 26, 26, 26, 26, 26, 26, 26, 26, 26, 26], "robot_speeds": [0, 0, 0, 0, 0, 1, 1, 2, 2, 2, 1, 0, 0, 0, 1, 2, 3, 3, 3, 3, 3, 3, 3, 2, 1, 1, 0, 0, 1, 2, 3, 2, 1, 1, 0, 0, 1, 2, 3, 3, 2, 3, 3, 2, 1, 1, 0, 0, 1, 2, 3, 2, 2, 2, 1, 0, 0, 0, 1, 1, 1, 0], "robot_directions": [0, 0, 0, 3, 3, 3, 3, 3, 3, 3, 3, 3, 3, 0, 0, 0, 0, 0, 0, 0, 0, 0, 0, 0, 0, 0, 0, 1, 1, 1, 1, 1, 1, 1, 1, 0, 0, 0, 0, 0, 0, 0, 0, 0, 0, 0, 0, 3, 3, 3, 3, 3, 3, 3, 3, 3, 0, 1, 1, 1, 1, 1], "action_accs": [-1, 0, 0, 0, 1, 0, 1, 0, 0, -1, -1, 0, 0, 1, 1, 1, 0, 0, 0, 0, 0, 1, -1, -1, 0, -1, 0, 1, 1, 1, -1, -1, 0, -1, 0, 1, 1, 1, 0, -1, 1, 0, -1, -1, 0, -1, 0, 1, 1, 1, -1, 0, 0, -1, -1, 0, 0, 1, 0, 0, -1], "action_rots": [0, 0, -1, 0, 0, 0, 0, 0, 0, 0, 0, 0, 1, 0, 0, 0, 0, 0, 0, 0, 0, 0, 0, 0, 0, 0, 1, 0, 0, 0, 0, 0, 0, 0, -1, 0, 0, 0, 0, 0, 0, 0, 0, 0, 0, 0, -1, 0, 0, 0, 0, 0, 0, 0, 0, 1, 1, 0, 0, 0, 0], "steps": 61, "is_goal": true}