{"map_file_path": "grid_maps/Ihlen/occ_grid_small.txt", "start_pos": [45, 48], "goal_pos": [34, 89], "robot_rows": [45, 45, 45, 46, 48, 49, 50, 50, 50, 50, 50, 50, 50, 50, 50, 50, 50, 50, 50, 50, 50, 50, 50, 50, 50, 49, 48, 46, 43, 40, 37, 35, 34, 34, 34, 34, 34, 34, 34, 34, 34], "robot_cols": [48, 48, 48, 48, 48, 48, 48, 48, 48, 49, 51, 54, 57, 60, 63, 66, 68, 71, 74, 77, 79, 80, 81, 81, 81, 81, 81, 81, 81, 81, 81, 81, 81, 81, 81, 82, 84, 86, 88, 89, 89], "robot_speeds": [0, 0, 0, 1, 2, 1, 1, 0, 0, 1, 2, 3, 3, 3, 3, 3, 2, 3, 3, 3, 2, 1, 1, 0, 0, 1, 1, 2, 3, 3, 3, 2, 1, 0, 0, 1, 2, 2, 2, 1, 0], "robot_directions": [0, 0, 3, 3, 3, 3, 3, 3, 2, 2, 2, 2, 2, 2, 2, 2, 2, 2, 2, 2, 2, 2, 2, 2, 1, 1, 1, 1, 1, 1, 1, 1, 1, 1, 2, 2, 2, 2, 2, 2, 2], "action_accs": [-1, 0, 1, 1, -1, 0, -1, 0, 1, 1, 1, 0, 0, 0, 0, -1, 1, 0, 0, -1, -1, 0, -1, 0, 1, 0, 1, 1, 0, 0, -1, -1, -1, 0, 1, 1, 0, 0, -1, -1], "action_rots": [0, -1, 0, 0, 0, 0, 0, -1, 0, 0, 0, 0, 0, 0, 0, 0, 0, 0, 0, 0, 0, 0, 0, -1, 0, 0, 0, 0, 0, 0, 0, 0, 0, 1, 0, 0, 0, 0, 0, 0], "steps": 40, "is_goal": true}