{"map_file_path": "grid_maps/Wiconisco/occ_grid_small.txt", "start_pos": [13, 55], "goal_pos": [60, 44], "robot_rows": [13, 13, 14, 16, 17, 17, 17, 17, 17, 17, 17, 17, 17, 17, 17, 17, 17, 18, 20, 23, 26, 29, 32, 35, 38, 40, 43, 46, 49, 52, 55, 58, 60, 61, 61, 61, 61, 61, 61, 61, 61, 60, 60], "robot_cols": [55, 55, 55, 55, 55, 55, 55, 55, 54, 52, 49, 46, 44, 43, 42, 42, 42, 42, 42, 42, 42, 42, 42, 42, 42, 42, 42, 42, 42, 42, 42, 42, 42, 42, 42, 42, 42, 43, 44, 44, 44, 44, 44], "robot_speeds": [0, 0, 1, 2, 1, 0, 0, 0, 1, 2, 3, 3, 2, 1, 1, 0, 0, 1, 2, 3, 3, 3, 3, 3, 3, 2, 3, 3, 3, 3, 3, 3, 2, 1, 0, 0, 0, 1, 1, 0, 0, 1, 0], "robot_directions": [0, 3, 3, 3, 3, 3, 3, 0, 0, 0, 0, 0, 0, 0, 0, 0, 3, 3, 3, 3, 3, 3, 3, 3, 3, 3, 3, 3, 3, 3, 3, 3, 3, 3, 3, 2, 2, 2, 2, 2, 1, 1, 1], "action_accs": [0, 1, 1, -1, -1, 0, 0, 1, 1, 1, 0, -1, -1, 0, -1, 0, 1, 1, 1, 0, 0, 0, 0, 0, -1, 1, 0, 0, 0, 0, 0, -1, -1, -1, 0, 0, 1, 0, -1, 0, 1, -1], "action_rots": [-1, 0, 0, 0, 0, 0, 1, 0, 0, 0, 0, 0, 0, 0, 0, -1, 0, 0, 0, 0, 0, 0, 0, 0, 0, 0, 0, 0, 0, 0, 0, 0, 0, 0, -1, 0, 0, 0, 0, -1, 0, 0], "steps": 42, "is_goal": true}