{"map_file_path": "grid_maps/Ihlen/occ_grid_small.txt", "start_pos": [14, 64], "goal_pos": [85, 16], "robot_rows": [14, 14, 14, 14, 14, 14, 14, 14, 14, 14, 15, 17, 20, 23, 26, 29, 32, 34, 37, 40, 43, 46, 49, 52, 55, 57, 60, 63, 66, 69, 72, 75, 78, 81, 83, 83, 83, 83, 83, 83, 83, 83, 83, 83, 83, 83, 83, 83, 83, 83, 83, 83, 83, 83, 84, 85, 85], "robot_cols": [64, 64, 63, 61, 58, 55, 53, 52, 52, 52, 52, 52, 52, 52, 52, 52, 52, 52, 52, 52, 52, 52, 52, 52, 52, 52, 52, 52, 52, 52, 52, 52, 52, 52, 52, 52, 52, 51, 49, 46, 43, 40, 37, 34, 31, 28, 25, 22, 20, 18, 17, 16, 16, 16, 16, 16, 16], "robot_speeds": [0, 0, 1, 2, 3, 3, 2, 1, 0, 0, 1, 2, 3, 3, 3, 3, 3, 2, 3, 3, 3, 3, 3, 3, 3, 2, 3, 3, 3, 3, 3, 3, 3, 3, 2, 0, 0, 1, 2, 3, 3, 3, 3, 3, 3, 3, 3, 3, 2, 2, 1, 1, 0, 0, 1, 1, 0], "robot_directions": [0, 0, 0, 0, 0, 0, 0, 0, 0, 3, 3, 3, 3, 3, 3, 3, 3, 3, 3, 3, 3, 3, 3, 3, 3, 3, 3, 3, 3, 3, 3, 3, 3, 3, 3, 3, 0, 0, 0, 0, 0, 0, 0, 0, 0, 0, 0, 0, 0, 0, 0, 0, 0, 3, 3, 3, 3], "action_accs": [-1, 1, 1, 1, 0, -1, -1, -1, 0, 1, 1, 1, 0, 0, 0, 0, -1, 1, 0, 0, 0, 0, 0, 1, -1, 1, 0, 0, 0, 0, 0, 0, 0, -1, 0, 0, 1, 1, 1, 0, 0, 0, 0, 0, 0, 0, 0, -1, 0, -1, 0, -1, 0, 1, 0, -1], "action_rots": [0, 0, 0, 0, 0, 0, 0, 0, -1, 0, 0, 0, 0, 0, 0, 0, 0, 0, 0, 0, 0, 0, 0, 0, 0, 0, 0, 0, 0, 0, 0, 0, 0, 0, 0, 1, 0, 0, 0, 0, 0, 0, 0, 0, 0, 0, 0, 0, 0, 0, 0, 0, -1, 0, 0, 0], "steps": 56, "is_goal": true}