{"map_file_path": "grid_maps/Ihlen/occ_grid_small.txt", "start_pos": [19, 86], "goal_pos": [87, 27], "robot_rows": [19, 19, 19, 18, 18, 18, 18, 18, 18, 18, 18, 18, 18, 18, 18, 18, 18, 18, 18, 18, 18, 18, 18, 18, 19, 21, 24, 27, 30, 33, 36, 39, 42, 45, 48, 51, 54, 57, 60, 63, 66, 69, 72, 75, 78, 80, 82, 83, 83, 83, 83, 83, 83, 83, 83, 83, 83, 83, 83, 83, 83, 83, 83, 84, 86, 87, 88, 88, 88, 88, 88, 88, 87, 87], "robot_cols": [86, 86, 86, 86, 86, 86, 85, 83, 80, 77, 74, 71, 68, 65, 63, 60, 57, 55, 53, 52, 51, 50, 50, 50, 50, 50, 50, 50, 50, 50, 50, 50, 50, 50, 50, 50, 50, 50, 50, 50, 50, 50, 50, 50, 50, 50, 50, 50, 50, 50, 49, 48, 46, 43, 40, 37, 34, 31, 29, 27, 26, 26, 26, 26, 26, 26, 26, 26, 26, 27, 27, 27, 27, 27], "robot_speeds": [0, 0, 0, 1, 0, 0, 1, 2, 3, 3, 3, 3, 3, 3, 2, 3, 3, 2, 2, 1, 1, 1, 0, 0, 1, 2, 3, 3, 3, 3, 3, 3, 3, 3, 3, 3, 3, 3, 3, 3, 3, 3, 3, 3, 3, 2, 2, 1, 0, 0, 1, 1, 2, 3, 3, 3, 3, 3, 2, 2, 1, 0, 0, 1, 2, 1, 1, 0, 0, 1, 0, 0, 1, 0], "robot_directions": [0, 0, 1, 1, 1, 0, 0, 0, 0, 0, 0, 0, 0, 0, 0, 0, 0, 0, 0, 0, 0, 0, 0, 3, 3, 3, 3, 3, 3, 3, 3, 3, 3, 3, 3, 3, 3, 3, 3, 3, 3, 3, 3, 3, 3, 3, 3, 3, 3, 0, 0, 0, 0, 0, 0, 0, 0, 0, 0, 0, 0, 0, 3, 3, 3, 3, 3, 3, 2, 2, 2, 1, 1, 1], "action_accs": [-1, 0, 1, -1, 0, 1, 1, 1, 0, 0, 0, 0, 0, -1, 1, 0, -1, 0, -1, 0, 0, -1, 0, 1, 1, 1, 0, 0, 0, 0, 0, 1, 0, 0, 0, 0, 0, 0, 0, 0, 0, 0, 0, 0, -1, 0, -1, -1, 0, 1, 0, 1, 1, 0, 0, 0, 0, -1, 0, -1, -1, 0, 1, 1, -1, 0, -1, 0, 1, -1, 0, 1, -1], "action_rots": [0, 1, 0, 0, -1, 0, 0, 0, 0, 0, 0, 0, 0, 0, 0, 0, 0, 0, 0, 0, 0, 0, -1, 0, 0, 0, 0, 0, 0, 0, 0, 0, 0, 0, 0, 0, 0, 0, 0, 0, 0, 0, 0, 0, 0, 0, 0, 0, 1, 0, 0, 0, 0, 0, 0, 0, 0, 0, 0, 0, 0, -1, 0, 0, 0, 0, 0, -1, 0, 0, -1, 0, 0], "steps": 73, "is_goal": true}